{
  "f8e6b000-5643-4b86-9080-aa680ce1f599": {
    "asset": 1549769688000,
    "meta": 1549769688000,
    "relativePath": "image"
  },
  "71561142-4c83-4933-afca-cb7a17f67053": {
    "asset": 1549769688000,
    "meta": 1566549110850,
    "relativePath": "image/default_btn_disabled.png"
  },
  "e851e89b-faa2-4484-bea6-5c01dd9f06e2": {
    "asset": 1549769688000,
    "meta": 1566549110854,
    "relativePath": "image/default_btn_normal.png"
  },
  "b43ff3c2-02bb-4874-81f7-f2dea6970f18": {
    "asset": 1549769688000,
    "meta": 1566549110866,
    "relativePath": "image/default_btn_pressed.png"
  },
  "edd215b9-2796-4a05-aaf5-81f96c9281ce": {
    "asset": 1549769688000,
    "meta": 1566549110876,
    "relativePath": "image/default_editbox_bg.png"
  },
  "d81ec8ad-247c-4e62-aa3c-d35c4193c7af": {
    "asset": 1549769688000,
    "meta": 1566549110889,
    "relativePath": "image/default_panel.png"
  },
  "99170b0b-d210-46f1-b213-7d9e3f23098a": {
    "asset": 1549769688000,
    "meta": 1566549110893,
    "relativePath": "image/default_progressbar_bg.png"
  },
  "cfef78f1-c8df-49b7-8ed0-4c953ace2621": {
    "asset": 1549769688000,
    "meta": 1566549110901,
    "relativePath": "image/default_progressbar.png"
  },
  "567dcd80-8bf4-4535-8a5a-313f1caf078a": {
    "asset": 1549769688000,
    "meta": 1566549110905,
    "relativePath": "image/default_radio_button_off.png"
  },
  "9d60001f-b5f4-4726-a629-2659e3ded0b8": {
    "asset": 1549769688000,
    "meta": 1566549110923,
    "relativePath": "image/default_radio_button_on.png"
  },
  "4bab67cb-18e6-4099-b840-355f0473f890": {
    "asset": 1549769688000,
    "meta": 1566549110921,
    "relativePath": "image/default_scrollbar_bg.png"
  },
  "617323dd-11f4-4dd3-8eec-0caf6b3b45b9": {
    "asset": 1549769688000,
    "meta": 1566549110940,
    "relativePath": "image/default_scrollbar_vertical_bg.png"
  },
  "d6d3ca85-4681-47c1-b5dd-d036a9d39ea2": {
    "asset": 1549769688000,
    "meta": 1566549110942,
    "relativePath": "image/default_scrollbar_vertical.png"
  },
  "0291c134-b3da-4098-b7b5-e397edbe947f": {
    "asset": 1549769688000,
    "meta": 1566549110964,
    "relativePath": "image/default_scrollbar.png"
  },
  "0275e94c-56a7-410f-bd1a-fc7483f7d14a": {
    "asset": 1549769688000,
    "meta": 1566549110961,
    "relativePath": "image/default_sprite_splash.png"
  },
  "73a0903d-d80e-4e3c-aa67-f999543c08f5": {
    "asset": 1549769688000,
    "meta": 1566549110985,
    "relativePath": "image/default_toggle_checkmark.png"
  },
  "6e056173-d285-473c-b206-40a7fff5386e": {
    "asset": 1549769688000,
    "meta": 1566549110983,
    "relativePath": "image/default_sprite.png"
  },
  "c25b9d50-c8fc-4d27-beeb-6e7c1f2e5c0f": {
    "asset": 1549769688000,
    "meta": 1566549111001,
    "relativePath": "image/default_toggle_disabled.png"
  },
  "d29077ba-1627-4a72-9579-7b56a235340c": {
    "asset": 1549769688000,
    "meta": 1566549111004,
    "relativePath": "image/default_toggle_normal.png"
  },
  "fc09f9bd-2cce-4605-b630-8145ef809ed6": {
    "asset": 1549769688000,
    "meta": 1549769688000,
    "relativePath": "misc"
  },
  "2be36297-9abb-4fee-8049-9ed5e271da8a": {
    "asset": 1549769688000,
    "meta": 1566549111012,
    "relativePath": "misc/default_video.mp4"
  },
  "b181c1e4-0a72-4a91-bfb0-ae6f36ca60bd": {
    "asset": 1549769688000,
    "meta": 1566549111018,
    "relativePath": "image/default_toggle_pressed.png"
  },
  "f6e6dd15-71d1-4ffe-ace7-24fd39942c05": {
    "asset": 1549769688000,
    "meta": 1549769688000,
    "relativePath": "obsolete"
  },
  "f743d2b6-b7ea-4c14-a55b-547ed4d0a045": {
    "asset": 1549769688000,
    "meta": 1549769688000,
    "relativePath": "particle"
  },
  "b8223619-7e38-47c4-841f-9160c232495a": {
    "asset": 1549769688000,
    "meta": 1566549111122,
    "relativePath": "obsolete/atom.plist"
  },
  "8a96b965-2dc0-4e03-aa90-3b79cb93b5b4": {
    "asset": 1549769688000,
    "meta": 1566549111035,
    "relativePath": "obsolete/atom.png"
  },
  "b2687ac4-099e-403c-a192-ff477686f4f5": {
    "asset": 1549769688000,
    "meta": 1566549111123,
    "relativePath": "particle/atom.plist"
  },
  "ae6c6c98-11e4-452f-8758-75f5c6a56e83": {
    "asset": 1549769688000,
    "meta": 1549769688000,
    "relativePath": "prefab"
  },
  "d0a82d39-bede-46c4-b698-c81ff0dedfff": {
    "asset": 1549769688000,
    "meta": 1566549111043,
    "relativePath": "particle/atom.png"
  },
  "972b9a4d-47ee-4c74-b5c3-61d8a69bc29f": {
    "asset": 1549769688000,
    "meta": 1566549111041,
    "relativePath": "prefab/button.prefab"
  },
  "2c937608-2562-40ea-b264-7395df6f0cea": {
    "asset": 1549769688000,
    "meta": 1566549111047,
    "relativePath": "prefab/canvas.prefab"
  },
  "61aeb05b-3b32-452b-8eed-2b76deeed554": {
    "asset": 1549769688000,
    "meta": 1566549111047,
    "relativePath": "prefab/editbox.prefab"
  },
  "27756ebb-3d33-44b0-9b96-e858fadd4dd4": {
    "asset": 1549769688000,
    "meta": 1566549111050,
    "relativePath": "prefab/label.prefab"
  },
  "785a442c-3ceb-45be-a46e-7317f625f3b9": {
    "asset": 1549769688000,
    "meta": 1566549111051,
    "relativePath": "prefab/layout.prefab"
  },
  "ca8401fe-ad6e-41a8-bd46-8e3e4e9945be": {
    "asset": 1549769688000,
    "meta": 1566549111054,
    "relativePath": "prefab/pageview.prefab"
  },
  "cd33edea-55f5-46c2-958d-357a01384a36": {
    "asset": 1549769688000,
    "meta": 1566549111055,
    "relativePath": "prefab/particlesystem.prefab"
  },
  "5965ffac-69da-4b55-bcde-9225d0613c28": {
    "asset": 1549769688000,
    "meta": 1566549111057,
    "relativePath": "prefab/progressBar.prefab"
  },
  "4a37dd57-78cd-4cec-aad4-f11a73d12b63": {
    "asset": 1549769688000,
    "meta": 1566549111058,
    "relativePath": "prefab/richtext.prefab"
  },
  "32044bd2-481f-4cf1-a656-e2b2fb1594eb": {
    "asset": 1549769688000,
    "meta": 1566549111064,
    "relativePath": "prefab/scrollview.prefab"
  },
  "1f55e3be-b89b-4b79-88de-47fd31018044": {
    "asset": 1549769688000,
    "meta": 1566549111067,
    "relativePath": "prefab/sprite_splash.prefab"
  },
  "0004d1cf-a0ad-47d8-ab17-34d3db9d35a3": {
    "asset": 1549769688000,
    "meta": 1566549111065,
    "relativePath": "prefab/slider.prefab"
  },
  "96083d03-c332-4a3f-9386-d03e2d19e8ee": {
    "asset": 1549769688000,
    "meta": 1566549111068,
    "relativePath": "prefab/sprite.prefab"
  },
  "7de03a80-4457-438d-95a7-3e7cdffd6086": {
    "asset": 1549769688000,
    "meta": 1566549111071,
    "relativePath": "prefab/tiledmap.prefab"
  },
  "0e42ba95-1fa1-46aa-b2cf-143cd1bcee2c": {
    "asset": 1549769688000,
    "meta": 1566549111071,
    "relativePath": "prefab/tiledtile.prefab"
  },
  "0d784963-d024-4ea6-a7db-03be0ad63010": {
    "asset": 1549769688000,
    "meta": 1566549111077,
    "relativePath": "prefab/toggle.prefab"
  },
  "bf0a434c-84dd-4a8e-a08a-7a36f180cc75": {
    "asset": 1549769688000,
    "meta": 1566549111076,
    "relativePath": "prefab/toggleContainer.prefab"
  },
  "d1b8be49-b0a0-435c-83b7-552bed4bbe35": {
    "asset": 1549769688000,
    "meta": 1566549111080,
    "relativePath": "prefab/toggleGroup.prefab"
  },
  "232d2782-c4bd-4bb4-9e01-909f03d6d3b9": {
    "asset": 1549769688000,
    "meta": 1566549111081,
    "relativePath": "prefab/videoplayer.prefab"
  },
  "8c5001fd-07ee-4a4b-a8a0-63e15195e94d": {
    "asset": 1549769688000,
    "meta": 1566549111085,
    "relativePath": "prefab/webview.prefab"
  },
  "2c570caf-4d1c-43c0-8fb1-2ab4c65c3621": {
    "asset": 1554187572563,
    "meta": 1545891992000,
    "relativePath": "resources"
  },
  "241262bf-0fdf-458b-8f55-fe1b0855848d": {
    "asset": 1554187572564,
    "meta": 1554187572563,
    "relativePath": "resources/animations"
  },
  "3bef709d-9727-442b-a351-bb73341979e1": {
    "asset": 1552623874043,
    "meta": 1563785611932,
    "relativePath": "resources/animations/toastgoal_show.anim"
  },
  "2b334169-eba1-4ab6-863d-803bff921164": {
    "asset": 1557020660538,
    "meta": 1545891992000,
    "relativePath": "resources/image"
  },
  "fe5bce78-8db5-4199-8db1-fd9e566a1af1": {
    "asset": 1554173096693,
    "meta": 1545881674000,
    "relativePath": "resources/image/bg"
  },
  "6aa0aa6a-ebee-4155-a088-a687a6aadec4": {
    "asset": 1545378936000,
    "meta": 1563785611960,
    "relativePath": "resources/HelloWorld.png"
  },
  "87595b67-a180-454c-aff8-1974c688c6db": {
    "asset": 1542024160000,
    "meta": 1563785612006,
    "relativePath": "resources/image/bg/bg_0.jpg"
  },
  "0cdb6465-2a5b-40b2-9183-c18047c5359f": {
    "asset": 1554187572577,
    "meta": 1545881674000,
    "relativePath": "resources/image/common"
  },
  "ac85eaa8-7428-4e24-bad1-c67739a052a6": {
    "asset": 1542024160000,
    "meta": 1563785612023,
    "relativePath": "resources/image/common/btn_cheng.png"
  },
  "5e90ef16-28c8-4ea2-a66f-6457c148ee70": {
    "asset": 1542024160000,
    "meta": 1563785612053,
    "relativePath": "resources/image/common/btn_close.png"
  },
  "29a67f06-2104-4739-9130-9fce9708ada2": {
    "asset": 1545979134000,
    "meta": 1563785612017,
    "relativePath": "resources/image/bg/bg.jpg"
  },
  "e8d56876-bb66-4794-bdcf-907f1096a1ae": {
    "asset": 1542024160000,
    "meta": 1563785612056,
    "relativePath": "resources/image/common/btn_gray_2.png"
  },
  "aaadf338-1c46-4538-9a17-9c8fc47e0350": {
    "asset": 1542024160000,
    "meta": 1563785612079,
    "relativePath": "resources/image/common/btn_gray.png"
  },
  "1efeb6ec-3396-4259-adc3-f6d643a2ca28": {
    "asset": 1542024162000,
    "meta": 1563785612084,
    "relativePath": "resources/image/common/btn_green_1.png"
  },
  "bbfefb0f-a19e-4e3e-b7c0-f1348576cb42": {
    "asset": 1542024160000,
    "meta": 1563785612100,
    "relativePath": "resources/image/common/btn_green.png"
  },
  "5649962a-9d73-4fbd-833c-eb6f160fe3b8": {
    "asset": 1542024160000,
    "meta": 1563785612130,
    "relativePath": "resources/image/common/btn_huang2.png"
  },
  "4320679e-ca7f-4f67-89fa-7c4fb13f188c": {
    "asset": 1542024160000,
    "meta": 1563785612112,
    "relativePath": "resources/image/common/btn_huang.png"
  },
  "1e895872-f75a-4440-8fae-f67f1828b252": {
    "asset": 1542024160000,
    "meta": 1563785612137,
    "relativePath": "resources/image/common/btn_purple.png"
  },
  "3cc6dfc3-7fd1-4807-ba44-ddbf5db7be35": {
    "asset": 1542024160000,
    "meta": 1563785612143,
    "relativePath": "resources/image/common/btn_red.png"
  },
  "0cf72683-8ab7-4159-ba1a-5cc71112bfef": {
    "asset": 1542024160000,
    "meta": 1563785612179,
    "relativePath": "resources/image/common/icon_laba.png"
  },
  "353ca8ae-783e-4cf5-9416-0dc7bc862fbe": {
    "asset": 1542024160000,
    "meta": 1563785612182,
    "relativePath": "resources/image/common/btn_red2.png"
  },
  "722b1c8b-b239-4eaf-aac8-2bf0745fd54d": {
    "asset": 1542024162000,
    "meta": 1563785612221,
    "relativePath": "resources/image/common/loading_bg.png"
  },
  "8e47d0c4-30b4-4a70-9751-fe633a6e48c0": {
    "asset": 1542024162000,
    "meta": 1563785612219,
    "relativePath": "resources/image/common/loading.png"
  },
  "0a2eceb8-bad5-474e-abb0-812984e1264c": {
    "asset": 1542024162000,
    "meta": 1563785612241,
    "relativePath": "resources/image/common/loading0.png"
  },
  "140b3c90-fe71-4879-99da-6b23b99b4c8b": {
    "asset": 1539605448000,
    "meta": 1563785612252,
    "relativePath": "resources/image/common/pro_circle.png"
  },
  "845e01a9-bf19-4fb9-9056-52da93581f20": {
    "asset": 1542024160000,
    "meta": 1563785612256,
    "relativePath": "resources/image/common/splash.png"
  },
  "a7220d06-71cc-4fbb-8641-3de67850c2e5": {
    "asset": 1552626405008,
    "meta": 1563785612278,
    "relativePath": "resources/image/common/toast_info.png"
  },
  "53408f4b-67f0-4a56-87bb-7bbbea46b264": {
    "asset": 1552626405007,
    "meta": 1563785612272,
    "relativePath": "resources/image/common/toast_goal.png"
  },
  "42d336d7-e7ca-443e-9160-97fb53790ff2": {
    "asset": 1554173096714,
    "meta": 1545881674000,
    "relativePath": "resources/image/font"
  },
  "6f2b7618-1485-4580-b787-0367b6a9d071": {
    "asset": 1542024160000,
    "meta": 1563785618984,
    "relativePath": "resources/image/font/num1.fnt"
  },
  "45d5819a-3aa4-425c-a8ce-141f55532dd4": {
    "asset": 1542024160000,
    "meta": 1563785612295,
    "relativePath": "resources/image/common/toast.png"
  },
  "78eb135d-8a06-4027-98c1-cbb767136e59": {
    "asset": 1554173096716,
    "meta": 1548140300000,
    "relativePath": "resources/image/frappy"
  },
  "f2316e7b-3de0-46e1-9a56-09fdb16a4924": {
    "asset": 1542024160000,
    "meta": 1563785612341,
    "relativePath": "resources/image/font/num1.png"
  },
  "6c652e51-aa2f-45cf-8e33-03a12a0b2ce4": {
    "asset": 1542024160000,
    "meta": 1563785612332,
    "relativePath": "resources/image/frappy/img_long.png"
  },
  "b1effa8c-8571-40b4-ae29-69be5b0233aa": {
    "asset": 1554777741471,
    "meta": 1554776862335,
    "relativePath": "resources/image/pinball"
  },
  "27c1433b-db0b-4e3b-8cff-0459e6fe61e0": {
    "asset": 1554776769056,
    "meta": 1563785612363,
    "relativePath": "resources/image/pinball/ball.png"
  },
  "522e268b-8867-41b8-8c03-4a9d53c35fde": {
    "asset": 1554777709147,
    "meta": 1563785612366,
    "relativePath": "resources/image/pinball/board.png"
  },
  "ee040f5c-5522-4107-b875-9674917a848b": {
    "asset": 1557105838756,
    "meta": 1557020660539,
    "relativePath": "resources/image/tank"
  },
  "1eb26187-107b-4581-abe2-06e17ee7e113": {
    "asset": 1557028221794,
    "meta": 1563785612387,
    "relativePath": "resources/image/tank/boom.png"
  },
  "397ab0b9-a452-4711-9f0a-2bd737c0e2ce": {
    "asset": 1557022198679,
    "meta": 1563785612389,
    "relativePath": "resources/image/tank/bullet.png"
  },
  "6b917075-6819-4932-969b-2c0413cbb7cf": {
    "asset": 1557021301205,
    "meta": 1563785612409,
    "relativePath": "resources/image/tank/plane.png"
  },
  "5a8fa565-cf56-4bf5-a312-d109cec435c1": {
    "asset": 1557020878285,
    "meta": 1563785612423,
    "relativePath": "resources/image/tank/yuan_bg.png"
  },
  "eb91bb55-0d64-4ef6-89cd-bb4fea40c280": {
    "asset": 1554173096730,
    "meta": 1545978914000,
    "relativePath": "resources/image/test"
  },
  "29e70ab2-d83a-4e93-aece-31754a81bef2": {
    "asset": 1557020780272,
    "meta": 1563785612428,
    "relativePath": "resources/image/tank/yuan_stick.png"
  },
  "fa969c8b-6231-4a97-8abc-1b5bf30924f2": {
    "asset": 1542024160000,
    "meta": 1563785612493,
    "relativePath": "resources/image/test/bg1_1.png"
  },
  "04350dda-bbaa-408d-a65c-8bce76fb9553": {
    "asset": 1542024160000,
    "meta": 1563785612458,
    "relativePath": "resources/image/test/bg4.png"
  },
  "7c175fc5-5dc0-4658-b555-5bdda8227a94": {
    "asset": 1542024160000,
    "meta": 1563785612496,
    "relativePath": "resources/image/test/chat_bg_2.png"
  },
  "30ae10bd-9259-4f11-aac9-c2f9ed649563": {
    "asset": 1542024160000,
    "meta": 1563785612549,
    "relativePath": "resources/image/test/chat_list_1.png"
  },
  "1285ef08-bbbc-4290-98d9-896b7868f009": {
    "asset": 1542024160000,
    "meta": 1563785612551,
    "relativePath": "resources/image/test/chat_list_2.png"
  },
  "833d3e74-e0ca-4755-8f43-2cbfab1225b0": {
    "asset": 1542024162000,
    "meta": 1563785612574,
    "relativePath": "resources/image/test/farmer_bg1.png"
  },
  "d062ae3f-e61b-4185-aba2-a3ef7bafa642": {
    "asset": 1542024162000,
    "meta": 1563785612572,
    "relativePath": "resources/image/test/farmer_bg2.png"
  },
  "4e8aa25d-ad02-4bc1-9e72-75479f847736": {
    "asset": 1542024162000,
    "meta": 1563785612608,
    "relativePath": "resources/image/test/farmer_bg3.png"
  },
  "e5160fd0-2f4e-420e-92c4-f1a4bda2fdc7": {
    "asset": 1542024162000,
    "meta": 1563785612612,
    "relativePath": "resources/image/test/farmer_bg4.png"
  },
  "b238781c-bcf2-448a-a6c2-e6f7d1072ce2": {
    "asset": 1542024162000,
    "meta": 1563785612634,
    "relativePath": "resources/image/test/farmer_bg5.png"
  },
  "c061f9a9-3e14-4b51-9d3f-8ff057aa01af": {
    "asset": 1539605448000,
    "meta": 1563785612636,
    "relativePath": "resources/image/test/hero.png"
  },
  "0291b33c-75ee-4fe5-97ab-239097b49a1c": {
    "asset": 1542024160000,
    "meta": 1563785612665,
    "relativePath": "resources/image/test/scene_kuang.png"
  },
  "b33e69be-48e1-4ed5-9a18-39eb29dadaa4": {
    "asset": 1542024160000,
    "meta": 1563785612678,
    "relativePath": "resources/image/test/share_photo_bg4.png"
  },
  "6edd4af6-1c7a-4949-a4b6-d2ff36a9ebbd": {
    "asset": 1542024162000,
    "meta": 1563785612693,
    "relativePath": "resources/image/test/yuan_1.png"
  },
  "0b7a8b07-81d3-4b6b-a8ef-17c6c16fa6be": {
    "asset": 1542024162000,
    "meta": 1563785612706,
    "relativePath": "resources/image/test/yuan_2.png"
  },
  "6fd4dbb9-c995-43db-9fc7-b6f0cef22933": {
    "asset": 1554173096736,
    "meta": 1547450504000,
    "relativePath": "resources/particle"
  },
  "a577ac12-cab6-4a99-ab33-bba8d37dee1e": {
    "asset": 1542024162000,
    "meta": 1563785612725,
    "relativePath": "resources/image/test/yuan_3.png"
  },
  "b290a501-3a18-4dff-99d8-92608206c1e1": {
    "asset": 1545707474000,
    "meta": 1563785612728,
    "relativePath": "resources/particle/rain_water.png"
  },
  "ae4f3a87-603f-458a-9ea4-c0600bd1d055": {
    "asset": 1545707474000,
    "meta": 1566356647695,
    "relativePath": "resources/particle/rain_water.plist"
  },
  "e2873b3b-2a6e-4928-89dc-9338a717affe": {
    "asset": 1545707474000,
    "meta": 1566356647697,
    "relativePath": "resources/particle/rain.plist"
  },
  "bcfc6d9e-a096-416a-8364-5e6869587193": {
    "asset": 1545707474000,
    "meta": 1563785612750,
    "relativePath": "resources/particle/shouge_chedou_star.png"
  },
  "03babf4e-733c-4d13-ac90-fe995eb3046b": {
    "asset": 1545707474000,
    "meta": 1566356647704,
    "relativePath": "resources/particle/shouge_chedou_star.plist"
  },
  "a13452b5-759d-498e-9cdb-2d4b97d28f90": {
    "asset": 1566374333481,
    "meta": 1545967622000,
    "relativePath": "resources/prefabs"
  },
  "9f911953-2094-43f1-bb73-df408edd52c4": {
    "asset": 1554195310823,
    "meta": 1563785612754,
    "relativePath": "resources/prefabs/frappydragon.prefab"
  },
  "302a9144-e67c-4004-aa9c-d77d0fe81fbd": {
    "asset": 1545707474000,
    "meta": 1563785612757,
    "relativePath": "resources/particle/rain.png"
  },
  "26b1bb78-d9f4-4c85-acd8-0a2c079924c1": {
    "asset": 1554803679730,
    "meta": 1563785612763,
    "relativePath": "resources/prefabs/pinball.prefab"
  },
  "4b9022a8-5cfc-4c89-8730-1698ca2eaaca": {
    "asset": 1554710785979,
    "meta": 1563785612760,
    "relativePath": "resources/prefabs/frappyunlimit.prefab"
  },
  "7002a259-3948-4cf8-990f-11417dc0565a": {
    "asset": 1557739127391,
    "meta": 1563785612766,
    "relativePath": "resources/prefabs/tank.prefab"
  },
  "ba63dead-4d8c-44a5-b6e5-6be4a5dbd432": {
    "asset": 1554258417214,
    "meta": 1563785612769,
    "relativePath": "resources/prefabs/test.prefab"
  },
  "af632474-f7a5-4d48-b21c-291556dedfd4": {
    "asset": 1554198062447,
    "meta": 1563785612772,
    "relativePath": "resources/prefabs/toast.prefab"
  },
  "04ca4a71-6cd1-48e1-aacf-01517d854244": {
    "asset": 1554195204026,
    "meta": 1547457112000,
    "relativePath": "resources/spine"
  },
  "edd4ced4-3d1c-4f75-b3bb-ff87e2b5a815": {
    "asset": 1539605448000,
    "meta": 1563785612778,
    "relativePath": "resources/spine/boluo.atlas"
  },
  "a8027877-d8d6-4645-97a0-52d4a0123dba": {
    "asset": 1545378936000,
    "meta": 1563785612796,
    "relativePath": "resources/singleColor.png"
  },
  "096dd9ac-cd80-4866-8da9-227abdd40b85": {
    "asset": 1552623874481,
    "meta": 1563785612815,
    "relativePath": "resources/spine/long.atlas"
  },
  "53b36b30-9dad-4733-8a3d-f0a63d02748d": {
    "asset": 1539605448000,
    "meta": 1563785619064,
    "relativePath": "resources/spine/boluo.json"
  },
  "3e4ab12e-69d9-497e-a350-c2d0ab4d870e": {
    "asset": 1552623874483,
    "meta": 1563785619087,
    "relativePath": "resources/spine/long.json"
  },
  "2038af46-3d39-4a2b-ad6b-7bc37fdb3787": {
    "asset": 1539605448000,
    "meta": 1563785612832,
    "relativePath": "resources/spine/boluo.png"
  },
  "957b5e78-d7ce-4843-b5ed-c517f9791a90": {
    "asset": 1552626404762,
    "meta": 1563785612836,
    "relativePath": "resources/spine/longmao.atlas"
  },
  "24192e0c-8d91-46b8-b0e7-0416e437fe18": {
    "asset": 1552623874485,
    "meta": 1563785612865,
    "relativePath": "resources/spine/long.png"
  },
  "255f4d94-96e4-4f8e-bc79-39d7955365ab": {
    "asset": 1552626404764,
    "meta": 1563785612867,
    "relativePath": "resources/spine/longmao.png"
  },
  "29f52784-2fca-467b-92e7-8fd9ef8c57b7": {
    "asset": 1554173096749,
    "meta": 1545378936000,
    "relativePath": "Scene"
  },
  "2d2f792f-a40c-49bb-a189-ed176a246e49": {
    "asset": 1546937786000,
    "meta": 1566356647678,
    "relativePath": "Scene/helloworld.fire"
  },
  "a73b57d0-cc92-4752-a52c-f0724cba88d4": {
    "asset": 1552626404763,
    "meta": 1563785619093,
    "relativePath": "resources/spine/longmao.json"
  },
  "4734c20c-0db8-4eb2-92ea-e692f4d70934": {
    "asset": 1562911807394,
    "meta": 1545378936000,
    "relativePath": "Script"
  },
  "fd216b29-79f2-41f8-ac78-4b4d0cf8618d": {
    "asset": 1566380031168,
    "meta": 1566380031177,
    "relativePath": "Scene/xgame.fire"
  },
  "381f910c-b79d-4b33-a490-3deaae502007": {
    "asset": 1562911807388,
    "meta": 1545881674000,
    "relativePath": "Script/comp"
  },
  "7d608e0a-3092-48d2-a951-0e7212b81822": {
    "asset": 1563785799242,
    "meta": 1545881674000,
    "relativePath": "Script/config"
  },
  "b5dde400-dfc6-4fd4-a1b0-9c3f85e39691": {
    "asset": 1562814138853,
    "meta": 1563785613411,
    "relativePath": "Script/comp/CustomScrollView.ts"
  },
  "836e8185-0dba-46dd-99e6-c6e953db9f29": {
    "asset": 1554176352973,
    "meta": 1545881674000,
    "relativePath": "Script/core"
  },
  "a53f8dd2-eb7f-4ea1-aaa0-211995b9f5a5": {
    "asset": 1554188185246,
    "meta": 1563785616948,
    "relativePath": "Script/core/Core.ts"
  },
  "6b81a5f7-c4ac-47a9-8f5b-0a44199414b9": {
    "asset": 1542024162000,
    "meta": 1563785616904,
    "relativePath": "Script/core/cocosext.d.ts"
  },
  "89592dca-424b-46d8-8a08-0cc198d8cd6b": {
    "asset": 1545891810000,
    "meta": 1563785616955,
    "relativePath": "Script/core/Dialog.ts"
  },
  "be11d0dc-a852-4ac0-8687-4a291dc84793": {
    "asset": 1554176189877,
    "meta": 1563785616960,
    "relativePath": "Script/core/GlobalEmit.ts"
  },
  "62e7a789-3890-47d7-a546-c811e79cd08d": {
    "asset": 1539605450000,
    "meta": 1563785617398,
    "relativePath": "Script/core/Linq.d.ts"
  },
  "2f93f742-78e5-4b4f-9b4c-0a936834d9f8": {
    "asset": 1539605450000,
    "meta": 1563785617435,
    "relativePath": "Script/core/Linq.js"
  },
  "777bf636-7071-47d7-8785-e0f522884fee": {
    "asset": 1545707474000,
    "meta": 1563785617487,
    "relativePath": "Script/core/Log.ts"
  },
  "f4f5f0a6-57b1-4ab0-a8fe-65e09352552b": {
    "asset": 1563519051760,
    "meta": 1563785617517,
    "relativePath": "Script/core/Scene.ts"
  },
  "e1b90feb-a217-4493-849d-9a611900d683": {
    "asset": 1563775464579,
    "meta": 1563785617524,
    "relativePath": "Script/Helloworld.ts"
  },
  "0231b7eb-14e1-4fdd-b539-1c1107168770": {
    "asset": 1554257455583,
    "meta": 1563785617538,
    "relativePath": "Script/Info.ts"
  },
  "1033f7a1-223a-43dd-830a-674b2290f735": {
    "asset": 1566374184882,
    "meta": 1545881674000,
    "relativePath": "Script/layers"
  },
  "670c32eb-1c7a-4b44-b946-b271eb4d36c3": {
    "asset": 1554173096762,
    "meta": 1548125318000,
    "relativePath": "Script/layers/frappy"
  },
  "345a29f5-dbb0-4bd7-827e-952425937a05": {
    "asset": 1554186897662,
    "meta": 1563785617583,
    "relativePath": "Script/layers/DToast.ts"
  },
  "898dbc7a-f5de-4ddc-9ca5-43807777badc": {
    "asset": 1554259201870,
    "meta": 1563785617592,
    "relativePath": "Script/layers/frappy/dragon_control.ts"
  },
  "bd5b849b-3e82-4ea6-bdbb-8b6eca0703a2": {
    "asset": 1548124764000,
    "meta": 1563785617614,
    "relativePath": "Script/layers/frappy/fra_follow.ts"
  },
  "022cbd95-be28-45f5-a56c-ccd6252c24ef": {
    "asset": 1554706074753,
    "meta": 1554270490063,
    "relativePath": "Script/layers/frappyunlimit"
  },
  "703294d3-aa6b-4bca-9a0d-1ea8dc09ab74": {
    "asset": 1554185687477,
    "meta": 1563785617647,
    "relativePath": "Script/layers/frappy/frappy.ts"
  },
  "34f96969-0230-45c6-8c4e-fcbc643e1224": {
    "asset": 1554716755904,
    "meta": 1563785617677,
    "relativePath": "Script/layers/frappyunlimit/block.ts"
  },
  "7e285afd-0350-46b4-9065-923f512aab9b": {
    "asset": 1554774570723,
    "meta": 1563785617688,
    "relativePath": "Script/layers/frappyunlimit/frappycontrol.ts"
  },
  "5c2631d0-b0c9-43a1-9d9a-59c9be4804cc": {
    "asset": 1554703776826,
    "meta": 1563785617741,
    "relativePath": "Script/layers/frappyunlimit/frappymanager.ts"
  },
  "64f1dd44-8933-402c-9604-ad2530b08a3f": {
    "asset": 1554717596001,
    "meta": 1563785617793,
    "relativePath": "Script/layers/frappyunlimit/frappyunlimit.ts"
  },
  "97b70f49-3055-4550-a0cb-4c53a5e67775": {
    "asset": 1554788921736,
    "meta": 1554778920677,
    "relativePath": "Script/layers/pinball"
  },
  "3a179d11-31f6-4c64-964f-daa0f3f9f797": {
    "asset": 1554803300706,
    "meta": 1563785617828,
    "relativePath": "Script/layers/pinball/ball.ts"
  },
  "bc740cc1-c145-4b9c-a935-18076f3b6f69": {
    "asset": 1554799236782,
    "meta": 1563785617849,
    "relativePath": "Script/layers/pinball/pinball.ts"
  },
  "9135b94e-8a21-48a3-9ac5-124956e85ea3": {
    "asset": 1557105838814,
    "meta": 1557021525755,
    "relativePath": "Script/layers/tank"
  },
  "23be1024-57e3-4a6b-bf0d-96615f00a8fe": {
    "asset": 1557741069840,
    "meta": 1563785617894,
    "relativePath": "Script/layers/tank/bullet.ts"
  },
  "e441a207-4614-4477-9742-aac5277ffbad": {
    "asset": 1557738059790,
    "meta": 1563785617913,
    "relativePath": "Script/layers/tank/tank.ts"
  },
  "e666d657-98ea-4caf-8511-f31b0e6c7b07": {
    "asset": 1557732009870,
    "meta": 1563785618010,
    "relativePath": "Script/layers/tank/tankControl.ts"
  },
  "023220f4-f1fc-45fe-a4b2-59416d05107d": {
    "asset": 1562912710065,
    "meta": 1563785618028,
    "relativePath": "Script/layers/tank/tankGame.ts"
  },
  "017b358b-3cc1-44ff-baa6-41e8d115846a": {
    "asset": 1554173096769,
    "meta": 1545984590000,
    "relativePath": "Script/layers/test"
  },
  "9668c45a-d88f-462a-b87d-88d5a0b33d1a": {
    "asset": 1547448942000,
    "meta": 1563785618090,
    "relativePath": "Script/layers/test/follow.ts"
  },
  "8078f654-f234-4d0a-beab-bdbef58542cd": {
    "asset": 1546567102000,
    "meta": 1563785618147,
    "relativePath": "Script/layers/test/heroControl_b.ts"
  },
  "fc0800f9-670c-4ff0-b66d-692f5d8d0c1e": {
    "asset": 1554258257999,
    "meta": 1563785618155,
    "relativePath": "Script/layers/test/heroControl.ts"
  },
  "403b7b3e-9736-4a02-8d97-e1b20c1f15f7": {
    "asset": 1554258247775,
    "meta": 1563785618177,
    "relativePath": "Script/layers/test/test.ts"
  },
  "371ec6e7-882a-42e0-bcae-ecb0c64e22e5": {
    "asset": 1562911807394,
    "meta": 1562911807394,
    "relativePath": "Script/login"
  },
  "ae5bf4ed-75e0-44e5-9d6a-c2dbd553c3e2": {
    "asset": 1546398812000,
    "meta": 1563785618198,
    "relativePath": "Script/layers/test/wall.ts"
  },
  "7bd29ce0-1f0b-426f-b5f8-0dd01f9daf99": {
    "asset": 1562665750956,
    "meta": 1563785618226,
    "relativePath": "Script/login/dataCheck.ts"
  },
  "e913bf31-b749-41af-a285-75364e16b28c": {
    "asset": 1562666352548,
    "meta": 1563785618263,
    "relativePath": "Script/login/login.ts"
  },
  "044cc0e0-5dbf-4fdc-8775-b35e91ff466e": {
    "asset": 1554173096771,
    "meta": 1545881674000,
    "relativePath": "Script/scenes"
  },
  "2061a930-f29a-4526-9ded-0cc058a4a81a": {
    "asset": 1554173096778,
    "meta": 1545881674000,
    "relativePath": "Script/storage"
  },
  "0d3e6e91-f588-4a6c-914b-4a3d9801b5b6": {
    "asset": 1563786974250,
    "meta": 1547001638000,
    "relativePath": "Script/storage/base"
  },
  "c193fec1-c9c7-4a85-a130-cff91c7bdedf": {
    "asset": 1539605450000,
    "meta": 1563785618271,
    "relativePath": "Script/storage/base/CV.ts"
  },
  "6565ee6b-fbb4-417d-aae9-651f46d3c039": {
    "asset": 1547002682000,
    "meta": 1563785618350,
    "relativePath": "Script/storage/base/LocalStorage.ts"
  },
  "d375d1d0-5558-411c-a50d-47fb9780cd4e": {
    "asset": 1554173096782,
    "meta": 1547001638000,
    "relativePath": "Script/storage/data"
  },
  "3e8eb3bc-40a5-418c-9a81-a536367a2475": {
    "asset": 1547003774000,
    "meta": 1563785618432,
    "relativePath": "Script/storage/data/LoginData.ts"
  },
  "7d11ba5e-0d90-4419-8af0-19808f49f6be": {
    "asset": 1547003394000,
    "meta": 1563785618442,
    "relativePath": "Script/storage/data/StorageCenter.ts"
  },
  "6b3eaaf2-bc7e-4392-b321-1dc311f6e7c8": {
    "asset": 1562911954467,
    "meta": 1545881674000,
    "relativePath": "Script/utils"
  },
  "86e79b8a-af34-4109-9800-8bd1ca77b7c9": {
    "asset": 1547003716000,
    "meta": 1563785618445,
    "relativePath": "Script/storage/data/UserData.ts"
  },
  "d8348f49-d49e-4f1e-800f-3ee238d9bcc0": {
    "asset": 1554173096788,
    "meta": 1546414122000,
    "relativePath": "Script/utils/crypt"
  },
  "fcad4a1c-d109-4994-a482-ac2e7233739b": {
    "asset": 1539605450000,
    "meta": 1563785618690,
    "relativePath": "Script/utils/crypt/Base64.js"
  },
  "35dab27d-c4e1-40b7-bcb8-23f8997708db": {
    "asset": 1539605450000,
    "meta": 1563785618570,
    "relativePath": "Script/utils/crypt/Base64.d.ts"
  },
  "5a74ef09-ee0c-42af-aaf6-abca898f5372": {
    "asset": 1545707474000,
    "meta": 1563785618782,
    "relativePath": "Script/utils/crypt/md5.ts"
  },
  "6c0595bc-0865-4a9e-8210-ca3385544f77": {
    "asset": 1539605450000,
    "meta": 1563785618797,
    "relativePath": "Script/utils/crypt/xxtea.ts"
  },
  "5db009fb-2258-4127-b896-30f83bd50ee0": {
    "asset": 1562665198651,
    "meta": 1563785618823,
    "relativePath": "Script/utils/logicChain.ts"
  },
  "a00fddb1-1997-42b8-bb79-5b6d1c74d020": {
    "asset": 1562911807399,
    "meta": 1562911807398,
    "relativePath": "Script/utils/net"
  },
  "1e0ef7ca-7ad4-4fed-9c5e-0f67f1bf2908": {
    "asset": 1562750253563,
    "meta": 1563785618849,
    "relativePath": "Script/utils/net/GameClient.ts"
  },
  "e0232351-0d17-413a-b070-982a5d8a9be3": {
    "asset": 1562912008538,
    "meta": 1563785618902,
    "relativePath": "Script/utils/net/HttpClient.ts"
  },
  "6df97aba-8c2c-4e6a-8acc-77717eed74c8": {
    "asset": 1562911998597,
    "meta": 1563785618958,
    "relativePath": "Script/utils/net/HttpGameClient.ts"
  },
  "c9173ff2-7597-4c3c-814d-41c00b81f4f2": {
    "asset": 1562659081394,
    "meta": 1563785618973,
    "relativePath": "Script/utils/redpointUtil.ts"
  },
  "3b644aa8-4081-4391-8c64-569fd462ec6e": {
    "asset": 1547001576000,
    "meta": 1547001638000,
    "relativePath": "Script/utils/storage"
  },
  "56815fe8-da5a-4f78-9cb0-b51e84f409a7": {
    "asset": 1563765858564,
    "meta": 1563785618974,
    "relativePath": "Script/utils/utilTest.ts"
  },
  "e63fea8c-4f9d-4583-9715-c85a9a258d61": {
    "asset": 1563785799242,
    "meta": 1563785799240,
    "relativePath": "Script/config/cfg"
  },
  "ff023466-b874-42dd-8d69-aa12e6778b42": {
    "asset": 1563775072676,
    "meta": 1563785812295,
    "relativePath": "Script/config/cfg/cropconfig.ts"
  },
  "7e6f5d52-82bd-4844-9c82-41f89ac5dcbe": {
    "asset": 1563775072677,
    "meta": 1563785812327,
    "relativePath": "Script/config/cfg/table.json"
  },
  "65adf62c-f83b-4038-89e0-d87ec4d5593e": {
    "asset": 1563787476454,
    "meta": 1563785799242,
    "relativePath": "Script/config/lib"
  },
  "fd80dada-9f9a-4891-a9a0-7f908f217ee7": {
    "asset": 1563785407228,
    "meta": 1563785812398,
    "relativePath": "Script/config/cfg/TableInit.ts"
  },
  "08684067-852f-41e1-8a8f-6ddbd52f8e17": {
    "asset": 1563327972889,
    "meta": 1563785812844,
    "relativePath": "Script/config/lib/encrypt.ts"
  },
  "df1868b1-1a2c-4082-8a46-b0ba9a6cabd3": {
    "asset": 1539605450000,
    "meta": 1563787476642,
    "relativePath": "Script/config/lib/DataBase.ts"
  },
  "57f07fc7-5ce0-4ff1-9ee1-ba373cc82e97": {
    "asset": 1563786998387,
    "meta": 1563787476729,
    "relativePath": "Script/config/lib/ConfigTool.ts"
  },
  "be45d79f-d462-4fe2-9a05-eb63d98d3bd1": {
    "asset": 1563787044910,
    "meta": 1563787476816,
    "relativePath": "Script/storage/base/StorageBase.ts"
  },
  "c9dd9f84-2c04-428c-b64e-5246729ff1b2": {
    "asset": 1539605450000,
    "meta": 1563787476817,
    "relativePath": "Script/config/lib/SafeData.ts"
  },
  "dcc78999-c7be-4386-ba2f-3f307eb8e8fd": {
    "asset": 1566374333483,
    "meta": 1566374184882,
    "relativePath": "Script/layers/block"
  },
  "7061c996-226e-4ab1-a7a6-aa353d4ad933": {
    "asset": 1566380129321,
    "meta": 1566380129337,
    "relativePath": "resources/prefabs/russiablock.prefab"
  },
  "5fab8512-b3af-414b-8f20-936a18112364": {
    "asset": 1566379734255,
    "meta": 1566379911859,
    "relativePath": "Script/layers/block/MapHelper.ts"
  },
  "2cadb4b0-a30f-40e7-acb8-9923a300b373": {
    "asset": 1566549079266,
    "meta": 1566549111881,
    "relativePath": "Script/layers/block/RussiaBlock.ts"
  },
  "1a0d9f57-0fd1-4e62-974f-2954688142fb": {
    "asset": 1566381606923,
    "meta": 1566381742667,
    "relativePath": "Script/scenes/xgame.ts"
  }
}