{"skeleton":{"hash":"Y1zziCArQwQamZkTT6hlVLGDtM8","spine":"3.5.35","width":169.94,"height":212.03},"bones":[{"name":"root"},{"name":"feiji","parent":"root","rotation":0.35,"x":-17.57,"y":86.47,"scaleX":-0.58,"scaleY":0.581},{"name":"attack","parent":"feiji","x":-138.27,"y":47.71,"scaleX":-2,"scaleY":2},{"name":"qiang3","parent":"feiji","x":-3.8,"y":34.97},{"name":"shenti","parent":"qiang3","length":35.51,"rotation":99.28,"x":-1.18,"y":11.3},{"name":"zuoshou","parent":"shenti","length":35.76,"rotation":127.24,"x":21.84,"y":-20.98},{"name":"bone","parent":"zuoshou","length":36.83,"rotation":-13.86,"x":36.47,"y":-0.26},{"name":"youshou","parent":"shenti","length":42.54,"rotation":112.77,"x":36.78,"y":3.55},{"name":"bone2","parent":"youshou","length":39.3,"rotation":21.67,"x":42.54},{"name":"tou","parent":"shenti","length":68.71,"rotation":-3.94,"x":41.77,"y":0.68},{"name":"bone3","parent":"tou","x":-4.39,"y":37.47},{"name":"jiyi","parent":"feiji","length":63.52,"rotation":-15.3,"x":27.74,"y":-1.16},{"name":"daodan","parent":"jiyi","rotation":15.3,"x":8.29,"y":-39.08},{"name":"daodan2","parent":"root","rotation":-179.24,"x":587.06,"y":300.06,"scaleX":0.541,"scaleY":0.541},{"name":"daodan3","parent":"root","rotation":-179.24,"x":587.06,"y":451.67,"scaleX":0.542,"scaleY":0.542},{"name":"headbuff","parent":"root","x":0.28,"y":240,"transform":"noRotationOrReflection"},{"name":"qiang","parent":"feiji","x":-85.73,"y":55.67},{"name":"shouji","parent":"shenti","rotation":83.31,"x":19.13,"y":6.03,"transform":"noRotationOrReflection"},{"name":"shoujigensui","parent":"shenti","rotation":360,"x":19.13,"y":6.03},{"name":"yinying","parent":"root","scaleX":3,"scaleY":2},{"name":"yunxuan","parent":"tou","x":133.87,"y":2.89}],"slots":[{"name":"yinying","bone":"yinying","attachment":"yinying"},{"name":"feiji3","bone":"feiji","attachment":"feiji2"},{"name":"youshou","bone":"youshou","attachment":"youshou"},{"name":"shenti","bone":"shenti","attachment":"shenti"},{"name":"zuoshou","bone":"zuoshou","attachment":"zuoshou"},{"name":"tou","bone":"tou","attachment":"tou"},{"name":"feiji","bone":"feiji","attachment":"feiji"},{"name":"daodan","bone":"daodan","attachment":"daodan"},{"name":"daodan2","bone":"daodan2"},{"name":"daodan3","bone":"daodan3"},{"name":"jiyi","bone":"jiyi","attachment":"jiyi"},{"name":"qiang","bone":"qiang","attachment":"qiang"},{"name":"qiang3","bone":"qiang3"},{"name":"1","bone":"root","attachment":"1"},{"name":"shouji","bone":"shouji"},{"name":"shoujigensui","bone":"shoujigensui"},{"name":"yunxuan","bone":"yunxuan"},{"name":"headbuff","bone":"headbuff"},{"name":"attack (1)","bone":"attack"}],"path":[{"name":"2","order":0,"bones":["feiji"],"target":"1","rotateMix":0,"translateMix":0}],"skins":{"default":{"1":{"1":{"type":"path","lengths":[82.16,182.45,365.59,421.44,491.35],"vertexCount":15,"vertices":[-16.15,67.98,-1.77,72.26,8.95,75.02,36.09,73.38,77.25,93.2,117.86,112.4,130.83,145.54,125.12,173.09,111.74,238.09,9.66,253.55,-15.05,184.23,-21.56,166.09,-15.51,148.49,1.79,134.9,8.86,129.5]}},"attack (1)":{"attack (1)":{"x":35.11,"y":3.89,"width":144,"height":116},"attack (2)":{"x":35.11,"y":3.89,"rotation":-0.35,"width":144,"height":116},"attack (3)":{"x":35.11,"y":3.89,"rotation":-0.35,"width":144,"height":116},"attack (4)":{"x":35.11,"y":3.89,"rotation":-0.35,"width":144,"height":116},"attack (5)":{"x":35.11,"y":3.89,"rotation":-0.35,"width":144,"height":116},"attack (6)":{"x":35.11,"y":3.89,"rotation":-0.35,"width":144,"height":116},"attack (7)":{"x":35.11,"y":3.89,"rotation":-0.35,"width":144,"height":116}},"daodan":{"daodan":{"x":2.9,"y":1.66,"width":116,"height":52}},"daodan2":{"daodan":{"x":2.9,"y":1.66,"width":116,"height":52}},"daodan3":{"daodan":{"x":2.9,"y":1.66,"width":116,"height":52}},"feiji":{"feiji":{"x":-9.67,"y":17.62,"width":292,"height":194}},"feiji3":{"feiji2":{"x":-12.17,"y":53.62,"width":93,"height":66}},"jiyi":{"jiyi":{"x":24.36,"y":-9.12,"rotation":15.3,"width":155,"height":52}},"qiang":{"qiang":{"x":-17.94,"y":-3.05,"width":90,"height":40}},"qiang3":{"qiang2":{"x":-113.37,"y":15.65,"width":47,"height":32}},"shenti":{"shenti":{"x":14.01,"y":2.96,"rotation":-99.28,"width":65,"height":70}},"tou":{"tou":{"type":"mesh","uvs":[0,0,0.70661,0,1,0.31986,1,0.72849,0.73949,0.89993,0.67373,0.84122,0.57744,0.90228,0.49525,1,0.15941,0.98918,0.1101,0.88584,0.14327,0.80869,0.15103,0.73456,0.15706,0.67683,0.07833,0.63511,0.1029,0.57358,0.1101,0.40675,0,0.36448,0.45382,0.75858,0.40886,0.68903,0.28132,0.68494,0.29277,0.64894,0.238,0.6244,0.23554,0.66285,0.22573,0.73485,0.21838,0.81831,0.22246,0.86903,0.28459,0.87149,0.27805,0.82403,0.36226,0.82649,0.45464,0.84367,0.35735,0.75285,0.3859,0.88827,0.4605,0.89215,0.36846,0.61966,0.16498,0.60997,0.56805,0.77675,0.5322,0.65748,0.4295,0.58184,0.30063,0.56439,0.15336,0.5673],"triangles":[29,17,35,30,27,23,28,30,17,27,24,23,28,17,29,6,32,29,8,9,25,10,25,9,31,29,32,25,10,24,26,27,28,25,27,26,26,28,31,25,24,27,31,28,29,8,26,31,8,25,26,31,32,7,31,7,8,7,32,6,10,11,24,27,30,28,24,11,23,6,29,35,23,12,22,23,22,19,11,12,23,23,19,30,15,16,0,1,15,0,37,38,15,1,37,15,39,15,38,14,15,39,2,37,1,33,38,37,21,38,33,36,37,2,18,33,37,18,37,36,20,33,18,36,2,3,17,18,36,5,35,36,17,36,35,3,5,36,4,5,3,6,35,5,21,34,39,38,21,39,20,21,33,22,34,21,22,21,20,34,14,39,12,34,22,34,13,14,12,13,34,19,22,20,19,20,18,30,19,18,30,18,17],"vertices":[1,9,111.08,68.22,1,1,9,102.39,-24.65,1,1,9,56.74,-59.27,1,1,9,3.03,-54.25,1,1,9,-16.29,-17.9,1,1,9,-7.77,-9.98,1,2,9,-14.61,3.43,0.248,10,-10.22,-34.04,0.752,1,10,-22.05,-22.03,1,1,10,-16.49,21.97,1,1,10,-2.31,27.18,1,2,9,3.03,59.34,0.288,10,7.43,21.87,0.712,2,9,12.68,57.41,0.592,10,17.07,19.94,0.408,1,9,20.19,55.9,1,1,9,26.64,65.74,1,1,9,34.43,61.75,1,1,9,56.27,58.75,1,1,9,63.18,72.7,1,2,9,5.8,17.91,0.56,10,10.19,-19.56,0.44,1,9,15.49,22.96,1,1,9,17.6,39.67,1,1,9,22.19,37.72,1,1,9,26.09,44.62,1,1,9,21.07,45.42,1,2,9,11.72,47.59,0.544,10,16.12,10.12,0.456,2,9,0.85,49.58,0.208,10,5.24,12.12,0.792,1,10,-1.48,12.2,1,1,10,-2.57,4.07,1,2,9,-0.64,41.81,0.168,10,3.75,4.35,0.832,2,9,-2,30.77,0.12,10,2.39,-6.69,0.88,2,9,-5.39,18.84,0.248,10,-1,-18.62,0.752,2,9,7.74,30.51,0.6,10,12.13,-6.95,0.4,1,10,-6.02,-9.04,1,1,10,-7.44,-18.8,1,1,9,25.11,27.42,1,1,9,28.88,54.04,1,2,9,2.01,3.12,0.608,10,6.4,-34.35,0.392,2,9,18.12,6.36,0.904,10,22.51,-31.11,0.096,1,9,29.33,18.93,1,1,9,33.2,35.65,1,1,9,34.63,55.04,1],"hull":17}},"yinying":{"yinying":{"width":40,"height":14}},"youshou":{"youshou":{"type":"mesh","uvs":[0.82386,0,0.68377,0.05627,0.59076,0.16279,0.48541,0.28344,0.39318,0.48253,0.01663,0.46816,0,1,0.43084,1,0.58852,0.62621,0.69481,0.4675,0.79494,0.3915,0.89499,0.31556,1,0.24689,1,0,0.5788,0.3547,0.47751,0.54775,0.77778,0.18817,0.68975,0.26775],"triangles":[15,14,9,7,15,8,15,7,4,7,6,4,6,5,4,8,15,9,15,4,14,4,3,14,9,17,10,17,16,10,10,16,11,17,14,2,11,16,12,17,2,16,12,16,13,16,0,13,2,1,16,16,1,0,14,17,9,14,3,2],"vertices":[1,7,-0.51,-13.4,1,1,7,16.1,-17.5,1,2,7,30.62,-14.65,0.768,8,-16.49,-9.21,0.232,2,7,47.06,-11.42,0.48,8,-0.02,-12.28,0.52,1,8,21.56,-9.71,1,1,8,46.3,-45.73,1,1,8,88.17,-17.39,1,1,8,58.6,22.9,1,2,7,54.2,22.53,0.02328,8,19.15,16.63,0.97672,2,7,35.75,16.29,0.48,8,-0.3,17.65,0.52,2,7,22.07,16.34,0.768,8,-12.99,22.74,0.232,1,7,8.41,16.38,1,1,7,-5.38,17.32,1,1,7,-17.83,-2.56,1,2,7,41.47,0.07,0.48,8,-0.97,0.46,0.52,2,7,61.16,9.38,0,8,20.76,1.84,1,1,7,13.51,-1.09,1,2,7,26.18,-0.1,0.768,8,-15.25,5.95,0.232],"hull":14}},"zuoshou":{"zuoshou":{"type":"mesh","uvs":[0.7798,0,1,0,0.99999,0.33153,0.93209,0.50361,0.81578,0.65909,0.64539,0.77362,0.5298,0.84515,0.3838,1,0.1138,1,0,0.71615,0.0198,0.5119,0.2778,0.48234,0.4218,0.56297,0.50557,0.46629,0.5918,0.36678,0.6789,0.22992,0.74457,0.11812,0.69537,0.49739,0.79556,0.36418,0.56898,0.60917,0.46536,0.69186,0.86582,0.21812],"triangles":[13,14,17,19,13,17,12,13,19,19,17,4,20,12,19,5,19,4,20,19,5,6,20,5,11,9,10,11,20,9,20,11,12,7,8,20,20,8,9,6,7,20,21,0,1,16,0,21,15,16,21,2,21,1,18,15,21,18,21,2,14,15,18,3,18,2,17,18,3,17,14,18,4,17,3],"vertices":[1,5,-5.71,-25.1,1,1,5,-25.26,-4.48,1,1,5,-2.16,17.42,1,2,5,15.85,22.42,0.832,6,-25.44,17.09,0.168,2,5,37.01,21.81,0.512,6,-4.76,21.55,0.488,2,5,60.11,13.42,0.136,6,19.68,18.94,0.864,2,5,75.35,7.32,1.4E-4,6,35.94,16.67,0.99986,1,6,59.82,19.02,1,1,6,89.14,0.21,1,1,6,86.79,-30.65,1,1,6,74.05,-45.77,1,1,6,44.5,-30.2,1,1,6,33.04,-13.65,1,2,5,51.11,-19.97,0.136,6,18.94,-15.63,0.864,2,5,36.52,-18.47,0.512,6,4.42,-17.67,0.488,2,5,19.26,-19.35,0.832,6,-12.13,-22.66,0.168,2,5,5.64,-20.59,0.9931,6,-25.06,-27.12,0.0069,2,5,36.43,-0.15,0.512,6,-0.06,0.1,0.488,2,5,18.26,0.43,0.832,6,-17.84,-3.69,0.168,2,5,55.44,-4.6,0.136,6,19.46,0.33,0.864,1,6,34.99,-0.2,1,1,5,1.85,-2.64,1],"hull":17}}}},"events":{"1031":{},"7010":{},"2050":{}},"animations":{"attack":{"slots":{"attack (1)":{"attachment":[{"time":0.3,"name":"attack (1)"},{"time":0.3333,"name":"attack (2)"},{"time":0.3667,"name":"attack (3)"},{"time":0.4,"name":"attack (4)"},{"time":0.4333,"name":"attack (5)"},{"time":0.4667,"name":"attack (6)"},{"time":0.5,"name":"attack (7)"},{"time":0.5333,"name":null},{"time":0.6,"name":"attack (1)"},{"time":0.6333,"name":"attack (2)"},{"time":0.6667,"name":"attack (3)"},{"time":0.7,"name":"attack (4)"},{"time":0.7333,"name":"attack (5)"},{"time":0.7667,"name":"attack (6)"},{"time":0.8,"name":"attack (7)"},{"time":0.8333,"name":null},{"time":0.8667,"name":"attack (1)"},{"time":0.9,"name":"attack (2)"},{"time":0.9333,"name":"attack (3)"},{"time":0.9667,"name":"attack (4)"},{"time":1,"name":"attack (5)"},{"time":1.0333,"name":"attack (6)"},{"time":1.0667,"name":"attack (7)"},{"time":1.1,"name":null}]},"qiang":{"attachment":[{"time":0.1667,"name":"qiang"},{"time":0.3,"name":"qiang"}]},"qiang3":{"attachment":[{"time":0.3333,"name":"qiang2"},{"time":0.4,"name":null},{"time":0.4667,"name":"qiang2"},{"time":0.5333,"name":null},{"time":0.6,"name":"qiang2"},{"time":0.6667,"name":null},{"time":0.7333,"name":"qiang2"},{"time":0.8,"name":null},{"time":0.8667,"name":"qiang2"},{"time":0.9333,"name":null},{"time":1,"name":"qiang2"},{"time":1.0667,"name":null}]}},"bones":{"feiji":{"rotate":[{"time":0,"angle":0},{"time":0.1667,"angle":-1.64},{"time":0.3,"angle":-2.81},{"time":0.3667,"angle":-2.76},{"time":0.4333,"angle":-2.22},{"time":0.5,"angle":-2.76},{"time":0.5667,"angle":-2.22},{"time":0.6333,"angle":-2.76},{"time":0.7,"angle":-2.22},{"time":0.7667,"angle":-2.76},{"time":0.8333,"angle":-2.22},{"time":0.9,"angle":-2.76},{"time":0.9667,"angle":-2.22},{"time":1.0333,"angle":-2.76,"curve":[0.276,0,0.622,0.4]},{"time":1.2,"angle":0.67,"curve":[0.318,0.28,0.669,0.66]},{"time":1.3667,"angle":0}],"translate":[{"time":0,"x":0,"y":0},{"time":0.1667,"x":17.7,"y":1.06},{"time":0.3,"x":23.59,"y":2.62},{"time":0.3667,"x":16.24,"y":3.45},{"time":0.4333,"x":24.4,"y":2.61},{"time":0.5,"x":16.24,"y":3.45},{"time":0.5667,"x":24.4,"y":2.61},{"time":0.6333,"x":16.24,"y":3.45},{"time":0.7,"x":24.4,"y":2.61},{"time":0.7667,"x":16.24,"y":3.45},{"time":0.8333,"x":24.4,"y":2.61},{"time":0.9,"x":16.24,"y":3.45},{"time":0.9667,"x":24.4,"y":2.61},{"time":1.0333,"x":16.24,"y":3.45,"curve":[0.276,0,0.622,0.4]},{"time":1.2,"x":10.2,"y":-6.71,"curve":[0.318,0.28,0.669,0.66]},{"time":1.3667,"x":0,"y":0}],"scale":[{"time":0,"x":1,"y":1,"curve":"stepped"},{"time":0.1667,"x":1,"y":1,"curve":"stepped"},{"time":0.3,"x":1,"y":1,"curve":"stepped"},{"time":1.3667,"x":1,"y":1}]},"jiyi":{"rotate":[{"time":0,"angle":0,"curve":"stepped"},{"time":0.1667,"angle":0,"curve":"stepped"},{"time":0.3,"angle":0},{"time":0.3667,"angle":-1.32},{"time":0.4333,"angle":0},{"time":0.5,"angle":-1.32},{"time":0.5667,"angle":0},{"time":0.6333,"angle":-1.32},{"time":0.7,"angle":0},{"time":0.7667,"angle":-1.32},{"time":0.8333,"angle":0},{"time":0.9,"angle":-1.32},{"time":0.9667,"angle":0},{"time":1.0333,"angle":-1.32},{"time":1.3667,"angle":0}],"translate":[{"time":0,"x":0,"y":0,"curve":"stepped"},{"time":0.1667,"x":0,"y":0,"curve":"stepped"},{"time":0.3,"x":0,"y":0,"curve":"stepped"},{"time":1.3667,"x":0,"y":0}],"scale":[{"time":0,"x":1,"y":1,"curve":"stepped"},{"time":0.1667,"x":1,"y":1,"curve":"stepped"},{"time":0.3,"x":1,"y":1,"curve":"stepped"},{"time":1.3667,"x":1,"y":1}]},"daodan":{"rotate":[{"time":0,"angle":0,"curve":"stepped"},{"time":0.1667,"angle":0,"curve":"stepped"},{"time":0.3,"angle":0,"curve":"stepped"},{"time":1.3667,"angle":0}],"translate":[{"time":0,"x":0,"y":0,"curve":"stepped"},{"time":0.1667,"x":0,"y":0,"curve":"stepped"},{"time":0.3,"x":0,"y":0,"curve":"stepped"},{"time":1.3667,"x":0,"y":0}],"scale":[{"time":0,"x":1,"y":1,"curve":"stepped"},{"time":0.1667,"x":1,"y":1,"curve":"stepped"},{"time":0.3,"x":1,"y":1,"curve":"stepped"},{"time":1.3667,"x":1,"y":1}]},"qiang":{"rotate":[{"time":0,"angle":0,"curve":"stepped"},{"time":0.1667,"angle":0,"curve":"stepped"},{"time":0.3,"angle":0,"curve":"stepped"},{"time":1.3667,"angle":0}],"translate":[{"time":0,"x":0,"y":0,"curve":"stepped"},{"time":0.1667,"x":0,"y":0,"curve":"stepped"},{"time":0.3,"x":0,"y":0,"curve":"stepped"},{"time":1.3667,"x":0,"y":0}],"scale":[{"time":0,"x":1,"y":1,"curve":"stepped"},{"time":0.1667,"x":1,"y":1,"curve":"stepped"},{"time":0.3,"x":1,"y":1,"curve":"stepped"},{"time":1.3667,"x":1,"y":1}]},"qiang3":{"rotate":[{"time":0,"angle":0,"curve":"stepped"},{"time":0.1667,"angle":0,"curve":"stepped"},{"time":0.3,"angle":0,"curve":"stepped"},{"time":1.3667,"angle":0}],"translate":[{"time":0,"x":0,"y":0,"curve":"stepped"},{"time":0.1667,"x":0,"y":0,"curve":"stepped"},{"time":0.3,"x":0,"y":0,"curve":"stepped"},{"time":1.3667,"x":0,"y":0}],"scale":[{"time":0,"x":1,"y":1,"curve":"stepped"},{"time":0.1667,"x":1,"y":1,"curve":"stepped"},{"time":0.3,"x":1,"y":1,"curve":"stepped"},{"time":1.3667,"x":1,"y":1}]},"shenti":{"rotate":[{"time":0,"angle":0},{"time":0.1667,"angle":-10.42},{"time":0.3,"angle":-9.74},{"time":0.3667,"angle":-11.43},{"time":0.4333,"angle":-10.42},{"time":0.5,"angle":-11.43},{"time":0.5667,"angle":-10.42},{"time":0.6333,"angle":-11.43},{"time":0.7,"angle":-10.42},{"time":0.7667,"angle":-11.43},{"time":0.8333,"angle":-10.42},{"time":0.9,"angle":-11.43},{"time":0.9667,"angle":-10.42},{"time":1.0333,"angle":-11.43},{"time":1.3667,"angle":0}],"translate":[{"time":0,"x":0,"y":0,"curve":"stepped"},{"time":0.1667,"x":0,"y":0,"curve":"stepped"},{"time":0.3,"x":0,"y":0,"curve":"stepped"},{"time":0.3667,"x":0,"y":0,"curve":"stepped"},{"time":0.4333,"x":0,"y":0,"curve":"stepped"},{"time":0.5,"x":0,"y":0,"curve":"stepped"},{"time":0.5667,"x":0,"y":0,"curve":"stepped"},{"time":0.6333,"x":0,"y":0,"curve":"stepped"},{"time":0.7,"x":0,"y":0,"curve":"stepped"},{"time":0.7667,"x":0,"y":0,"curve":"stepped"},{"time":0.8333,"x":0,"y":0,"curve":"stepped"},{"time":0.9,"x":0,"y":0,"curve":"stepped"},{"time":0.9667,"x":0,"y":0,"curve":"stepped"},{"time":1.0333,"x":0,"y":0,"curve":"stepped"},{"time":1.3667,"x":0,"y":0}],"scale":[{"time":0,"x":1,"y":1,"curve":"stepped"},{"time":0.1667,"x":1,"y":1,"curve":"stepped"},{"time":0.3,"x":1,"y":1,"curve":"stepped"},{"time":0.4333,"x":1,"y":1,"curve":"stepped"},{"time":0.5667,"x":1,"y":1,"curve":"stepped"},{"time":0.7,"x":1,"y":1,"curve":"stepped"},{"time":0.8333,"x":1,"y":1,"curve":"stepped"},{"time":0.9667,"x":1,"y":1,"curve":"stepped"},{"time":1.3667,"x":1,"y":1}]},"tou":{"rotate":[{"time":0,"angle":0},{"time":0.1667,"angle":21.28},{"time":0.3,"angle":22.07},{"time":0.3667,"angle":28.06},{"time":0.4333,"angle":24.56},{"time":0.5,"angle":28.06},{"time":0.5667,"angle":24.56},{"time":0.6333,"angle":28.06},{"time":0.7,"angle":24.56},{"time":0.7667,"angle":28.06},{"time":0.8333,"angle":24.56},{"time":0.9,"angle":28.06},{"time":0.9667,"angle":24.56},{"time":1.0333,"angle":28.06},{"time":1.2,"angle":13.34},{"time":1.3667,"angle":0}],"translate":[{"time":0,"x":0,"y":0,"curve":"stepped"},{"time":0.1667,"x":0,"y":0,"curve":"stepped"},{"time":0.3,"x":0,"y":0,"curve":"stepped"},{"time":0.3667,"x":0,"y":0,"curve":"stepped"},{"time":0.4333,"x":0,"y":0,"curve":"stepped"},{"time":0.5,"x":0,"y":0,"curve":"stepped"},{"time":0.5667,"x":0,"y":0,"curve":"stepped"},{"time":0.6333,"x":0,"y":0,"curve":"stepped"},{"time":0.7,"x":0,"y":0,"curve":"stepped"},{"time":0.7667,"x":0,"y":0,"curve":"stepped"},{"time":0.8333,"x":0,"y":0,"curve":"stepped"},{"time":0.9,"x":0,"y":0,"curve":"stepped"},{"time":0.9667,"x":0,"y":0,"curve":"stepped"},{"time":1.0333,"x":0,"y":0,"curve":"stepped"},{"time":1.3667,"x":0,"y":0}],"scale":[{"time":0,"x":1,"y":1,"curve":"stepped"},{"time":0.1667,"x":1,"y":1,"curve":"stepped"},{"time":0.3,"x":1,"y":1,"curve":"stepped"},{"time":0.4333,"x":1,"y":1,"curve":"stepped"},{"time":0.5667,"x":1,"y":1,"curve":"stepped"},{"time":0.7,"x":1,"y":1,"curve":"stepped"},{"time":0.8333,"x":1,"y":1,"curve":"stepped"},{"time":0.9667,"x":1,"y":1,"curve":"stepped"},{"time":1.3667,"x":1,"y":1}]},"zuoshou":{"rotate":[{"time":0,"angle":0},{"time":0.1667,"angle":11.79,"curve":"stepped"},{"time":0.3,"angle":11.79},{"time":0.3667,"angle":12.57},{"time":0.4333,"angle":11.79},{"time":0.5,"angle":12.57},{"time":0.5667,"angle":11.79},{"time":0.6333,"angle":12.57},{"time":0.7,"angle":11.79},{"time":0.7667,"angle":12.57},{"time":0.8333,"angle":11.79},{"time":0.9,"angle":12.57},{"time":0.9667,"angle":11.79},{"time":1.0333,"angle":12.57},{"time":1.3667,"angle":0}],"translate":[{"time":0,"x":0,"y":0,"curve":"stepped"},{"time":0.1667,"x":0,"y":0,"curve":"stepped"},{"time":0.3,"x":0,"y":0,"curve":"stepped"},{"time":0.3667,"x":0,"y":0,"curve":"stepped"},{"time":0.4333,"x":0,"y":0,"curve":"stepped"},{"time":0.5,"x":0,"y":0,"curve":"stepped"},{"time":0.5667,"x":0,"y":0,"curve":"stepped"},{"time":0.6333,"x":0,"y":0,"curve":"stepped"},{"time":0.7,"x":0,"y":0,"curve":"stepped"},{"time":0.7667,"x":0,"y":0,"curve":"stepped"},{"time":0.8333,"x":0,"y":0,"curve":"stepped"},{"time":0.9,"x":0,"y":0,"curve":"stepped"},{"time":0.9667,"x":0,"y":0,"curve":"stepped"},{"time":1.0333,"x":0,"y":0,"curve":"stepped"},{"time":1.3667,"x":0,"y":0}],"scale":[{"time":0,"x":1,"y":1,"curve":"stepped"},{"time":0.1667,"x":1,"y":1,"curve":"stepped"},{"time":0.3,"x":1,"y":1,"curve":"stepped"},{"time":0.4333,"x":1,"y":1,"curve":"stepped"},{"time":0.5667,"x":1,"y":1,"curve":"stepped"},{"time":0.7,"x":1,"y":1,"curve":"stepped"},{"time":0.8333,"x":1,"y":1,"curve":"stepped"},{"time":0.9667,"x":1,"y":1,"curve":"stepped"},{"time":1.3667,"x":1,"y":1}]},"bone":{"rotate":[{"time":0,"angle":0,"curve":"stepped"},{"time":0.1667,"angle":0,"curve":"stepped"},{"time":0.3,"angle":0},{"time":0.3667,"angle":-2.67},{"time":0.4333,"angle":0},{"time":0.5,"angle":-2.67},{"time":0.5667,"angle":0},{"time":0.6333,"angle":-2.67},{"time":0.7,"angle":0},{"time":0.7667,"angle":-2.67},{"time":0.8333,"angle":0},{"time":0.9,"angle":-2.67},{"time":0.9667,"angle":0},{"time":1.0333,"angle":-2.67},{"time":1.3667,"angle":0}],"translate":[{"time":0,"x":0,"y":0,"curve":"stepped"},{"time":0.1667,"x":0,"y":0,"curve":"stepped"},{"time":0.3,"x":0,"y":0,"curve":"stepped"},{"time":0.3667,"x":0,"y":0,"curve":"stepped"},{"time":0.4333,"x":0,"y":0,"curve":"stepped"},{"time":0.5,"x":0,"y":0,"curve":"stepped"},{"time":0.5667,"x":0,"y":0,"curve":"stepped"},{"time":0.6333,"x":0,"y":0,"curve":"stepped"},{"time":0.7,"x":0,"y":0,"curve":"stepped"},{"time":0.7667,"x":0,"y":0,"curve":"stepped"},{"time":0.8333,"x":0,"y":0,"curve":"stepped"},{"time":0.9,"x":0,"y":0,"curve":"stepped"},{"time":0.9667,"x":0,"y":0,"curve":"stepped"},{"time":1.0333,"x":0,"y":0,"curve":"stepped"},{"time":1.3667,"x":0,"y":0}],"scale":[{"time":0,"x":1,"y":1,"curve":"stepped"},{"time":0.1667,"x":1,"y":1,"curve":"stepped"},{"time":0.3,"x":1,"y":1,"curve":"stepped"},{"time":0.4333,"x":1,"y":1,"curve":"stepped"},{"time":0.5667,"x":1,"y":1,"curve":"stepped"},{"time":0.7,"x":1,"y":1,"curve":"stepped"},{"time":0.8333,"x":1,"y":1,"curve":"stepped"},{"time":0.9667,"x":1,"y":1,"curve":"stepped"},{"time":1.3667,"x":1,"y":1}]},"youshou":{"rotate":[{"time":0,"angle":0},{"time":0.1667,"angle":13.39,"curve":"stepped"},{"time":0.3,"angle":13.39},{"time":0.3667,"angle":12.52},{"time":0.4333,"angle":13.39},{"time":0.5,"angle":12.52},{"time":0.5667,"angle":13.39},{"time":0.6333,"angle":12.52},{"time":0.7,"angle":13.39},{"time":0.7667,"angle":12.52},{"time":0.8333,"angle":13.39},{"time":0.9,"angle":12.52},{"time":0.9667,"angle":13.39},{"time":1.0333,"angle":12.52},{"time":1.3667,"angle":0}],"translate":[{"time":0,"x":0,"y":0,"curve":"stepped"},{"time":0.1667,"x":0,"y":0,"curve":"stepped"},{"time":0.3,"x":0,"y":0,"curve":"stepped"},{"time":0.3667,"x":0,"y":0,"curve":"stepped"},{"time":0.4333,"x":0,"y":0,"curve":"stepped"},{"time":0.5,"x":0,"y":0,"curve":"stepped"},{"time":0.5667,"x":0,"y":0,"curve":"stepped"},{"time":0.6333,"x":0,"y":0,"curve":"stepped"},{"time":0.7,"x":0,"y":0,"curve":"stepped"},{"time":0.7667,"x":0,"y":0,"curve":"stepped"},{"time":0.8333,"x":0,"y":0,"curve":"stepped"},{"time":0.9,"x":0,"y":0,"curve":"stepped"},{"time":0.9667,"x":0,"y":0,"curve":"stepped"},{"time":1.0333,"x":0,"y":0,"curve":"stepped"},{"time":1.3667,"x":0,"y":0}],"scale":[{"time":0,"x":1,"y":1,"curve":"stepped"},{"time":0.1667,"x":1,"y":1,"curve":"stepped"},{"time":0.3,"x":1,"y":1,"curve":"stepped"},{"time":0.4333,"x":1,"y":1,"curve":"stepped"},{"time":0.5667,"x":1,"y":1,"curve":"stepped"},{"time":0.7,"x":1,"y":1,"curve":"stepped"},{"time":0.8333,"x":1,"y":1,"curve":"stepped"},{"time":0.9667,"x":1,"y":1,"curve":"stepped"},{"time":1.3667,"x":1,"y":1}]},"bone2":{"rotate":[{"time":0,"angle":0,"curve":"stepped"},{"time":0.1667,"angle":0,"curve":"stepped"},{"time":0.3,"angle":0},{"time":0.3667,"angle":1.9},{"time":0.4333,"angle":0},{"time":0.5,"angle":1.9},{"time":0.5667,"angle":0},{"time":0.6333,"angle":1.9},{"time":0.7,"angle":0},{"time":0.7667,"angle":1.9},{"time":0.8333,"angle":0},{"time":0.9,"angle":1.9},{"time":0.9667,"angle":0},{"time":1.0333,"angle":1.9},{"time":1.3667,"angle":0}],"translate":[{"time":0,"x":0,"y":0,"curve":"stepped"},{"time":0.1667,"x":0,"y":0,"curve":"stepped"},{"time":0.3,"x":0,"y":0,"curve":"stepped"},{"time":0.3667,"x":0,"y":0,"curve":"stepped"},{"time":0.4333,"x":0,"y":0,"curve":"stepped"},{"time":0.5,"x":0,"y":0,"curve":"stepped"},{"time":0.5667,"x":0,"y":0,"curve":"stepped"},{"time":0.6333,"x":0,"y":0,"curve":"stepped"},{"time":0.7,"x":0,"y":0,"curve":"stepped"},{"time":0.7667,"x":0,"y":0,"curve":"stepped"},{"time":0.8333,"x":0,"y":0,"curve":"stepped"},{"time":0.9,"x":0,"y":0,"curve":"stepped"},{"time":0.9667,"x":0,"y":0,"curve":"stepped"},{"time":1.0333,"x":0,"y":0,"curve":"stepped"},{"time":1.3667,"x":0,"y":0}],"scale":[{"time":0,"x":1,"y":1,"curve":"stepped"},{"time":0.1667,"x":1,"y":1,"curve":"stepped"},{"time":0.3,"x":1,"y":1,"curve":"stepped"},{"time":0.4333,"x":1,"y":1,"curve":"stepped"},{"time":0.5667,"x":1,"y":1,"curve":"stepped"},{"time":0.7,"x":1,"y":1,"curve":"stepped"},{"time":0.8333,"x":1,"y":1,"curve":"stepped"},{"time":0.9667,"x":1,"y":1,"curve":"stepped"},{"time":1.3667,"x":1,"y":1}]},"bone3":{"rotate":[{"time":0,"angle":0,"curve":"stepped"},{"time":0.1667,"angle":0,"curve":"stepped"},{"time":0.3,"angle":0,"curve":"stepped"},{"time":1.3667,"angle":0}],"translate":[{"time":0,"x":0,"y":0,"curve":"stepped"},{"time":0.1667,"x":0,"y":0,"curve":"stepped"},{"time":0.3,"x":0,"y":0},{"time":0.3667,"x":4.89,"y":0.76},{"time":0.4333,"x":0,"y":0},{"time":0.5,"x":4.89,"y":0.76},{"time":0.5667,"x":0,"y":0},{"time":0.6333,"x":4.89,"y":0.76},{"time":0.7,"x":0,"y":0},{"time":0.7667,"x":4.89,"y":0.76},{"time":1.3667,"x":0,"y":0}],"scale":[{"time":0,"x":1,"y":1,"curve":"stepped"},{"time":0.1667,"x":1,"y":1,"curve":"stepped"},{"time":0.3,"x":1,"y":1,"curve":"stepped"},{"time":1.3667,"x":1,"y":1}]},"attack":{"rotate":[{"time":0.3,"angle":9.35}],"scale":[{"time":0.3,"x":1,"y":1},{"time":0.3333,"x":0.734,"y":0.782},{"time":0.3667,"x":1,"y":1}]}},"events":[{"time":0.3,"name":"1031"}]},"die":{"bones":{"feiji":{"rotate":[{"time":0,"angle":0,"curve":[0.382,0.57,0.735,1]},{"time":0.0667,"angle":-9.89,"curve":[0.25,0,0.75,1]},{"time":0.2,"angle":20.32,"curve":[0.25,0,0.645,0.55]},{"time":0.4667,"angle":13.48,"curve":[0.382,0.57,0.735,1]},{"time":0.5667,"angle":-1.03,"curve":[0.25,0,0.645,0.55]},{"time":0.7333,"angle":-3.49,"curve":"stepped"},{"time":0.8333,"angle":-3.49}],"translate":[{"time":0,"x":0,"y":0,"curve":[0.382,0.57,0.735,1]},{"time":0.0667,"x":-51.48,"y":27.12,"curve":[0.25,0,0.75,1]},{"time":0.2,"x":-90.65,"y":49.72,"curve":[0.25,0,0.645,0.55]},{"time":0.4667,"x":-150.58,"y":-128.16,"curve":[0.382,0.57,0.735,1]},{"time":0.5667,"x":-170.09,"y":-104.45,"curve":[0.25,0,0.645,0.55]},{"time":0.7333,"x":-188.01,"y":-123.44,"curve":"stepped"},{"time":0.8333,"x":-188.01,"y":-123.44}],"scale":[{"time":0,"x":1,"y":1,"curve":"stepped"},{"time":0.4667,"x":1,"y":1,"curve":"stepped"},{"time":0.8333,"x":1,"y":1}]},"qiang3":{"rotate":[{"time":0,"angle":0,"curve":"stepped"},{"time":0.4667,"angle":0,"curve":"stepped"},{"time":0.8333,"angle":0}],"translate":[{"time":0,"x":0,"y":0,"curve":"stepped"},{"time":0.4667,"x":0,"y":0,"curve":"stepped"},{"time":0.8333,"x":0,"y":0}],"scale":[{"time":0,"x":1,"y":1,"curve":"stepped"},{"time":0.4667,"x":1,"y":1,"curve":"stepped"},{"time":0.8333,"x":1,"y":1}]},"bone3":{"rotate":[{"time":0,"angle":0,"curve":"stepped"},{"time":0.4667,"angle":0,"curve":"stepped"},{"time":0.8333,"angle":0}],"translate":[{"time":0,"x":0,"y":0,"curve":"stepped"},{"time":0.4667,"x":0,"y":0,"curve":"stepped"},{"time":0.8333,"x":0,"y":0}],"scale":[{"time":0,"x":1,"y":1,"curve":"stepped"},{"time":0.4667,"x":1,"y":1,"curve":"stepped"},{"time":0.8333,"x":1,"y":1}]},"shenti":{"rotate":[{"time":0,"angle":0},{"time":0.0667,"angle":2.4},{"time":0.2,"angle":-15.08},{"time":0.4667,"angle":-6.34,"curve":[0.382,0.57,0.735,1]},{"time":0.7333,"angle":9.17,"curve":"stepped"},{"time":0.8333,"angle":9.17}],"translate":[{"time":0,"x":0,"y":0,"curve":"stepped"},{"time":0.4667,"x":0,"y":0,"curve":"stepped"},{"time":0.8333,"x":0,"y":0}],"scale":[{"time":0,"x":1,"y":1,"curve":"stepped"},{"time":0.4667,"x":1,"y":1,"curve":"stepped"},{"time":0.8333,"x":1,"y":1}]},"zuoshou":{"rotate":[{"time":0,"angle":0},{"time":0.0667,"angle":6.32},{"time":0.2,"angle":19.15},{"time":0.4667,"angle":0,"curve":"stepped"},{"time":0.8333,"angle":0}],"translate":[{"time":0,"x":0,"y":0,"curve":"stepped"},{"time":0.4667,"x":0,"y":0,"curve":"stepped"},{"time":0.8333,"x":0,"y":0}],"scale":[{"time":0,"x":1,"y":1,"curve":"stepped"},{"time":0.4667,"x":1,"y":1,"curve":"stepped"},{"time":0.8333,"x":1,"y":1}]},"daodan":{"rotate":[{"time":0,"angle":0,"curve":"stepped"},{"time":0.4667,"angle":0,"curve":"stepped"},{"time":0.8333,"angle":0}],"translate":[{"time":0,"x":0,"y":0,"curve":"stepped"},{"time":0.4667,"x":0,"y":0,"curve":"stepped"},{"time":0.8333,"x":0,"y":0}],"scale":[{"time":0,"x":1,"y":1,"curve":"stepped"},{"time":0.4667,"x":1,"y":1,"curve":"stepped"},{"time":0.8333,"x":1,"y":1}]},"qiang":{"rotate":[{"time":0,"angle":0,"curve":"stepped"},{"time":0.4667,"angle":0,"curve":"stepped"},{"time":0.8333,"angle":0}],"translate":[{"time":0,"x":0,"y":0,"curve":"stepped"},{"time":0.4667,"x":0,"y":0,"curve":"stepped"},{"time":0.8333,"x":0,"y":0}],"scale":[{"time":0,"x":1,"y":1,"curve":"stepped"},{"time":0.4667,"x":1,"y":1,"curve":"stepped"},{"time":0.8333,"x":1,"y":1}]},"tou":{"rotate":[{"time":0,"angle":0},{"time":0.1,"angle":43.32},{"time":0.2333,"angle":9.16},{"time":0.4667,"angle":0,"curve":[0.382,0.57,0.735,1]},{"time":0.7333,"angle":29.29},{"time":0.8333,"angle":33.12}],"translate":[{"time":0,"x":0,"y":0},{"time":0.0667,"x":3.05,"y":3.51},{"time":0.2,"x":3.31,"y":-7.36},{"time":0.4667,"x":0,"y":0,"curve":"stepped"},{"time":0.8333,"x":0,"y":0}],"scale":[{"time":0,"x":1,"y":1,"curve":"stepped"},{"time":0.4667,"x":1,"y":1,"curve":"stepped"},{"time":0.8333,"x":1,"y":1}]},"bone":{"rotate":[{"time":0,"angle":0},{"time":0.0667,"angle":-16.67},{"time":0.4667,"angle":0,"curve":[0.382,0.57,0.735,1]},{"time":0.7333,"angle":-10.13,"curve":"stepped"},{"time":0.8333,"angle":-10.13}],"translate":[{"time":0,"x":0,"y":0,"curve":"stepped"},{"time":0.4667,"x":0,"y":0,"curve":"stepped"},{"time":0.8333,"x":0,"y":0}],"scale":[{"time":0,"x":1,"y":1,"curve":"stepped"},{"time":0.4667,"x":1,"y":1,"curve":"stepped"},{"time":0.8333,"x":1,"y":1}]},"jiyi":{"rotate":[{"time":0,"angle":0,"curve":"stepped"},{"time":0.4667,"angle":0,"curve":"stepped"},{"time":0.8333,"angle":0}],"translate":[{"time":0,"x":0,"y":0,"curve":"stepped"},{"time":0.4667,"x":0,"y":0,"curve":"stepped"},{"time":0.8333,"x":0,"y":0}],"scale":[{"time":0,"x":1,"y":1,"curve":"stepped"},{"time":0.4667,"x":1,"y":1,"curve":"stepped"},{"time":0.8333,"x":1,"y":1}]},"youshou":{"rotate":[{"time":0,"angle":0},{"time":0.2,"angle":12.51},{"time":0.4667,"angle":0,"curve":"stepped"},{"time":0.8333,"angle":0}],"translate":[{"time":0,"x":0,"y":0,"curve":"stepped"},{"time":0.4667,"x":0,"y":0,"curve":"stepped"},{"time":0.8333,"x":0,"y":0}],"scale":[{"time":0,"x":1,"y":1,"curve":"stepped"},{"time":0.4667,"x":1,"y":1,"curve":"stepped"},{"time":0.8333,"x":1,"y":1}]},"bone2":{"rotate":[{"time":0,"angle":0},{"time":0.0667,"angle":-13.79},{"time":0.2,"angle":2.12},{"time":0.4667,"angle":0,"curve":[0.382,0.57,0.735,1]},{"time":0.7333,"angle":-11.31,"curve":"stepped"},{"time":0.8333,"angle":-11.31}],"translate":[{"time":0,"x":0,"y":0,"curve":"stepped"},{"time":0.4667,"x":0,"y":0,"curve":"stepped"},{"time":0.8333,"x":0,"y":0}],"scale":[{"time":0,"x":1,"y":1,"curve":"stepped"},{"time":0.4667,"x":1,"y":1,"curve":"stepped"},{"time":0.8333,"x":1,"y":1}]}}},"down":{"bones":{"feiji":{"rotate":[{"time":0,"angle":27.92,"curve":[0.382,0.57,0.735,1]},{"time":0.2,"angle":3.69,"curve":[0.382,0.57,0.735,1]},{"time":0.3333,"angle":0.22,"curve":[0.25,0,0.645,0.55]},{"time":0.5,"angle":-3.49,"curve":"stepped"},{"time":0.6,"angle":-3.49}],"translate":[{"time":0,"x":6.54,"y":55.24,"curve":[0.382,0.57,0.735,1]},{"time":0.2,"x":-33.46,"y":-60.77,"curve":[0.382,0.57,0.735,1]},{"time":0.3333,"x":-45.7,"y":-41.08,"curve":[0.25,0,0.645,0.55]},{"time":0.5,"x":-58.66,"y":-68.87,"curve":"stepped"},{"time":0.6,"x":-58.66,"y":-68.87}],"scale":[{"time":0,"x":1,"y":1,"curve":"stepped"},{"time":0.2,"x":1,"y":1,"curve":"stepped"},{"time":0.6,"x":1,"y":1}]},"jiyi":{"rotate":[{"time":0,"angle":0,"curve":"stepped"},{"time":0.2,"angle":0,"curve":"stepped"},{"time":0.6,"angle":0}],"translate":[{"time":0,"x":0,"y":0,"curve":"stepped"},{"time":0.2,"x":0,"y":0,"curve":"stepped"},{"time":0.6,"x":0,"y":0}],"scale":[{"time":0,"x":1,"y":1,"curve":"stepped"},{"time":0.2,"x":1,"y":1,"curve":"stepped"},{"time":0.6,"x":1,"y":1}]},"daodan":{"rotate":[{"time":0,"angle":0,"curve":"stepped"},{"time":0.2,"angle":0,"curve":"stepped"},{"time":0.6,"angle":0}],"translate":[{"time":0,"x":0,"y":0,"curve":"stepped"},{"time":0.2,"x":0,"y":0,"curve":"stepped"},{"time":0.6,"x":0,"y":0}],"scale":[{"time":0,"x":1,"y":1,"curve":"stepped"},{"time":0.2,"x":1,"y":1,"curve":"stepped"},{"time":0.6,"x":1,"y":1}]},"qiang":{"rotate":[{"time":0,"angle":0,"curve":"stepped"},{"time":0.2,"angle":0,"curve":"stepped"},{"time":0.6,"angle":0}],"translate":[{"time":0,"x":0,"y":0,"curve":"stepped"},{"time":0.2,"x":0,"y":0,"curve":"stepped"},{"time":0.6,"x":0,"y":0}],"scale":[{"time":0,"x":1,"y":1,"curve":"stepped"},{"time":0.2,"x":1,"y":1,"curve":"stepped"},{"time":0.6,"x":1,"y":1}]},"qiang3":{"rotate":[{"time":0,"angle":0,"curve":"stepped"},{"time":0.2,"angle":0,"curve":"stepped"},{"time":0.6,"angle":0}],"translate":[{"time":0,"x":0,"y":0,"curve":"stepped"},{"time":0.2,"x":0,"y":0,"curve":"stepped"},{"time":0.6,"x":0,"y":0}],"scale":[{"time":0,"x":1,"y":1,"curve":"stepped"},{"time":0.2,"x":1,"y":1,"curve":"stepped"},{"time":0.6,"x":1,"y":1}]},"shenti":{"rotate":[{"time":0,"angle":0,"curve":[0.25,0,0.75,1]},{"time":0.2,"angle":-6.34,"curve":[0.382,0.57,0.735,1]},{"time":0.5,"angle":9.17,"curve":"stepped"},{"time":0.6,"angle":9.17}],"translate":[{"time":0,"x":0,"y":0,"curve":"stepped"},{"time":0.2,"x":0,"y":0,"curve":"stepped"},{"time":0.6,"x":0,"y":0}],"scale":[{"time":0,"x":1,"y":1,"curve":"stepped"},{"time":0.2,"x":1,"y":1,"curve":"stepped"},{"time":0.6,"x":1,"y":1}]},"tou":{"rotate":[{"time":0,"angle":0,"curve":"stepped"},{"time":0.2,"angle":0,"curve":[0.382,0.57,0.735,1]},{"time":0.5,"angle":29.29},{"time":0.6,"angle":33.12}],"translate":[{"time":0,"x":0,"y":0,"curve":"stepped"},{"time":0.2,"x":0,"y":0,"curve":"stepped"},{"time":0.6,"x":0,"y":0}],"scale":[{"time":0,"x":1,"y":1,"curve":"stepped"},{"time":0.2,"x":1,"y":1,"curve":"stepped"},{"time":0.6,"x":1,"y":1}]},"zuoshou":{"rotate":[{"time":0,"angle":0,"curve":"stepped"},{"time":0.2,"angle":0,"curve":"stepped"},{"time":0.6,"angle":0}],"translate":[{"time":0,"x":0,"y":0,"curve":"stepped"},{"time":0.2,"x":0,"y":0,"curve":"stepped"},{"time":0.6,"x":0,"y":0}],"scale":[{"time":0,"x":1,"y":1,"curve":"stepped"},{"time":0.2,"x":1,"y":1,"curve":"stepped"},{"time":0.6,"x":1,"y":1}]},"bone":{"rotate":[{"time":0,"angle":0,"curve":"stepped"},{"time":0.2,"angle":0,"curve":[0.382,0.57,0.735,1]},{"time":0.5,"angle":-10.13,"curve":"stepped"},{"time":0.6,"angle":-10.13}],"translate":[{"time":0,"x":0,"y":0,"curve":"stepped"},{"time":0.2,"x":0,"y":0,"curve":"stepped"},{"time":0.6,"x":0,"y":0}],"scale":[{"time":0,"x":1,"y":1,"curve":"stepped"},{"time":0.2,"x":1,"y":1,"curve":"stepped"},{"time":0.6,"x":1,"y":1}]},"youshou":{"rotate":[{"time":0,"angle":0,"curve":"stepped"},{"time":0.2,"angle":0,"curve":"stepped"},{"time":0.6,"angle":0}],"translate":[{"time":0,"x":0,"y":0,"curve":"stepped"},{"time":0.2,"x":0,"y":0,"curve":"stepped"},{"time":0.6,"x":0,"y":0}],"scale":[{"time":0,"x":1,"y":1,"curve":"stepped"},{"time":0.2,"x":1,"y":1,"curve":"stepped"},{"time":0.6,"x":1,"y":1}]},"bone2":{"rotate":[{"time":0,"angle":0,"curve":"stepped"},{"time":0.2,"angle":0,"curve":[0.382,0.57,0.735,1]},{"time":0.5,"angle":-11.31,"curve":"stepped"},{"time":0.6,"angle":-11.31}],"translate":[{"time":0,"x":0,"y":0,"curve":"stepped"},{"time":0.2,"x":0,"y":0,"curve":"stepped"},{"time":0.6,"x":0,"y":0}],"scale":[{"time":0,"x":1,"y":1,"curve":"stepped"},{"time":0.2,"x":1,"y":1,"curve":"stepped"},{"time":0.6,"x":1,"y":1}]},"bone3":{"rotate":[{"time":0,"angle":0,"curve":"stepped"},{"time":0.2,"angle":0,"curve":"stepped"},{"time":0.6,"angle":0}],"translate":[{"time":0,"x":0,"y":0,"curve":"stepped"},{"time":0.2,"x":0,"y":0,"curve":"stepped"},{"time":0.6,"x":0,"y":0}],"scale":[{"time":0,"x":1,"y":1,"curve":"stepped"},{"time":0.2,"x":1,"y":1,"curve":"stepped"},{"time":0.6,"x":1,"y":1}]},"yinying":{"translate":[{"time":0,"x":0,"y":0},{"time":0.2,"x":-40,"y":0,"curve":"stepped"},{"time":0.6,"x":-40,"y":0}]}}},"float":{"bones":{"feiji":{"rotate":[{"time":0,"angle":27.92,"curve":"stepped"},{"time":0.3333,"angle":27.92}],"translate":[{"time":0,"x":0,"y":0,"curve":[0.25,0,0.75,1]},{"time":0.1667,"x":3.54,"y":-6.74,"curve":[0.25,0,0.75,1]},{"time":0.3333,"x":0,"y":0}],"scale":[{"time":0,"x":1,"y":1,"curve":"stepped"},{"time":0.3333,"x":1,"y":1}]},"jiyi":{"rotate":[{"time":0,"angle":0,"curve":"stepped"},{"time":0.3333,"angle":0}],"translate":[{"time":0,"x":0,"y":0,"curve":"stepped"},{"time":0.3333,"x":0,"y":0}],"scale":[{"time":0,"x":1,"y":1,"curve":"stepped"},{"time":0.3333,"x":1,"y":1}]},"daodan":{"rotate":[{"time":0,"angle":0,"curve":"stepped"},{"time":0.3333,"angle":0}],"translate":[{"time":0,"x":0,"y":0,"curve":"stepped"},{"time":0.3333,"x":0,"y":0}],"scale":[{"time":0,"x":1,"y":1,"curve":"stepped"},{"time":0.3333,"x":1,"y":1}]},"qiang":{"rotate":[{"time":0,"angle":0,"curve":"stepped"},{"time":0.3333,"angle":0}],"translate":[{"time":0,"x":0,"y":0,"curve":"stepped"},{"time":0.3333,"x":0,"y":0}],"scale":[{"time":0,"x":1,"y":1,"curve":"stepped"},{"time":0.3333,"x":1,"y":1}]},"qiang3":{"rotate":[{"time":0,"angle":0,"curve":"stepped"},{"time":0.3333,"angle":0}],"translate":[{"time":0,"x":0,"y":0,"curve":"stepped"},{"time":0.3333,"x":0,"y":0}],"scale":[{"time":0,"x":1,"y":1,"curve":"stepped"},{"time":0.3333,"x":1,"y":1}]},"shenti":{"rotate":[{"time":0,"angle":0,"curve":[0.25,0,0.75,1]},{"time":0.1667,"angle":-2.45,"curve":[0.25,0,0.75,1]},{"time":0.3333,"angle":0}],"translate":[{"time":0,"x":0,"y":0,"curve":"stepped"},{"time":0.3333,"x":0,"y":0}],"scale":[{"time":0,"x":1,"y":1,"curve":"stepped"},{"time":0.3333,"x":1,"y":1}]},"tou":{"rotate":[{"time":0,"angle":0,"curve":[0.25,0,0.75,1]},{"time":0.1667,"angle":4.95,"curve":[0.25,0,0.75,1]},{"time":0.3333,"angle":0}],"translate":[{"time":0,"x":0,"y":0,"curve":"stepped"},{"time":0.3333,"x":0,"y":0}],"scale":[{"time":0,"x":1,"y":1,"curve":"stepped"},{"time":0.3333,"x":1,"y":1}]},"zuoshou":{"rotate":[{"time":0,"angle":0,"curve":"stepped"},{"time":0.3333,"angle":0}],"translate":[{"time":0,"x":0,"y":0,"curve":"stepped"},{"time":0.3333,"x":0,"y":0}],"scale":[{"time":0,"x":1,"y":1,"curve":"stepped"},{"time":0.3333,"x":1,"y":1}]},"bone":{"rotate":[{"time":0,"angle":0,"curve":"stepped"},{"time":0.3333,"angle":0}],"translate":[{"time":0,"x":0,"y":0,"curve":"stepped"},{"time":0.3333,"x":0,"y":0}],"scale":[{"time":0,"x":1,"y":1,"curve":"stepped"},{"time":0.3333,"x":1,"y":1}]},"youshou":{"rotate":[{"time":0,"angle":0,"curve":"stepped"},{"time":0.3333,"angle":0}],"translate":[{"time":0,"x":0,"y":0,"curve":"stepped"},{"time":0.3333,"x":0,"y":0}],"scale":[{"time":0,"x":1,"y":1,"curve":"stepped"},{"time":0.3333,"x":1,"y":1}]},"bone2":{"rotate":[{"time":0,"angle":0,"curve":"stepped"},{"time":0.3333,"angle":0}],"translate":[{"time":0,"x":0,"y":0,"curve":"stepped"},{"time":0.3333,"x":0,"y":0}],"scale":[{"time":0,"x":1,"y":1,"curve":"stepped"},{"time":0.3333,"x":1,"y":1}]},"bone3":{"rotate":[{"time":0,"angle":0,"curve":"stepped"},{"time":0.3333,"angle":0}],"translate":[{"time":0,"x":0,"y":0,"curve":[0.25,0,0.75,1]},{"time":0.1667,"x":1.1,"y":-0.51,"curve":[0.25,0,0.75,1]},{"time":0.3333,"x":0,"y":0}],"scale":[{"time":0,"x":1,"y":1,"curve":"stepped"},{"time":0.3333,"x":1,"y":1}]}}},"hit":{"bones":{"feiji":{"rotate":[{"time":0,"angle":0},{"time":0.0667,"angle":-5.77,"curve":[0.25,0,0.75,1]},{"time":0.2,"angle":14.73,"curve":[0.25,0,0.645,0.55]},{"time":0.5,"angle":-3.79},{"time":0.6667,"angle":0}],"translate":[{"time":0,"x":0,"y":0,"curve":[0.382,0.57,0.735,1]},{"time":0.0667,"x":-31.5,"y":-12.63,"curve":[0.25,0,0.75,1]},{"time":0.2,"x":-18.66,"y":-9.49,"curve":[0.25,0,0.645,0.55]},{"time":0.5,"x":8.53,"y":-9.3},{"time":0.6667,"x":0,"y":0}],"scale":[{"time":0,"x":1,"y":1,"curve":"stepped"},{"time":0.5,"x":1,"y":1,"curve":"stepped"},{"time":0.6667,"x":1,"y":1}]},"jiyi":{"rotate":[{"time":0,"angle":0,"curve":"stepped"},{"time":0.6667,"angle":0}],"translate":[{"time":0,"x":0,"y":0,"curve":"stepped"},{"time":0.6667,"x":0,"y":0}],"scale":[{"time":0,"x":1,"y":1,"curve":"stepped"},{"time":0.6667,"x":1,"y":1}]},"daodan":{"rotate":[{"time":0,"angle":0,"curve":"stepped"},{"time":0.6667,"angle":0}],"translate":[{"time":0,"x":0,"y":0,"curve":"stepped"},{"time":0.6667,"x":0,"y":0}],"scale":[{"time":0,"x":1,"y":1,"curve":"stepped"},{"time":0.6667,"x":1,"y":1}]},"qiang":{"rotate":[{"time":0,"angle":0,"curve":"stepped"},{"time":0.6667,"angle":0}],"translate":[{"time":0,"x":0,"y":0,"curve":"stepped"},{"time":0.6667,"x":0,"y":0}],"scale":[{"time":0,"x":1,"y":1,"curve":"stepped"},{"time":0.6667,"x":1,"y":1}]},"qiang3":{"rotate":[{"time":0,"angle":0,"curve":"stepped"},{"time":0.6667,"angle":0}],"translate":[{"time":0,"x":0,"y":0,"curve":"stepped"},{"time":0.6667,"x":0,"y":0}],"scale":[{"time":0,"x":1,"y":1,"curve":"stepped"},{"time":0.6667,"x":1,"y":1}]},"shenti":{"rotate":[{"time":0,"angle":0,"curve":[0.25,0,0.75,1]},{"time":0.0667,"angle":-15.66},{"time":0.2,"angle":-8.61},{"time":0.5,"angle":-4.92},{"time":0.6667,"angle":0}],"translate":[{"time":0,"x":0,"y":0,"curve":"stepped"},{"time":0.6667,"x":0,"y":0}],"scale":[{"time":0,"x":1,"y":1,"curve":"stepped"},{"time":0.6667,"x":1,"y":1}]},"tou":{"rotate":[{"time":0,"angle":0,"curve":[0.382,0.57,0.735,1]},{"time":0.1,"angle":52.48},{"time":0.2333,"angle":18.05},{"time":0.5333,"angle":21.55},{"time":0.6667,"angle":0}],"translate":[{"time":0,"x":0,"y":0,"curve":[0.25,0,0.75,1]},{"time":0.0667,"x":3.05,"y":3.51},{"time":0.2,"x":3.31,"y":-7.36},{"time":0.6667,"x":0,"y":0}],"scale":[{"time":0,"x":1,"y":1,"curve":"stepped"},{"time":0.6667,"x":1,"y":1}]},"zuoshou":{"rotate":[{"time":0,"angle":0},{"time":0.0667,"angle":6.32},{"time":0.2,"angle":19.15},{"time":0.5,"angle":22.22},{"time":0.6667,"angle":0}],"translate":[{"time":0,"x":0,"y":0,"curve":"stepped"},{"time":0.6667,"x":0,"y":0}],"scale":[{"time":0,"x":1,"y":1,"curve":"stepped"},{"time":0.6667,"x":1,"y":1}]},"bone":{"rotate":[{"time":0,"angle":0},{"time":0.0667,"angle":-16.67},{"time":0.5,"angle":-21.74},{"time":0.6667,"angle":0}],"translate":[{"time":0,"x":0,"y":0,"curve":"stepped"},{"time":0.6667,"x":0,"y":0}],"scale":[{"time":0,"x":1,"y":1,"curve":"stepped"},{"time":0.6667,"x":1,"y":1}]},"youshou":{"rotate":[{"time":0,"angle":0},{"time":0.2,"angle":12.51},{"time":0.5,"angle":16.51},{"time":0.6667,"angle":0}],"translate":[{"time":0,"x":0,"y":0,"curve":"stepped"},{"time":0.6667,"x":0,"y":0}],"scale":[{"time":0,"x":1,"y":1,"curve":"stepped"},{"time":0.6667,"x":1,"y":1}]},"bone2":{"rotate":[{"time":0,"angle":0},{"time":0.0667,"angle":-13.79},{"time":0.2,"angle":2.12},{"time":0.5,"angle":-7.51},{"time":0.6667,"angle":0}],"translate":[{"time":0,"x":0,"y":0,"curve":"stepped"},{"time":0.6667,"x":0,"y":0}],"scale":[{"time":0,"x":1,"y":1,"curve":"stepped"},{"time":0.6667,"x":1,"y":1}]},"bone3":{"rotate":[{"time":0,"angle":0,"curve":"stepped"},{"time":0.6667,"angle":0}],"translate":[{"time":0,"x":0,"y":0,"curve":"stepped"},{"time":0.6667,"x":0,"y":0}],"scale":[{"time":0,"x":1,"y":1,"curve":"stepped"},{"time":0.6667,"x":1,"y":1}]}}},"idle":{"bones":{"feiji":{"rotate":[{"time":0,"angle":0}],"translate":[{"time":0,"x":0,"y":0,"curve":[0.382,0.57,0.735,1]},{"time":0.1667,"x":0,"y":-3.35,"curve":[0.25,0,0.75,1]},{"time":0.5,"x":0,"y":3.36,"curve":[0.25,0,0.645,0.55]},{"time":0.6667,"x":0,"y":0}],"scale":[{"time":0,"x":1,"y":1,"curve":"stepped"},{"time":0.6667,"x":1,"y":1}]},"jiyi":{"rotate":[{"time":0,"angle":0,"curve":[0.25,0,0.75,1]},{"time":0.3333,"angle":-0.51,"curve":[0.25,0,0.75,1]},{"time":0.6667,"angle":0}],"translate":[{"time":0,"x":0,"y":0,"curve":"stepped"},{"time":0.6667,"x":0,"y":0}],"scale":[{"time":0,"x":1,"y":1,"curve":"stepped"},{"time":0.6667,"x":1,"y":1}]},"daodan":{"rotate":[{"time":0,"angle":0,"curve":"stepped"},{"time":0.6667,"angle":0}],"translate":[{"time":0,"x":0,"y":0,"curve":"stepped"},{"time":0.6667,"x":0,"y":0}],"scale":[{"time":0,"x":1,"y":1,"curve":"stepped"},{"time":0.6667,"x":1,"y":1}]},"qiang":{"rotate":[{"time":0,"angle":0,"curve":"stepped"},{"time":0.6667,"angle":0}],"translate":[{"time":0,"x":0,"y":0,"curve":"stepped"},{"time":0.6667,"x":0,"y":0}],"scale":[{"time":0,"x":1,"y":1,"curve":"stepped"},{"time":0.6667,"x":1,"y":1}]},"qiang3":{"rotate":[{"time":0,"angle":0,"curve":"stepped"},{"time":0.6667,"angle":0}],"translate":[{"time":0,"x":0,"y":0,"curve":"stepped"},{"time":0.6667,"x":0,"y":0}],"scale":[{"time":0,"x":1,"y":1,"curve":"stepped"},{"time":0.6667,"x":1,"y":1}]},"shenti":{"rotate":[{"time":0,"angle":0,"curve":[0.25,0,0.75,1]},{"time":0.3333,"angle":1.15,"curve":[0.25,0,0.75,1]},{"time":0.6667,"angle":0}],"translate":[{"time":0,"x":0,"y":0,"curve":[0.25,0,0.75,1]},{"time":0.3333,"x":0,"y":-1.11,"curve":[0.25,0,0.75,1]},{"time":0.6667,"x":0,"y":0}],"scale":[{"time":0,"x":1,"y":1,"curve":"stepped"},{"time":0.6667,"x":1,"y":1}]},"tou":{"rotate":[{"time":0,"angle":0,"curve":[0.382,0.57,0.735,1]},{"time":0.1667,"angle":-0.62,"curve":[0.25,0,0.75,1]},{"time":0.5,"angle":0.82,"curve":[0.25,0,0.645,0.55]},{"time":0.6667,"angle":0}],"translate":[{"time":0,"x":0,"y":0,"curve":[0.25,0,0.75,1]},{"time":0.3333,"x":-1.72,"y":0.32,"curve":[0.25,0,0.75,1]},{"time":0.6667,"x":0,"y":0}],"scale":[{"time":0,"x":1,"y":1,"curve":"stepped"},{"time":0.6667,"x":1,"y":1}]},"zuoshou":{"rotate":[{"time":0,"angle":0,"curve":"stepped"},{"time":0.6667,"angle":0}],"translate":[{"time":0,"x":0,"y":0,"curve":"stepped"},{"time":0.6667,"x":0,"y":0}],"scale":[{"time":0,"x":1,"y":1,"curve":"stepped"},{"time":0.6667,"x":1,"y":1}]},"bone":{"rotate":[{"time":0,"angle":0,"curve":"stepped"},{"time":0.6667,"angle":0}],"translate":[{"time":0,"x":0,"y":0,"curve":"stepped"},{"time":0.6667,"x":0,"y":0}],"scale":[{"time":0,"x":1,"y":1,"curve":"stepped"},{"time":0.6667,"x":1,"y":1}]},"youshou":{"rotate":[{"time":0,"angle":0,"curve":"stepped"},{"time":0.6667,"angle":0}],"translate":[{"time":0,"x":0,"y":0,"curve":"stepped"},{"time":0.6667,"x":0,"y":0}],"scale":[{"time":0,"x":1,"y":1,"curve":"stepped"},{"time":0.6667,"x":1,"y":1}]},"bone2":{"rotate":[{"time":0,"angle":0,"curve":"stepped"},{"time":0.6667,"angle":0}],"translate":[{"time":0,"x":0,"y":0,"curve":"stepped"},{"time":0.6667,"x":0,"y":0}],"scale":[{"time":0,"x":1,"y":1,"curve":"stepped"},{"time":0.6667,"x":1,"y":1}]},"bone3":{"rotate":[{"time":0,"angle":0,"curve":"stepped"},{"time":0.6667,"angle":0}],"translate":[{"time":0,"x":0,"y":0,"curve":[0.25,0,0.75,1]},{"time":0.3333,"x":-1.96,"y":0.23,"curve":[0.25,0,0.75,1]},{"time":0.6667,"x":0,"y":0}],"scale":[{"time":0,"x":1,"y":1,"curve":"stepped"},{"time":0.6667,"x":1,"y":1}]}}},"run":{"bones":{"feiji":{"rotate":[{"time":0,"angle":-3.68,"curve":"stepped"},{"time":0.6667,"angle":-3.68}],"translate":[{"time":0,"x":0,"y":0,"curve":[0.382,0.57,0.735,1]},{"time":0.1667,"x":2.06,"y":-3.83,"curve":[0.25,0,0.75,1]},{"time":0.5,"x":-2.4,"y":4.8,"curve":[0.25,0,0.645,0.55]},{"time":0.6667,"x":0,"y":0}],"scale":[{"time":0,"x":1,"y":1,"curve":"stepped"},{"time":0.6667,"x":1,"y":1}]},"jiyi":{"rotate":[{"time":0,"angle":0,"curve":[0.25,0,0.75,1]},{"time":0.3333,"angle":-0.51,"curve":[0.25,0,0.75,1]},{"time":0.6667,"angle":0}],"translate":[{"time":0,"x":0,"y":0,"curve":"stepped"},{"time":0.6667,"x":0,"y":0}],"scale":[{"time":0,"x":1,"y":1,"curve":"stepped"},{"time":0.6667,"x":1,"y":1}]},"daodan":{"rotate":[{"time":0,"angle":0,"curve":"stepped"},{"time":0.6667,"angle":0}],"translate":[{"time":0,"x":0,"y":0,"curve":"stepped"},{"time":0.6667,"x":0,"y":0}],"scale":[{"time":0,"x":1,"y":1,"curve":"stepped"},{"time":0.6667,"x":1,"y":1}]},"qiang":{"rotate":[{"time":0,"angle":0,"curve":"stepped"},{"time":0.6667,"angle":0}],"translate":[{"time":0,"x":0,"y":0,"curve":"stepped"},{"time":0.6667,"x":0,"y":0}],"scale":[{"time":0,"x":1,"y":1,"curve":"stepped"},{"time":0.6667,"x":1,"y":1}]},"qiang3":{"rotate":[{"time":0,"angle":0,"curve":"stepped"},{"time":0.6667,"angle":0}],"translate":[{"time":0,"x":0,"y":0,"curve":"stepped"},{"time":0.6667,"x":0,"y":0}],"scale":[{"time":0,"x":1,"y":1,"curve":"stepped"},{"time":0.6667,"x":1,"y":1}]},"shenti":{"rotate":[{"time":0,"angle":0,"curve":[0.25,0,0.75,1]},{"time":0.3333,"angle":1.15,"curve":[0.25,0,0.75,1]},{"time":0.6667,"angle":0}],"translate":[{"time":0,"x":0,"y":0,"curve":[0.25,0,0.75,1]},{"time":0.3333,"x":0,"y":-1.11,"curve":[0.25,0,0.75,1]},{"time":0.6667,"x":0,"y":0}],"scale":[{"time":0,"x":1,"y":1,"curve":"stepped"},{"time":0.6667,"x":1,"y":1}]},"tou":{"rotate":[{"time":0,"angle":9.12,"curve":[0.382,0.57,0.735,1]},{"time":0.1667,"angle":8.5,"curve":[0.25,0,0.75,1]},{"time":0.5,"angle":9.95,"curve":[0.25,0,0.645,0.55]},{"time":0.6667,"angle":9.12}],"translate":[{"time":0,"x":0,"y":0,"curve":[0.25,0,0.75,1]},{"time":0.3333,"x":-1.72,"y":0.32,"curve":[0.25,0,0.75,1]},{"time":0.6667,"x":0,"y":0}],"scale":[{"time":0,"x":1,"y":1,"curve":"stepped"},{"time":0.6667,"x":1,"y":1}]},"zuoshou":{"rotate":[{"time":0,"angle":0,"curve":"stepped"},{"time":0.6667,"angle":0}],"translate":[{"time":0,"x":0,"y":0,"curve":"stepped"},{"time":0.6667,"x":0,"y":0}],"scale":[{"time":0,"x":1,"y":1,"curve":"stepped"},{"time":0.6667,"x":1,"y":1}]},"bone":{"rotate":[{"time":0,"angle":0,"curve":"stepped"},{"time":0.6667,"angle":0}],"translate":[{"time":0,"x":0,"y":0,"curve":"stepped"},{"time":0.6667,"x":0,"y":0}],"scale":[{"time":0,"x":1,"y":1,"curve":"stepped"},{"time":0.6667,"x":1,"y":1}]},"youshou":{"rotate":[{"time":0,"angle":0,"curve":"stepped"},{"time":0.6667,"angle":0}],"translate":[{"time":0,"x":0,"y":0,"curve":"stepped"},{"time":0.6667,"x":0,"y":0}],"scale":[{"time":0,"x":1,"y":1,"curve":"stepped"},{"time":0.6667,"x":1,"y":1}]},"bone2":{"rotate":[{"time":0,"angle":0,"curve":"stepped"},{"time":0.6667,"angle":0}],"translate":[{"time":0,"x":0,"y":0,"curve":"stepped"},{"time":0.6667,"x":0,"y":0}],"scale":[{"time":0,"x":1,"y":1,"curve":"stepped"},{"time":0.6667,"x":1,"y":1}]},"bone3":{"rotate":[{"time":0,"angle":0,"curve":"stepped"},{"time":0.6667,"angle":0}],"translate":[{"time":0,"x":0,"y":0,"curve":[0.25,0,0.75,1]},{"time":0.3333,"x":-1.96,"y":0.23,"curve":[0.25,0,0.75,1]},{"time":0.6667,"x":0,"y":0}],"scale":[{"time":0,"x":1,"y":1,"curve":"stepped"},{"time":0.6667,"x":1,"y":1}]}}},"skill1":{"slots":{"1":{"color":[{"time":0,"color":"ffffff00"}]},"daodan":{"color":[{"time":2.4333,"color":"ffffffff","curve":"stepped"},{"time":2.4667,"color":"ffffffff","curve":"stepped"},{"time":2.6667,"color":"ffffffff"}],"attachment":[{"time":1.5333,"name":null},{"time":2.4667,"name":"daodan"}]}},"bones":{"feiji":{"rotate":[{"time":0,"angle":0,"curve":[0.284,0.35,0.735,1]},{"time":0.1,"angle":-2.49},{"time":0.1333,"angle":-2.79},{"time":0.3333,"angle":99.88},{"time":0.5667,"angle":-104.74,"curve":[0.179,0.35,0.75,1]},{"time":0.8333,"angle":-5.76,"curve":"stepped"},{"time":0.8667,"angle":-5.76,"curve":"stepped"},{"time":1.4667,"angle":-5.76,"curve":[0.284,0.35,0.735,1]},{"time":1.5667,"angle":-6.36,"curve":[0.171,0.49,0.735,1]},{"time":1.9,"angle":-1.34,"curve":[0.242,0,0.664,0.66]},{"time":2.4667,"angle":0,"curve":"stepped"},{"time":2.6667,"angle":0}],"translate":[{"time":0,"x":0,"y":0,"curve":[0.284,0.35,0.735,1]},{"time":0.1,"x":-10.16,"y":-13.23},{"time":0.1333,"x":3.74,"y":-10.74,"curve":"stepped"},{"time":0.8333,"x":3.74,"y":-10.74,"curve":"stepped"},{"time":0.8667,"x":18.38,"y":50.71},{"time":0.9667,"x":18.74,"y":42.97},{"time":1.0667,"x":18.38,"y":50.71},{"time":1.1667,"x":18.74,"y":42.97},{"time":1.2667,"x":18.38,"y":50.71},{"time":1.3667,"x":18.74,"y":42.97},{"time":1.4667,"x":18.38,"y":36.19},{"time":1.5667,"x":-15.34,"y":37.15,"curve":[0.171,0.49,0.735,1]},{"time":1.9,"x":-33.91,"y":38.01,"curve":[0.242,0,0.664,0.66]},{"time":2.4667,"x":0,"y":0,"curve":"stepped"},{"time":2.6667,"x":0,"y":0}],"scale":[{"time":0,"x":1,"y":1,"curve":"stepped"},{"time":0.1333,"x":1,"y":1,"curve":[0.284,0.35,0.735,1]},{"time":0.8333,"x":0.93,"y":0.934,"curve":"stepped"},{"time":1.9,"x":0.93,"y":0.934,"curve":[0.25,0,0.75,1]},{"time":2.6667,"x":1.001,"y":0.999}]},"jiyi":{"rotate":[{"time":0,"angle":0,"curve":"stepped"},{"time":2.6667,"angle":0}],"translate":[{"time":0,"x":0,"y":0,"curve":"stepped"},{"time":2.6667,"x":0,"y":0}],"scale":[{"time":0,"x":1,"y":1,"curve":"stepped"},{"time":2.6667,"x":1,"y":1}]},"daodan":{"rotate":[{"time":0,"angle":187.5,"curve":"stepped"},{"time":1.5333,"angle":187.5,"curve":[0.279,0.33,0.71,0.9]},{"time":2.4333,"angle":0,"curve":[0.336,0.36,0.669,0.69]},{"time":2.4667,"angle":179.7,"curve":"stepped"},{"time":2.6667,"angle":179.7}],"translate":[{"time":0,"x":0,"y":0,"curve":"stepped"},{"time":1.5333,"x":0,"y":0,"curve":"stepped"},{"time":2.4333,"x":0,"y":0,"curve":"stepped"},{"time":2.4667,"x":0,"y":0,"curve":"stepped"},{"time":2.6667,"x":0,"y":0}],"scale":[{"time":0,"x":1,"y":1,"curve":"stepped"},{"time":1.5333,"x":1,"y":1,"curve":"stepped"},{"time":2.4333,"x":1,"y":1,"curve":"stepped"},{"time":2.4667,"x":1,"y":1,"curve":"stepped"},{"time":2.6667,"x":1,"y":1}]},"qiang":{"rotate":[{"time":0,"angle":0,"curve":"stepped"},{"time":2.6667,"angle":0}],"translate":[{"time":0,"x":0,"y":0,"curve":"stepped"},{"time":2.6667,"x":0,"y":0}],"scale":[{"time":0,"x":1,"y":1,"curve":"stepped"},{"time":2.6667,"x":1,"y":1}]},"qiang3":{"rotate":[{"time":0,"angle":0,"curve":"stepped"},{"time":2.6667,"angle":0}],"translate":[{"time":0,"x":0,"y":0,"curve":"stepped"},{"time":2.6667,"x":0,"y":0}],"scale":[{"time":0,"x":1,"y":1,"curve":"stepped"},{"time":2.6667,"x":1,"y":1}]},"shenti":{"rotate":[{"time":0,"angle":0,"curve":[0.284,0.35,0.735,1]},{"time":0.1,"angle":1.68},{"time":0.2333,"angle":-3.55},{"time":0.8333,"angle":-2.05},{"time":1.4667,"angle":-3.02},{"time":1.5667,"angle":-2.95},{"time":1.9,"angle":-7.11,"curve":[0.252,-0.01,0.62,0.55]},{"time":2.4667,"angle":0,"curve":"stepped"},{"time":2.6667,"angle":0}],"translate":[{"time":0,"x":0,"y":0,"curve":"stepped"},{"time":2.6667,"x":0,"y":0}],"scale":[{"time":0,"x":1,"y":1,"curve":"stepped"},{"time":2.6667,"x":1,"y":1}]},"tou":{"rotate":[{"time":0,"angle":0,"curve":[0.284,0.35,0.735,1]},{"time":0.1,"angle":6.33},{"time":0.2333,"angle":2.4},{"time":0.8333,"angle":11.67},{"time":1.4667,"angle":18.86},{"time":1.5667,"angle":26.11},{"time":1.9,"angle":19.53,"curve":[0.252,-0.01,0.62,0.55]},{"time":2.4667,"angle":0,"curve":"stepped"},{"time":2.6667,"angle":0}],"translate":[{"time":0,"x":0,"y":0,"curve":"stepped"},{"time":2.6667,"x":0,"y":0}],"scale":[{"time":0,"x":1,"y":1,"curve":"stepped"},{"time":2.6667,"x":1,"y":1}]},"zuoshou":{"rotate":[{"time":0,"angle":0,"curve":"stepped"},{"time":2.6667,"angle":0}],"translate":[{"time":0,"x":0,"y":0,"curve":"stepped"},{"time":2.6667,"x":0,"y":0}],"scale":[{"time":0,"x":1,"y":1,"curve":"stepped"},{"time":2.6667,"x":1,"y":1}]},"bone":{"rotate":[{"time":0,"angle":0,"curve":"stepped"},{"time":2.6667,"angle":0}],"translate":[{"time":0,"x":0,"y":0,"curve":"stepped"},{"time":2.6667,"x":0,"y":0}],"scale":[{"time":0,"x":1,"y":1,"curve":"stepped"},{"time":2.6667,"x":1,"y":1}]},"youshou":{"rotate":[{"time":0,"angle":0,"curve":"stepped"},{"time":2.6667,"angle":0}],"translate":[{"time":0,"x":0,"y":0,"curve":"stepped"},{"time":2.6667,"x":0,"y":0}],"scale":[{"time":0,"x":1,"y":1,"curve":"stepped"},{"time":2.6667,"x":1,"y":1}]},"bone2":{"rotate":[{"time":0,"angle":0,"curve":"stepped"},{"time":2.6667,"angle":0}],"translate":[{"time":0,"x":0,"y":0,"curve":"stepped"},{"time":2.6667,"x":0,"y":0}],"scale":[{"time":0,"x":1,"y":1,"curve":"stepped"},{"time":2.6667,"x":1,"y":1}]},"bone3":{"rotate":[{"time":0,"angle":0,"curve":"stepped"},{"time":2.6667,"angle":0}],"translate":[{"time":0,"x":0,"y":0,"curve":"stepped"},{"time":2.6667,"x":0,"y":0}],"scale":[{"time":0,"x":1,"y":1,"curve":"stepped"},{"time":2.6667,"x":1,"y":1}]},"yinying":{"translate":[{"time":0,"x":0,"y":0,"curve":"stepped"},{"time":0.1333,"x":0,"y":0},{"time":0.2333,"x":100,"y":0,"curve":"stepped"},{"time":0.3333,"x":100,"y":0},{"time":0.6667,"x":0,"y":0,"curve":"stepped"},{"time":1.4667,"x":0,"y":0},{"time":1.8,"x":-34,"y":0,"curve":"stepped"},{"time":2,"x":-34,"y":0},{"time":2.5,"x":0,"y":0,"curve":"stepped"},{"time":2.6667,"x":0,"y":0}],"scale":[{"time":0.2333,"x":0.933,"y":0.9},{"time":0.3333,"x":0.833,"y":0.75},{"time":2.5,"x":1,"y":1}]}},"paths":{"2":{"position":[{"time":0.1333,"curve":[0.129,0.42,0.735,1]},{"time":0.8333,"position":1}],"mix":[{"time":0,"rotateMix":0,"translateMix":0,"curve":"stepped"},{"time":0.1,"rotateMix":0,"translateMix":0},{"time":0.1333,"rotateMix":0,"curve":"stepped"},{"time":0.8333,"rotateMix":0,"curve":"stepped"},{"time":0.8667,"rotateMix":0,"translateMix":0.005}]}},"deform":{"default":{"1":{"1":[{"time":0.1333}]}}},"events":[{"time":1.5333,"name":"7010"}]},"skill2":{"bones":{"feiji":{"rotate":[{"time":0,"angle":0},{"time":0.1,"angle":-2.67,"curve":[0.284,0.35,0.735,1]},{"time":0.4333,"angle":6.49},{"time":0.7,"angle":2.59},{"time":1.2,"angle":1.38,"curve":[0.284,0.35,0.735,1]},{"time":1.3333,"angle":14.57},{"time":1.5667,"angle":17.29,"curve":[0.284,0.35,0.735,1]},{"time":1.8,"angle":-4.36,"curve":[0.25,0,0.687,0.61]},{"time":2.0667,"angle":0}],"translate":[{"time":0,"x":0,"y":0},{"time":0.1,"x":-14.45,"y":-12.35,"curve":[0.284,0.35,0.735,1]},{"time":0.4333,"x":38.39,"y":19.89},{"time":0.7,"x":40.96,"y":1.28},{"time":0.8667,"x":36.29,"y":9.06},{"time":1.0333,"x":40.96,"y":1.28},{"time":1.2,"x":36.29,"y":9.06,"curve":[0.284,0.35,0.735,1]},{"time":1.3333,"x":44.5,"y":-0.11},{"time":1.5667,"x":62.7,"y":2.63,"curve":[0.284,0.35,0.735,1]},{"time":2.0667,"x":0,"y":0}],"scale":[{"time":0,"x":1,"y":1,"curve":"stepped"},{"time":1.3333,"x":1,"y":1,"curve":"stepped"},{"time":1.5667,"x":1,"y":1,"curve":"stepped"},{"time":2.0667,"x":1,"y":1}]},"jiyi":{"rotate":[{"time":0,"angle":0,"curve":"stepped"},{"time":1.3333,"angle":0,"curve":"stepped"},{"time":1.5667,"angle":0,"curve":"stepped"},{"time":2.0667,"angle":0}],"translate":[{"time":0,"x":0,"y":0,"curve":"stepped"},{"time":1.3333,"x":0,"y":0,"curve":"stepped"},{"time":1.5667,"x":0,"y":0,"curve":"stepped"},{"time":2.0667,"x":0,"y":0}],"scale":[{"time":0,"x":1,"y":1,"curve":"stepped"},{"time":1.3333,"x":1,"y":1,"curve":"stepped"},{"time":1.5667,"x":1,"y":1,"curve":"stepped"},{"time":2.0667,"x":1,"y":1}]},"daodan":{"rotate":[{"time":0,"angle":0,"curve":"stepped"},{"time":1.3333,"angle":0,"curve":"stepped"},{"time":1.5667,"angle":0,"curve":"stepped"},{"time":2.0667,"angle":0}],"translate":[{"time":0,"x":0,"y":0,"curve":"stepped"},{"time":1.3333,"x":0,"y":0,"curve":"stepped"},{"time":1.5667,"x":0,"y":0,"curve":"stepped"},{"time":2.0667,"x":0,"y":0}],"scale":[{"time":0,"x":1,"y":1,"curve":"stepped"},{"time":1.3333,"x":1,"y":1,"curve":"stepped"},{"time":1.5667,"x":1,"y":1,"curve":"stepped"},{"time":2.0667,"x":1,"y":1}]},"qiang":{"rotate":[{"time":0,"angle":0,"curve":"stepped"},{"time":1.3333,"angle":0,"curve":"stepped"},{"time":1.5667,"angle":0,"curve":"stepped"},{"time":2.0667,"angle":0}],"translate":[{"time":0,"x":0,"y":0,"curve":"stepped"},{"time":1.3333,"x":0,"y":0,"curve":"stepped"},{"time":1.5667,"x":0,"y":0,"curve":"stepped"},{"time":2.0667,"x":0,"y":0}],"scale":[{"time":0,"x":1,"y":1,"curve":"stepped"},{"time":1.3333,"x":1,"y":1,"curve":"stepped"},{"time":1.5667,"x":1,"y":1,"curve":"stepped"},{"time":2.0667,"x":1,"y":1}]},"qiang3":{"rotate":[{"time":0,"angle":0,"curve":"stepped"},{"time":1.3333,"angle":0,"curve":"stepped"},{"time":1.5667,"angle":0,"curve":"stepped"},{"time":2.0667,"angle":0}],"translate":[{"time":0,"x":0,"y":0,"curve":"stepped"},{"time":1.3333,"x":0,"y":0,"curve":"stepped"},{"time":1.5667,"x":0,"y":0,"curve":"stepped"},{"time":2.0667,"x":0,"y":0}],"scale":[{"time":0,"x":1,"y":1,"curve":"stepped"},{"time":1.3333,"x":1,"y":1,"curve":"stepped"},{"time":1.5667,"x":1,"y":1,"curve":"stepped"},{"time":2.0667,"x":1,"y":1}]},"shenti":{"rotate":[{"time":0,"angle":0},{"time":0.1,"angle":2.36},{"time":0.4333,"angle":0},{"time":0.7,"angle":2.99,"curve":"stepped"},{"time":1.2,"angle":2.99,"curve":[0.284,0.35,0.735,1]},{"time":1.3333,"angle":-16.05},{"time":1.5667,"angle":-17.21},{"time":1.8,"angle":-3.04},{"time":2.0667,"angle":0}],"translate":[{"time":0,"x":0,"y":0,"curve":"stepped"},{"time":0.1,"x":0,"y":0,"curve":"stepped"},{"time":0.4333,"x":0,"y":0},{"time":0.7,"x":0.89,"y":-0.7,"curve":"stepped"},{"time":1.2,"x":0.89,"y":-0.7,"curve":"stepped"},{"time":1.3333,"x":0.89,"y":-0.7,"curve":"stepped"},{"time":1.5667,"x":0.89,"y":-0.7},{"time":2.0667,"x":0,"y":0}],"scale":[{"time":0,"x":1,"y":1,"curve":"stepped"},{"time":1.3333,"x":1,"y":1,"curve":"stepped"},{"time":1.5667,"x":1,"y":1,"curve":"stepped"},{"time":2.0667,"x":1,"y":1}]},"tou":{"rotate":[{"time":0,"angle":0},{"time":0.1,"angle":6.42},{"time":0.4333,"angle":1.6},{"time":0.7,"angle":21.09},{"time":0.8667,"angle":17.66},{"time":1.0333,"angle":25.67},{"time":1.2,"angle":28.76,"curve":[0.284,0.35,0.735,1]},{"time":1.3333,"angle":20.4},{"time":1.5667,"angle":12.8},{"time":1.8,"angle":7.77},{"time":2.0667,"angle":0}],"translate":[{"time":0,"x":0,"y":0,"curve":"stepped"},{"time":0.1,"x":0,"y":0,"curve":"stepped"},{"time":0.4333,"x":0,"y":0},{"time":0.7,"x":-4.83,"y":3.7,"curve":"stepped"},{"time":1.2,"x":-4.83,"y":3.7,"curve":[0.284,0.35,0.735,1]},{"time":1.3333,"x":-0.39,"y":-2.13,"curve":"stepped"},{"time":1.5667,"x":-0.39,"y":-2.13},{"time":2.0667,"x":0,"y":0}],"scale":[{"time":0,"x":1,"y":1,"curve":"stepped"},{"time":1.3333,"x":1,"y":1,"curve":"stepped"},{"time":1.5667,"x":1,"y":1,"curve":"stepped"},{"time":2.0667,"x":1,"y":1}]},"zuoshou":{"rotate":[{"time":0,"angle":0},{"time":0.1,"angle":-3.84},{"time":0.4333,"angle":0},{"time":0.7,"angle":3.04,"curve":"stepped"},{"time":1.2,"angle":3.04,"curve":[0.28,0.28,0.642,0.67]},{"time":1.3,"angle":-108.88,"curve":[0.368,0.56,0.731,1]},{"time":1.4,"angle":-155.66},{"time":1.5667,"angle":-163.7},{"time":1.8,"angle":-19.35},{"time":2.0667,"angle":0}],"translate":[{"time":0,"x":0,"y":0,"curve":"stepped"},{"time":0.1,"x":0,"y":0,"curve":"stepped"},{"time":0.4333,"x":0,"y":0},{"time":0.7,"x":-0.74,"y":2.3,"curve":"stepped"},{"time":1.2,"x":-0.74,"y":2.3,"curve":[0.284,0.35,0.735,1]},{"time":1.3333,"x":11.22,"y":3.31,"curve":"stepped"},{"time":1.5667,"x":11.22,"y":3.31},{"time":2.0667,"x":0,"y":0}],"scale":[{"time":0,"x":1,"y":1,"curve":"stepped"},{"time":1.3333,"x":1,"y":1,"curve":"stepped"},{"time":1.5667,"x":1,"y":1,"curve":"stepped"},{"time":2.0667,"x":1,"y":1}]},"bone":{"rotate":[{"time":0,"angle":0,"curve":"stepped"},{"time":0.1,"angle":0,"curve":"stepped"},{"time":0.4333,"angle":0},{"time":0.7,"angle":11.9,"curve":"stepped"},{"time":1.2,"angle":11.9,"curve":[0.28,0.28,0.642,0.67]},{"time":1.3,"angle":43.68,"curve":[0.368,0.56,0.731,1]},{"time":1.3333,"angle":-3.57},{"time":1.5667,"angle":-10.09},{"time":2.0667,"angle":0}],"translate":[{"time":0,"x":0,"y":0,"curve":"stepped"},{"time":0.1,"x":0,"y":0,"curve":"stepped"},{"time":0.4333,"x":0,"y":0},{"time":0.7,"x":15.6,"y":3.95,"curve":"stepped"},{"time":1.2,"x":15.6,"y":3.95,"curve":"stepped"},{"time":1.3333,"x":15.6,"y":3.95,"curve":"stepped"},{"time":1.5667,"x":15.6,"y":3.95},{"time":2.0667,"x":0,"y":0}],"scale":[{"time":0,"x":1,"y":1,"curve":"stepped"},{"time":1.3333,"x":1,"y":1,"curve":"stepped"},{"time":1.5667,"x":1,"y":1,"curve":"stepped"},{"time":2.0667,"x":1,"y":1}]},"youshou":{"rotate":[{"time":0,"angle":0,"curve":"stepped"},{"time":0.1,"angle":0,"curve":"stepped"},{"time":0.4333,"angle":0},{"time":0.7,"angle":10.72,"curve":"stepped"},{"time":1.2,"angle":10.72,"curve":[0.284,0.35,0.735,1]},{"time":1.3333,"angle":22.22,"curve":"stepped"},{"time":1.5667,"angle":22.22},{"time":2.0667,"angle":0}],"translate":[{"time":0,"x":0,"y":0,"curve":"stepped"},{"time":0.1,"x":0,"y":0,"curve":"stepped"},{"time":0.4333,"x":0,"y":0,"curve":"stepped"},{"time":1.3333,"x":0,"y":0,"curve":"stepped"},{"time":1.5667,"x":0,"y":0,"curve":"stepped"},{"time":2.0667,"x":0,"y":0}],"scale":[{"time":0,"x":1,"y":1,"curve":"stepped"},{"time":1.3333,"x":1,"y":1,"curve":"stepped"},{"time":1.5667,"x":1,"y":1,"curve":"stepped"},{"time":2.0667,"x":1,"y":1}]},"bone2":{"rotate":[{"time":0,"angle":0,"curve":"stepped"},{"time":0.1,"angle":0,"curve":"stepped"},{"time":0.4333,"angle":0,"curve":"stepped"},{"time":1.3333,"angle":0,"curve":"stepped"},{"time":1.5667,"angle":0,"curve":"stepped"},{"time":2.0667,"angle":0}],"translate":[{"time":0,"x":0,"y":0,"curve":"stepped"},{"time":0.1,"x":0,"y":0,"curve":"stepped"},{"time":0.4333,"x":0,"y":0,"curve":"stepped"},{"time":1.3333,"x":0,"y":0,"curve":"stepped"},{"time":1.5667,"x":0,"y":0,"curve":"stepped"},{"time":2.0667,"x":0,"y":0}],"scale":[{"time":0,"x":1,"y":1,"curve":"stepped"},{"time":1.3333,"x":1,"y":1,"curve":"stepped"},{"time":1.5667,"x":1,"y":1,"curve":"stepped"},{"time":2.0667,"x":1,"y":1}]},"bone3":{"rotate":[{"time":0,"angle":0,"curve":"stepped"},{"time":1.3333,"angle":0,"curve":"stepped"},{"time":1.5667,"angle":0,"curve":"stepped"},{"time":2.0667,"angle":0}],"translate":[{"time":0,"x":0,"y":0},{"time":0.7,"x":4.54,"y":-0.44,"curve":"stepped"},{"time":1.2,"x":4.54,"y":-0.44,"curve":"stepped"},{"time":1.3333,"x":4.54,"y":-0.44,"curve":"stepped"},{"time":1.5667,"x":4.54,"y":-0.44},{"time":2.0667,"x":0,"y":0}],"scale":[{"time":0,"x":1,"y":1,"curve":"stepped"},{"time":1.3333,"x":1,"y":1,"curve":"stepped"},{"time":1.5667,"x":1,"y":1,"curve":"stepped"},{"time":2.0667,"x":1,"y":1}]},"yinying":{"translate":[{"time":0,"x":0,"y":0},{"time":0.6333,"x":26,"y":0,"curve":"stepped"},{"time":1.6667,"x":26,"y":0},{"time":2.0667,"x":0,"y":0}]}},"drawOrder":[{"time":1.2333,"offsets":[{"slot":"zuoshou","offset":2}]},{"time":1.8}],"events":[{"time":1.2667,"name":"2050"}]},"up":{"bones":{"tou":{"rotate":[{"time":0,"angle":33.12},{"time":0.1667,"angle":27.81,"curve":[0.169,0.33,0.75,1]},{"time":0.5667,"angle":-0.9,"curve":[0.25,0,0.645,0.55]},{"time":0.9,"angle":0}],"translate":[{"time":0,"x":0,"y":0,"curve":"stepped"},{"time":0.1667,"x":0,"y":0,"curve":"stepped"},{"time":0.9,"x":0,"y":0}],"scale":[{"time":0,"x":1,"y":1,"curve":"stepped"},{"time":0.1667,"x":1,"y":1,"curve":"stepped"},{"time":0.9,"x":1,"y":1}]},"shenti":{"rotate":[{"time":0,"angle":9.17},{"time":0.1667,"angle":-2.33,"curve":[0.169,0.33,0.75,1]},{"time":0.5667,"angle":2.12,"curve":[0.25,0,0.645,0.55]},{"time":0.9,"angle":0}],"translate":[{"time":0,"x":0,"y":0,"curve":"stepped"},{"time":0.1667,"x":0,"y":0,"curve":"stepped"},{"time":0.9,"x":0,"y":0}],"scale":[{"time":0,"x":1,"y":1,"curve":"stepped"},{"time":0.1667,"x":1,"y":1,"curve":"stepped"},{"time":0.9,"x":1,"y":1}]},"qiang":{"rotate":[{"time":0,"angle":0,"curve":"stepped"},{"time":0.1667,"angle":0,"curve":"stepped"},{"time":0.9,"angle":0}],"translate":[{"time":0,"x":0,"y":0,"curve":"stepped"},{"time":0.1667,"x":0,"y":0,"curve":"stepped"},{"time":0.9,"x":0,"y":0}],"scale":[{"time":0,"x":1,"y":1,"curve":"stepped"},{"time":0.1667,"x":1,"y":1,"curve":"stepped"},{"time":0.9,"x":1,"y":1}]},"jiyi":{"rotate":[{"time":0,"angle":0,"curve":"stepped"},{"time":0.1667,"angle":0,"curve":"stepped"},{"time":0.9,"angle":0}],"translate":[{"time":0,"x":0,"y":0,"curve":"stepped"},{"time":0.1667,"x":0,"y":0,"curve":"stepped"},{"time":0.9,"x":0,"y":0}],"scale":[{"time":0,"x":1,"y":1,"curve":"stepped"},{"time":0.1667,"x":1,"y":1,"curve":"stepped"},{"time":0.9,"x":1,"y":1}]},"feiji":{"rotate":[{"time":0,"angle":-3.49},{"time":0.1667,"angle":-3.59,"curve":[0.169,0.33,0.75,1]},{"time":0.5667,"angle":17.38,"curve":[0.25,0,0.645,0.55]},{"time":0.9,"angle":0}],"translate":[{"time":0,"x":-58.66,"y":-68.87},{"time":0.1667,"x":-58.66,"y":-71.63,"curve":[0.169,0.33,0.75,1]},{"time":0.5667,"x":39.19,"y":59.14,"curve":[0.25,0,0.645,0.55]},{"time":0.9,"x":0,"y":0}],"scale":[{"time":0,"x":1,"y":1,"curve":"stepped"},{"time":0.1667,"x":1,"y":1,"curve":"stepped"},{"time":0.9,"x":1,"y":1}]},"qiang3":{"rotate":[{"time":0,"angle":0,"curve":"stepped"},{"time":0.1667,"angle":0,"curve":"stepped"},{"time":0.9,"angle":0}],"translate":[{"time":0,"x":0,"y":0,"curve":"stepped"},{"time":0.1667,"x":0,"y":0,"curve":"stepped"},{"time":0.9,"x":0,"y":0}],"scale":[{"time":0,"x":1,"y":1,"curve":"stepped"},{"time":0.1667,"x":1,"y":1,"curve":"stepped"},{"time":0.9,"x":1,"y":1}]},"daodan":{"rotate":[{"time":0,"angle":0,"curve":"stepped"},{"time":0.1667,"angle":0,"curve":"stepped"},{"time":0.9,"angle":0}],"translate":[{"time":0,"x":0,"y":0,"curve":"stepped"},{"time":0.1667,"x":0,"y":0,"curve":"stepped"},{"time":0.9,"x":0,"y":0}],"scale":[{"time":0,"x":1,"y":1,"curve":"stepped"},{"time":0.1667,"x":1,"y":1,"curve":"stepped"},{"time":0.9,"x":1,"y":1}]},"bone3":{"rotate":[{"time":0,"angle":0,"curve":"stepped"},{"time":0.1667,"angle":0,"curve":"stepped"},{"time":0.9,"angle":0}],"translate":[{"time":0,"x":0,"y":0,"curve":"stepped"},{"time":0.1667,"x":0,"y":0,"curve":"stepped"},{"time":0.9,"x":0,"y":0}],"scale":[{"time":0,"x":1,"y":1,"curve":"stepped"},{"time":0.1667,"x":1,"y":1,"curve":"stepped"},{"time":0.9,"x":1,"y":1}]},"zuoshou":{"rotate":[{"time":0,"angle":0,"curve":"stepped"},{"time":0.1667,"angle":0,"curve":"stepped"},{"time":0.9,"angle":0}],"translate":[{"time":0,"x":0,"y":0,"curve":"stepped"},{"time":0.1667,"x":0,"y":0,"curve":"stepped"},{"time":0.9,"x":0,"y":0}],"scale":[{"time":0,"x":1,"y":1,"curve":"stepped"},{"time":0.1667,"x":1,"y":1,"curve":"stepped"},{"time":0.9,"x":1,"y":1}]},"bone":{"rotate":[{"time":0,"angle":-10.13,"curve":"stepped"},{"time":0.1667,"angle":-10.13,"curve":[0.169,0.33,0.75,1]},{"time":0.9,"angle":0}],"translate":[{"time":0,"x":0,"y":0,"curve":"stepped"},{"time":0.1667,"x":0,"y":0,"curve":"stepped"},{"time":0.9,"x":0,"y":0}],"scale":[{"time":0,"x":1,"y":1,"curve":"stepped"},{"time":0.1667,"x":1,"y":1,"curve":"stepped"},{"time":0.9,"x":1,"y":1}]},"bone2":{"rotate":[{"time":0,"angle":-11.31,"curve":"stepped"},{"time":0.1667,"angle":-11.31,"curve":[0.169,0.33,0.75,1]},{"time":0.9,"angle":0}],"translate":[{"time":0,"x":0,"y":0,"curve":"stepped"},{"time":0.1667,"x":0,"y":0,"curve":"stepped"},{"time":0.9,"x":0,"y":0}],"scale":[{"time":0,"x":1,"y":1,"curve":"stepped"},{"time":0.1667,"x":1,"y":1,"curve":"stepped"},{"time":0.9,"x":1,"y":1}]},"youshou":{"rotate":[{"time":0,"angle":0,"curve":"stepped"},{"time":0.1667,"angle":0,"curve":"stepped"},{"time":0.9,"angle":0}],"translate":[{"time":0,"x":0,"y":0,"curve":"stepped"},{"time":0.1667,"x":0,"y":0,"curve":"stepped"},{"time":0.9,"x":0,"y":0}],"scale":[{"time":0,"x":1,"y":1,"curve":"stepped"},{"time":0.1667,"x":1,"y":1,"curve":"stepped"},{"time":0.9,"x":1,"y":1}]},"yinying":{"translate":[{"time":0,"x":-40,"y":0,"curve":"stepped"},{"time":0.1667,"x":-40,"y":0},{"time":0.4,"x":0,"y":0}]}}},"vertigo":{"bones":{"feiji":{"rotate":[{"time":0,"angle":0,"curve":[0.25,0,0.75,1]},{"time":0.5,"angle":0.34,"curve":[0.25,0,0.75,1]},{"time":1,"angle":0}],"translate":[{"time":0,"x":0,"y":0,"curve":[0.25,0,0.75,1]},{"time":0.5,"x":4.53,"y":-14.04,"curve":[0.25,0,0.75,1]},{"time":1,"x":0,"y":0}],"scale":[{"time":0,"x":1,"y":1,"curve":"stepped"},{"time":1,"x":1,"y":1}]},"jiyi":{"rotate":[{"time":0,"angle":0,"curve":"stepped"},{"time":1,"angle":0}],"translate":[{"time":0,"x":0,"y":0,"curve":"stepped"},{"time":1,"x":0,"y":0}],"scale":[{"time":0,"x":1,"y":1,"curve":"stepped"},{"time":1,"x":1,"y":1}]},"daodan":{"rotate":[{"time":0,"angle":0,"curve":"stepped"},{"time":1,"angle":0}],"translate":[{"time":0,"x":0,"y":0,"curve":"stepped"},{"time":1,"x":0,"y":0}],"scale":[{"time":0,"x":1,"y":1,"curve":"stepped"},{"time":1,"x":1,"y":1}]},"qiang":{"rotate":[{"time":0,"angle":0,"curve":"stepped"},{"time":1,"angle":0}],"translate":[{"time":0,"x":0,"y":0,"curve":"stepped"},{"time":1,"x":0,"y":0}],"scale":[{"time":0,"x":1,"y":1,"curve":"stepped"},{"time":1,"x":1,"y":1}]},"qiang3":{"rotate":[{"time":0,"angle":0,"curve":"stepped"},{"time":1,"angle":0}],"translate":[{"time":0,"x":0,"y":0,"curve":"stepped"},{"time":1,"x":0,"y":0}],"scale":[{"time":0,"x":1,"y":1,"curve":"stepped"},{"time":1,"x":1,"y":1}]},"shenti":{"rotate":[{"time":0,"angle":12.26,"curve":[0.382,0.57,0.735,1]},{"time":0.1,"angle":11.64,"curve":[0.25,0,0.75,1]},{"time":0.6,"angle":16.11,"curve":[0.25,0,0.645,0.55]},{"time":1,"angle":12.26}],"translate":[{"time":0,"x":0,"y":0,"curve":"stepped"},{"time":1,"x":0,"y":0}],"scale":[{"time":0,"x":1,"y":1,"curve":"stepped"},{"time":1,"x":1,"y":1}]},"tou":{"rotate":[{"time":0,"angle":29.14,"curve":[0.382,0.57,0.735,1]},{"time":0.2,"angle":27.18,"curve":[0.25,0,0.75,1]},{"time":0.7,"angle":30.72,"curve":[0.25,0,0.645,0.55]},{"time":1,"angle":29.14}],"translate":[{"time":0,"x":0,"y":0,"curve":"stepped"},{"time":1,"x":0,"y":0}],"scale":[{"time":0,"x":1,"y":1,"curve":"stepped"},{"time":1,"x":1,"y":1}]},"zuoshou":{"rotate":[{"time":0,"angle":0,"curve":[0.25,0,0.75,1]},{"time":0.5,"angle":0.11,"curve":[0.25,0,0.75,1]},{"time":1,"angle":0}],"translate":[{"time":0,"x":0,"y":0,"curve":"stepped"},{"time":1,"x":0,"y":0}],"scale":[{"time":0,"x":1,"y":1,"curve":"stepped"},{"time":1,"x":1,"y":1}]},"bone":{"rotate":[{"time":0,"angle":0,"curve":[0.25,0,0.75,1]},{"time":0.5,"angle":-6.77,"curve":[0.25,0,0.75,1]},{"time":1,"angle":0}],"translate":[{"time":0,"x":0,"y":0,"curve":"stepped"},{"time":1,"x":0,"y":0}],"scale":[{"time":0,"x":1,"y":1,"curve":"stepped"},{"time":1,"x":1,"y":1}]},"youshou":{"rotate":[{"time":0,"angle":0,"curve":"stepped"},{"time":1,"angle":0}],"translate":[{"time":0,"x":0,"y":0,"curve":"stepped"},{"time":1,"x":0,"y":0}],"scale":[{"time":0,"x":1,"y":1,"curve":"stepped"},{"time":1,"x":1,"y":1}]},"bone2":{"rotate":[{"time":0,"angle":0,"curve":"stepped"},{"time":1,"angle":0}],"translate":[{"time":0,"x":0,"y":0,"curve":"stepped"},{"time":1,"x":0,"y":0}],"scale":[{"time":0,"x":1,"y":1,"curve":"stepped"},{"time":1,"x":1,"y":1}]},"bone3":{"rotate":[{"time":0,"angle":0,"curve":"stepped"},{"time":1,"angle":0}],"translate":[{"time":0,"x":0,"y":0,"curve":"stepped"},{"time":1,"x":0,"y":0}],"scale":[{"time":0,"x":1,"y":1,"curve":"stepped"},{"time":1,"x":1,"y":1}]}}}}}