{"skeleton":{"hash":"Hqot5Fw6eagRHvKSj9J8qLz6N9E","spine":"3.5.35","width":96,"height":123},"bones":[{"name":"root"},{"name":"fx_passive1","parent":"root"},{"name":"fx_guangyun1","parent":"fx_passive1"},{"name":"fx_kuoquan1","parent":"fx_passive1"},{"name":"fx_kuoquan2","parent":"fx_passive1"},{"name":"fx_passive1lvtiao_zong","parent":"fx_passive1"},{"name":"fx_lvtiao1","parent":"fx_passive1lvtiao_zong"},{"name":"fx_lvtiao2","parent":"fx_passive1lvtiao_zong"},{"name":"fx_lvtiao3","parent":"fx_passive1lvtiao_zong"},{"name":"fx_lvtiao4","parent":"fx_passive1lvtiao_zong"},{"name":"fx_lvtiao5","parent":"fx_passive1lvtiao_zong"},{"name":"fx_lvtiao6","parent":"fx_passive1lvtiao_zong"},{"name":"fx_lvtiao7","parent":"fx_passive1lvtiao_zong"},{"name":"fx_lvtiao8","parent":"fx_passive1lvtiao_zong"},{"name":"fx_passive1_diquan1","parent":"fx_passive1"},{"name":"fx_passive1tuteng","parent":"fx_passive1"},{"name":"fx_passive1xing_zong","parent":"fx_passive1"},{"name":"fx_passive1zadiguang1","parent":"fx_passive1"},{"name":"fx_tuowei1","parent":"fx_passive1"},{"name":"fx_xiaosanquan1","parent":"fx_passive1"},{"name":"fx_xing1","parent":"fx_passive1xing_zong"},{"name":"fx_xing2","parent":"fx_passive1xing_zong"},{"name":"fx_xing3","parent":"fx_passive1xing_zong"},{"name":"fx_xing4","parent":"fx_passive1xing_zong"},{"name":"fx_xing5","parent":"fx_passive1xing_zong"},{"name":"fx_xing6","parent":"fx_passive1xing_zong"},{"name":"fx_xing7","parent":"fx_passive1xing_zong"},{"name":"fx_xing8","parent":"fx_passive1xing_zong"},{"name":"fx_zadiyan","parent":"fx_passive1"},{"name":"headbuff","parent":"root","y":160},{"name":"shouji","parent":"root","y":50}],"slots":[{"name":"skill1/fx_skill1_guangyun","bone":"fx_guangyun1"},{"name":"skill2/fx_skill2_zadiquan_00000","bone":"fx_passive1_diquan1"},{"name":"skill2/fx_skill2_tuowei_00000","bone":"fx_tuowei1"},{"name":"skill2/fx_skill2_kuosanquan","bone":"fx_kuoquan1","blend":"additive"},{"name":"skill2/fx_skill2_kuosanquan2","bone":"fx_kuoquan2","blend":"additive"},{"name":"zhiliao_tt","bone":"fx_passive1tuteng","attachment":"chaofeng_tt"},{"name":"skill2/fx_skill2_lvtiao_00000","bone":"fx_lvtiao1","blend":"additive"},{"name":"skill2/fx_skill2_lvtiao_0","bone":"fx_lvtiao2","blend":"additive"},{"name":"skill2/fx_skill2_lvtiao_1","bone":"fx_lvtiao3","blend":"additive"},{"name":"skill2/fx_skill2_lvtiao_2","bone":"fx_lvtiao4","blend":"additive"},{"name":"skill2/fx_skill2_lvtiao_3","bone":"fx_lvtiao5","blend":"additive"},{"name":"skill2/fx_skill2_lvtiao_4","bone":"fx_lvtiao6","blend":"additive"},{"name":"skill2/fx_skill2_lvtiao_5","bone":"fx_lvtiao7","blend":"additive"},{"name":"skill2/fx_skill2_lvtiao_6","bone":"fx_lvtiao8","blend":"additive"},{"name":"skill2/fx_skill2_xing_00000","bone":"fx_xing1"},{"name":"skill2/fx_skill2_xing_0","bone":"fx_xing2"},{"name":"skill2/fx_skill2_xing_1","bone":"fx_xing3"},{"name":"skill2/fx_skill2_xing_2","bone":"fx_xing4"},{"name":"skill2/fx_skill2_xing_3","bone":"fx_xing5"},{"name":"skill2/fx_skill2_xing_4","bone":"fx_xing6"},{"name":"skill2/fx_skill2_xing_5","bone":"fx_xing7"},{"name":"skill2/fx_skill2_xing_6","bone":"fx_xing8"},{"name":"skill2/fx_skill2_zadiguang_00000","bone":"fx_passive1zadiguang1","blend":"additive"},{"name":"skill2/fx_skill2_zadiyan_00000","bone":"fx_zadiyan"},{"name":"passive1/fx_passive1_xiaosanquan_00000","bone":"fx_xiaosanquan1"},{"name":"shouji","bone":"shouji"},{"name":"headbuff","bone":"headbuff"}],"skins":{"default":{"passive1/fx_passive1_xiaosanquan_00000":{"passive1/fx_passive1_xiaosanquan_00000":{"width":209,"height":87},"passive1/fx_passive1_xiaosanquan_00001":{"width":209,"height":87},"passive1/fx_passive1_xiaosanquan_00002":{"width":209,"height":87},"passive1/fx_passive1_xiaosanquan_00003":{"width":209,"height":87},"passive1/fx_passive1_xiaosanquan_00004":{"width":209,"height":87},"passive1/fx_passive1_xiaosanquan_00005":{"width":209,"height":87},"passive1/fx_passive1_xiaosanquan_00006":{"width":209,"height":87},"passive1/fx_passive1_xiaosanquan_00007":{"width":209,"height":87},"passive1/fx_passive1_xiaosanquan_00008":{"width":209,"height":87},"passive1/fx_passive1_xiaosanquan_00009":{"width":209,"height":87},"passive1/fx_passive1_xiaosanquan_00010":{"width":209,"height":87},"passive1/fx_passive1_xiaosanquan_00011":{"width":209,"height":87}},"skill1/fx_skill1_guangyun":{"skill1/fx_skill1_guangyun":{"width":128,"height":128}},"skill2/fx_skill2_kuosanquan":{"skill2/fx_skill2_kuosanquan":{"width":242,"height":120}},"skill2/fx_skill2_kuosanquan2":{"skill2/fx_skill2_kuosanquan":{"width":242,"height":120}},"skill2/fx_skill2_lvtiao_0":{"passive1/fx_passive1_jiantou_00000":{"width":59,"height":76}},"skill2/fx_skill2_lvtiao_00000":{"passive1/fx_passive1_jiantou_00000":{"width":59,"height":76}},"skill2/fx_skill2_lvtiao_1":{"passive1/fx_passive1_jiantou_00000":{"width":59,"height":76}},"skill2/fx_skill2_lvtiao_2":{"passive1/fx_passive1_jiantou_00000":{"width":59,"height":76}},"skill2/fx_skill2_lvtiao_3":{"passive1/fx_passive1_jiantou_00000":{"width":59,"height":76}},"skill2/fx_skill2_lvtiao_4":{"passive1/fx_passive1_jiantou_00000":{"width":59,"height":76}},"skill2/fx_skill2_lvtiao_5":{"passive1/fx_passive1_jiantou_00000":{"width":59,"height":76}},"skill2/fx_skill2_lvtiao_6":{"passive1/fx_passive1_jiantou_00000":{"width":59,"height":76}},"skill2/fx_skill2_tuowei_00000":{"passive1/fx_passive1_tuowei_00000":{"y":62.6,"width":61,"height":152}},"skill2/fx_skill2_xing_0":{"passive1/fx_passive1_xing_00000":{"width":80,"height":81}},"skill2/fx_skill2_xing_00000":{"passive1/fx_passive1_xing_00000":{"width":80,"height":81}},"skill2/fx_skill2_xing_1":{"passive1/fx_passive1_xing_00000":{"width":80,"height":81}},"skill2/fx_skill2_xing_2":{"passive1/fx_passive1_xing_00000":{"width":80,"height":81}},"skill2/fx_skill2_xing_3":{"passive1/fx_passive1_xing_00000":{"width":80,"height":81}},"skill2/fx_skill2_xing_4":{"passive1/fx_passive1_xing_00000":{"width":80,"height":81}},"skill2/fx_skill2_xing_5":{"passive1/fx_passive1_xing_00000":{"width":80,"height":81}},"skill2/fx_skill2_xing_6":{"passive1/fx_passive1_xing_00000":{"width":80,"height":81}},"skill2/fx_skill2_zadiguang_00000":{"passive1/fx_passive1_zadiguang_00000":{"y":40.2,"width":172,"height":101}},"skill2/fx_skill2_zadiquan_00000":{"passive1/fx_passive1_zadiquan_00000":{"width":209,"height":88},"passive1/fx_passive1_zadiquan_00001":{"width":209,"height":88},"passive1/fx_passive1_zadiquan_00002":{"width":209,"height":88},"passive1/fx_passive1_zadiquan_00003":{"width":209,"height":88},"passive1/fx_passive1_zadiquan_00004":{"width":209,"height":88},"passive1/fx_passive1_zadiquan_00005":{"width":209,"height":88},"passive1/fx_passive1_zadiquan_00006":{"width":209,"height":88}},"skill2/fx_skill2_zadiyan_00000":{"skill2/fx_skill2_zadiyan_00000":{"width":219,"height":205},"skill2/fx_skill2_zadiyan_00001":{"width":219,"height":205},"skill2/fx_skill2_zadiyan_00002":{"width":219,"height":205},"skill2/fx_skill2_zadiyan_00003":{"width":219,"height":205},"skill2/fx_skill2_zadiyan_00004":{"width":219,"height":205},"skill2/fx_skill2_zadiyan_00005":{"width":219,"height":205},"skill2/fx_skill2_zadiyan_00006":{"width":219,"height":205},"skill2/fx_skill2_zadiyan_00007":{"width":219,"height":205},"skill2/fx_skill2_zadiyan_00008":{"width":219,"height":205}},"zhiliao_tt":{"chaofeng_tt":{"x":-5.8,"y":52.09,"width":96,"height":123}}}},"animations":{"die":{"slots":{"passive1/fx_passive1_xiaosanquan_00000":{"color":[{"time":0.0333,"color":"f20c00ff"},{"time":0.2333,"color":"3d0000ff"}],"attachment":[{"time":0.0333,"name":"passive1/fx_passive1_xiaosanquan_00000"},{"time":0.0667,"name":"passive1/fx_passive1_xiaosanquan_00001"},{"time":0.1,"name":"passive1/fx_passive1_xiaosanquan_00002"},{"time":0.1333,"name":"passive1/fx_passive1_xiaosanquan_00003"},{"time":0.1667,"name":"passive1/fx_passive1_xiaosanquan_00004"},{"time":0.2,"name":"passive1/fx_passive1_xiaosanquan_00005"},{"time":0.2333,"name":"passive1/fx_passive1_xiaosanquan_00006"},{"time":0.2667,"name":"passive1/fx_passive1_xiaosanquan_00007"},{"time":0.3,"name":"passive1/fx_passive1_xiaosanquan_00008"},{"time":0.3333,"name":"passive1/fx_passive1_xiaosanquan_00009"},{"time":0.3667,"name":"passive1/fx_passive1_xiaosanquan_00010"},{"time":0.4,"name":"passive1/fx_passive1_xiaosanquan_00011"},{"time":0.4333,"name":null}]},"skill1/fx_skill1_guangyun":{"color":[{"time":0.0333,"color":"ff150065","curve":[0.234,0.31,0.853,1]},{"time":0.2667,"color":"ff000005"}],"attachment":[{"time":0.0333,"name":"skill1/fx_skill1_guangyun"},{"time":0.3,"name":null}]},"skill2/fx_skill2_xing_00000":{"color":[{"time":0.0333,"color":"ffffff33"},{"time":0.1333,"color":"ffffffff","curve":"stepped"},{"time":0.2667,"color":"ffffffff"},{"time":0.4,"color":"ffffff26"}],"attachment":[{"time":0.0333,"name":"passive1/fx_passive1_xing_00000"},{"time":0.4333,"name":null}]},"skill2/fx_skill2_xing_0":{"color":[{"time":0.0333,"color":"ffffffff","curve":"stepped"},{"time":0.1333,"color":"ffffffff","curve":"stepped"},{"time":0.3667,"color":"ffffffff"},{"time":0.5667,"color":"ffffff26"}],"attachment":[{"time":0.0333,"name":"passive1/fx_passive1_xing_00000"},{"time":0.6,"name":null}]},"skill2/fx_skill2_xing_1":{"color":[{"time":0.0333,"color":"ffffffff","curve":"stepped"},{"time":0.1667,"color":"ffffffff"},{"time":0.3,"color":"ffffff26"}],"attachment":[{"time":0.0333,"name":"passive1/fx_passive1_xing_00000"},{"time":0.3333,"name":null}]},"skill2/fx_skill2_xing_2":{"color":[{"time":0.0333,"color":"ffffffff","curve":"stepped"},{"time":0.1333,"color":"ffffffff","curve":"stepped"},{"time":0.2333,"color":"ffffffff"},{"time":0.3667,"color":"ffffff26"}],"attachment":[{"time":0.0333,"name":"passive1/fx_passive1_xing_00000"},{"time":0.4,"name":null}]},"skill2/fx_skill2_xing_3":{"color":[{"time":0.0333,"color":"ffffff33"},{"time":0.2,"color":"ffffffff","curve":"stepped"},{"time":0.4,"color":"ffffffff"},{"time":0.7,"color":"ffffff1a"}],"attachment":[{"time":0.0333,"name":"passive1/fx_passive1_xing_00000"},{"time":0.7333,"name":null}]},"skill2/fx_skill2_xing_4":{"color":[{"time":0.0333,"color":"ffffffea"},{"time":0.1333,"color":"ffffffff","curve":"stepped"},{"time":0.2667,"color":"ffffffff"},{"time":0.4,"color":"ffffff26"}],"attachment":[{"time":0.0333,"name":"passive1/fx_passive1_xing_00000"},{"time":0.4333,"name":null}]},"skill2/fx_skill2_xing_5":{"color":[{"time":0.0333,"color":"ffffffb2"},{"time":0.2333,"color":"ffffff13"}],"attachment":[{"time":0.0333,"name":"passive1/fx_passive1_xing_00000"},{"time":0.2667,"name":null}]},"skill2/fx_skill2_xing_6":{"color":[{"time":0.0667,"color":"ffffff33"},{"time":0.2,"color":"ffffffff","curve":"stepped"},{"time":0.3333,"color":"ffffffff"},{"time":0.5667,"color":"ffffff26"}],"attachment":[{"time":0.0667,"name":"passive1/fx_passive1_xing_00000"},{"time":0.6,"name":null}]},"skill2/fx_skill2_zadiguang_00000":{"color":[{"time":0.0333,"color":"ffffffff","curve":"stepped"},{"time":0.1333,"color":"ffffffff","curve":[0.195,0.44,0.75,1]},{"time":0.2667,"color":"ffffff06"}],"attachment":[{"time":0.0333,"name":"passive1/fx_passive1_zadiguang_00000"},{"time":0.3,"name":null}]},"zhiliao_tt":{"color":[{"time":0,"color":"ffffffff"}],"attachment":[{"time":0,"name":"chaofeng_tt"},{"time":0.1,"name":null}]}},"bones":{"fx_passive1tuteng":{"rotate":[{"time":0,"angle":0}],"translate":[{"time":0,"x":0,"y":0}],"scale":[{"time":0,"x":1,"y":1}]},"fx_passive1zadiguang1":{"rotate":[{"time":0.0333,"angle":0}],"translate":[{"time":0.0333,"x":0,"y":0},{"time":0.2667,"x":0,"y":12.99}],"scale":[{"time":0.0333,"x":0.952,"y":1.461,"curve":[0.195,0.44,0.75,1]},{"time":0.2667,"x":0.143,"y":4.062}]},"fx_guangyun1":{"rotate":[{"time":0.0333,"angle":0}],"translate":[{"time":0.0333,"x":0,"y":0}],"scale":[{"time":0.0333,"x":1.572,"y":0.798,"curve":[0.187,0.46,0.75,1]},{"time":0.2667,"x":2,"y":1.015}]},"fx_xiaosanquan1":{"translate":[{"time":0.0333,"x":0,"y":5.64}],"scale":[{"time":0.0333,"x":1.386,"y":1.386}]},"fx_xing1":{"rotate":[{"time":0.0333,"angle":0}],"translate":[{"time":0.0333,"x":-27.2,"y":34.8},{"time":0.1333,"x":-27.2,"y":55.3},{"time":0.3,"x":-27.2,"y":84.34},{"time":0.4,"x":-27.2,"y":99.74}],"scale":[{"time":0.0333,"x":0.226,"y":0.226},{"time":0.1333,"x":0.455,"y":0.455,"curve":[0,0,0.437,0.45]},{"time":0.3,"x":0.285,"y":0.285,"curve":[0.377,0.43,0.889,1]},{"time":0.4,"x":0.184,"y":0.184}]},"fx_xing2":{"rotate":[{"time":0.0333,"angle":0}],"translate":[{"time":0.0333,"x":-37.31,"y":31.34},{"time":0.1333,"x":-37.31,"y":48.04},{"time":0.3667,"x":-37.31,"y":79.98},{"time":0.5667,"x":-37.31,"y":102.82}],"scale":[{"time":0.0333,"x":0.247,"y":0.247},{"time":0.1333,"x":0.295,"y":0.295,"curve":[0,0,0.437,0.45]},{"time":0.3667,"x":0.185,"y":0.185,"curve":[0.377,0.43,0.889,1]},{"time":0.5667,"x":0.106,"y":0.106}]},"fx_xing3":{"rotate":[{"time":0.0333,"angle":0}],"translate":[{"time":0.0333,"x":-12.63,"y":75.82},{"time":0.1667,"x":-12.63,"y":96.67},{"time":0.3,"x":-12.63,"y":115.44}],"scale":[{"time":0.0333,"x":0.456,"y":0.456},{"time":0.1667,"x":0.294,"y":0.294,"curve":[0,0,0.437,0.45]},{"time":0.3,"x":0.162,"y":0.162}]},"fx_xing4":{"rotate":[{"time":0.0333,"angle":0}],"translate":[{"time":0.0333,"x":3.93,"y":55.55},{"time":0.1333,"x":3.93,"y":79.45},{"time":0.2333,"x":3.93,"y":100.87},{"time":0.3667,"x":3.93,"y":126.26}],"scale":[{"time":0.0333,"x":0.395,"y":0.395},{"time":0.1333,"x":0.344,"y":0.344,"curve":[0,0,0.437,0.45]},{"time":0.2333,"x":0.254,"y":0.254,"curve":[0.377,0.43,0.889,1]},{"time":0.3667,"x":0.144,"y":0.144}]},"fx_xing5":{"rotate":[{"time":0.0333,"angle":0}],"translate":[{"time":0.0333,"x":26.53,"y":4.68},{"time":0.2,"x":26.53,"y":31.82},{"time":0.4333,"x":26.53,"y":62.41},{"time":0.7,"x":26.53,"y":90.21}],"scale":[{"time":0.0333,"x":0.237,"y":0.237},{"time":0.2,"x":0.375,"y":0.375,"curve":[0,0,0.437,0.45]},{"time":0.4333,"x":0.274,"y":0.274,"curve":[0.377,0.43,0.889,1]},{"time":0.7,"x":0.135,"y":0.135}]},"fx_xing6":{"rotate":[{"time":0.0333,"angle":0}],"translate":[{"time":0.0333,"x":34.55,"y":46.95},{"time":0.1333,"x":34.55,"y":63.79},{"time":0.2667,"x":34.55,"y":82.76},{"time":0.4,"x":34.55,"y":99.78}],"scale":[{"time":0.0333,"x":0.406,"y":0.406},{"time":0.1333,"x":0.334,"y":0.334,"curve":[0,0,0.437,0.45]},{"time":0.2667,"x":0.234,"y":0.234,"curve":[0.377,0.43,0.889,1]},{"time":0.4,"x":0.145,"y":0.145}]},"fx_xing7":{"rotate":[{"time":0.0333,"angle":0}],"translate":[{"time":0.0333,"x":35.19,"y":59.77},{"time":0.2333,"x":35.19,"y":84.73}],"scale":[{"time":0.0333,"x":0.253,"y":0.253},{"time":0.2333,"x":0.093,"y":0.093}]},"fx_xing8":{"rotate":[{"time":0.0667,"angle":0}],"translate":[{"time":0.0667,"x":-12.52,"y":-6.71},{"time":0.2,"x":-12.52,"y":24.9},{"time":0.3333,"x":-12.52,"y":51.93},{"time":0.5667,"x":-12.52,"y":91.95}],"scale":[{"time":0.0667,"x":0.084,"y":0.084},{"time":0.2,"x":0.226,"y":0.226,"curve":[0,0,0.437,0.45]},{"time":0.3333,"x":0.213,"y":0.213,"curve":[0.377,0.43,0.889,1]},{"time":0.5667,"x":0.114,"y":0.114}]}}},"idle":{"slots":{"zhiliao_tt":{"attachment":[{"time":0,"name":"chaofeng_tt"}]}}},"skill1":{"slots":{"skill1/fx_skill1_guangyun":{"color":[{"time":0.2333,"color":"ff150065","curve":[0.234,0.31,0.853,1]},{"time":0.4,"color":"ff000005"}],"attachment":[{"time":0.2333,"name":"skill1/fx_skill1_guangyun"},{"time":0.4333,"name":null}]},"skill2/fx_skill2_tuowei_00000":{"attachment":[{"time":0.1333,"name":"passive1/fx_passive1_tuowei_00000"},{"time":0.3667,"name":null}]},"skill2/fx_skill2_zadiguang_00000":{"color":[{"time":0.2333,"color":"ffffffff","curve":[0.195,0.44,0.75,1]},{"time":0.4,"color":"ffffff06"}],"attachment":[{"time":0.2333,"name":"passive1/fx_passive1_zadiguang_00000"},{"time":0.4333,"name":null}]},"skill2/fx_skill2_zadiquan_00000":{"attachment":[{"time":0.4667,"name":null}]},"skill2/fx_skill2_zadiyan_00000":{"attachment":[{"time":0.2333,"name":"skill2/fx_skill2_zadiyan_00000"},{"time":0.2667,"name":"skill2/fx_skill2_zadiyan_00001"},{"time":0.3,"name":"skill2/fx_skill2_zadiyan_00002"},{"time":0.3333,"name":"skill2/fx_skill2_zadiyan_00003"},{"time":0.3667,"name":"skill2/fx_skill2_zadiyan_00004"},{"time":0.4,"name":"skill2/fx_skill2_zadiyan_00005"},{"time":0.4333,"name":"skill2/fx_skill2_zadiyan_00006"},{"time":0.4667,"name":"skill2/fx_skill2_zadiyan_00007"},{"time":0.5,"name":"skill2/fx_skill2_zadiyan_00008"},{"time":0.5333,"name":null}]},"zhiliao_tt":{"color":[{"time":0,"color":"ffffff0c"},{"time":0.1333,"color":"ffffffff"}],"attachment":[{"time":0,"name":"chaofeng_tt"}]}},"bones":{"fx_passive1tuteng":{"rotate":[{"time":0,"angle":0,"curve":"stepped"},{"time":0.2,"angle":0,"curve":[0.25,0,0.75,1]},{"time":0.2333,"angle":2.44,"curve":[0.25,0,0.75,1]},{"time":0.2667,"angle":-4.06,"curve":[0.25,0,0.75,1]},{"time":0.3333,"angle":4.07,"curve":[0.25,0,0.75,1]},{"time":0.4,"angle":-1.63,"curve":[0.25,0,0.75,1]},{"time":0.4667,"angle":0}],"translate":[{"time":0,"x":0,"y":346.22,"curve":[0.416,0,0.892,0.69]},{"time":0.2333,"x":0,"y":0}],"scale":[{"time":0,"x":1,"y":1}]},"fx_tuowei1":{"rotate":[{"time":0.1333,"angle":0}],"translate":[{"time":0.1333,"x":0,"y":251.28},{"time":0.2333,"x":0,"y":19.45}],"scale":[{"time":0.1333,"x":1,"y":1.117},{"time":0.2333,"x":1,"y":2.163,"curve":[0,0.01,0.75,1]},{"time":0.3333,"x":1,"y":0.7}]},"fx_zadiyan":{"rotate":[{"time":0.2333,"angle":0}],"translate":[{"time":0.2333,"x":-2.46,"y":65.7}],"scale":[{"time":0.2333,"x":0.988,"y":0.988}]},"fx_guangyun1":{"rotate":[{"time":0.2333,"angle":0}],"translate":[{"time":0.2333,"x":0,"y":0}],"scale":[{"time":0.2333,"x":1.572,"y":0.798,"curve":[0.187,0.46,0.75,1]},{"time":0.4,"x":2.74,"y":1.39}]},"fx_passive1zadiguang1":{"rotate":[{"time":0.2333,"angle":0}],"translate":[{"time":0.2333,"x":0,"y":0}],"scale":[{"time":0.2333,"x":1.266,"y":1.461,"curve":[0.195,0.44,0.75,1]},{"time":0.4,"x":1.883,"y":2.172}]},"fx_passive1_diquan1":{"translate":[{"time":0.2333,"x":-3.82,"y":-2.18}],"scale":[{"time":0.2333,"x":1.399,"y":1.399}]}}},"skill2":{"slots":{"skill1/fx_skill1_guangyun":{"color":[{"time":0.0333,"color":"ff000041","curve":"stepped"},{"time":0.3333,"color":"ff000041"},{"time":1.2,"color":"ff000002"}],"attachment":[{"time":0.0333,"name":"skill1/fx_skill1_guangyun"},{"time":1.2333,"name":null}]},"skill2/fx_skill2_kuosanquan":{"color":[{"time":0.0333,"color":"ff000008"},{"time":0.3,"color":"ff0000ff","curve":[0,0,0.865,1]},{"time":1.2667,"color":"ff000003"}],"attachment":[{"time":0.0333,"name":"skill2/fx_skill2_kuosanquan"},{"time":1.3,"name":null}]},"skill2/fx_skill2_kuosanquan2":{"color":[{"time":0.3333,"color":"ff000008"},{"time":0.6,"color":"ff0000ff","curve":[0,0,0.865,1]},{"time":1.2667,"color":"ff000003"}],"attachment":[{"time":0.3333,"name":"skill2/fx_skill2_kuosanquan"},{"time":1.3,"name":null}]},"skill2/fx_skill2_lvtiao_00000":{"color":[{"time":0.2,"color":"ffffff06"},{"time":0.4333,"color":"ffffffff"},{"time":0.7333,"color":"ffffff06"}],"attachment":[{"time":0.2,"name":"passive1/fx_passive1_jiantou_00000"},{"time":0.7667,"name":null}]},"skill2/fx_skill2_lvtiao_0":{"color":[{"time":0.2667,"color":"ffffff06"},{"time":0.5333,"color":"ffffffff","curve":[0,0,0.75,1]},{"time":0.8,"color":"ffffff06"}],"attachment":[{"time":0.2667,"name":"passive1/fx_passive1_jiantou_00000"},{"time":0.8333,"name":null}]},"skill2/fx_skill2_lvtiao_1":{"color":[{"time":0.3667,"color":"ffffff18"},{"time":0.6,"color":"ffffffff"},{"time":0.9,"color":"ffffff06"}],"attachment":[{"time":0.3667,"name":"passive1/fx_passive1_jiantou_00000"},{"time":0.9333,"name":null}]},"skill2/fx_skill2_lvtiao_2":{"color":[{"time":0.4,"color":"ffffff0c"},{"time":0.6333,"color":"ffffffff"},{"time":0.9333,"color":"ffffff06"}],"attachment":[{"time":0.4,"name":"passive1/fx_passive1_jiantou_00000"},{"time":0.9667,"name":null}]},"skill2/fx_skill2_lvtiao_3":{"color":[{"time":0.4333,"color":"ffffff12"},{"time":0.7,"color":"ffffffff"},{"time":0.9667,"color":"ffffff0c"}],"attachment":[{"time":0.4333,"name":"passive1/fx_passive1_jiantou_00000"},{"time":1,"name":null}]},"skill2/fx_skill2_lvtiao_4":{"color":[{"time":0.5333,"color":"ffffff10"},{"time":0.7667,"color":"ffffffff"},{"time":1.0667,"color":"ffffff06"}],"attachment":[{"time":0.5333,"name":"passive1/fx_passive1_jiantou_00000"},{"time":1.1,"name":null}]},"skill2/fx_skill2_lvtiao_5":{"color":[{"time":0.5667,"color":"ffffff06"},{"time":0.8,"color":"ffffffff"},{"time":1.1,"color":"ffffff06"}],"attachment":[{"time":0.5667,"name":"passive1/fx_passive1_jiantou_00000"},{"time":1.1333,"name":null}]},"skill2/fx_skill2_lvtiao_6":{"color":[{"time":0.6,"color":"ffffff06"},{"time":0.8333,"color":"ffffffff"},{"time":1.1333,"color":"ffffff06"}],"attachment":[{"time":0.6,"name":"passive1/fx_passive1_jiantou_00000"},{"time":1.1667,"name":null}]},"skill2/fx_skill2_xing_00000":{"color":[{"time":0.2333,"color":"ffffff19"},{"time":0.3667,"color":"ffffffff","curve":"stepped"},{"time":0.5333,"color":"ffffffff"},{"time":0.7667,"color":"ffffff10"}],"attachment":[{"time":0.2333,"name":"passive1/fx_passive1_xing_00000"},{"time":0.8,"name":null}]},"skill2/fx_skill2_xing_0":{"color":[{"time":0.2333,"color":"ffffff26"},{"time":0.3667,"color":"ffffffff","curve":"stepped"},{"time":0.6333,"color":"ffffffff"},{"time":0.9,"color":"ffffff10"}],"attachment":[{"time":0.2333,"name":"passive1/fx_passive1_xing_00000"},{"time":0.9333,"name":null}]},"skill2/fx_skill2_xing_1":{"color":[{"time":0.2667,"color":"ffffff19"},{"time":0.4,"color":"ffffffff","curve":"stepped"},{"time":0.7667,"color":"ffffffff"},{"time":1,"color":"ffffff1a"}],"attachment":[{"time":0.2667,"name":"passive1/fx_passive1_xing_00000"},{"time":1.0333,"name":null}]},"skill2/fx_skill2_xing_2":{"color":[{"time":0.3333,"color":"ffffff19"},{"time":0.5,"color":"ffffffff","curve":"stepped"},{"time":0.8667,"color":"ffffffff"},{"time":1.1,"color":"ffffff10"}],"attachment":[{"time":0.3333,"name":"passive1/fx_passive1_xing_00000"},{"time":1.1333,"name":null}]},"skill2/fx_skill2_xing_3":{"color":[{"time":0.3333,"color":"ffffff2b"},{"time":0.4667,"color":"ffffffff","curve":"stepped"},{"time":0.6667,"color":"ffffffff"},{"time":0.9,"color":"ffffff21"}],"attachment":[{"time":0.3333,"name":"passive1/fx_passive1_xing_00000"},{"time":0.9333,"name":null}]},"skill2/fx_skill2_xing_4":{"color":[{"time":0.3667,"color":"ffffff19"},{"time":0.5333,"color":"ffffffff","curve":"stepped"},{"time":0.8333,"color":"ffffffff"},{"time":1.1,"color":"ffffff10"}],"attachment":[{"time":0.3667,"name":"passive1/fx_passive1_xing_00000"},{"time":1.1333,"name":null}]},"skill2/fx_skill2_xing_5":{"color":[{"time":0.4,"color":"ffffff19"},{"time":0.5333,"color":"ffffffff","curve":"stepped"},{"time":0.7,"color":"ffffffff"},{"time":0.8667,"color":"ffffff24"}],"attachment":[{"time":0.4,"name":"passive1/fx_passive1_xing_00000"},{"time":0.9,"name":null}]},"skill2/fx_skill2_xing_6":{"color":[{"time":0.4667,"color":"ffffff19"},{"time":0.6333,"color":"ffffffff","curve":"stepped"},{"time":0.8667,"color":"ffffffff"},{"time":1.1,"color":"ffffff10"}],"attachment":[{"time":0.4667,"name":"passive1/fx_passive1_xing_00000"},{"time":1.1333,"name":null}]},"zhiliao_tt":{"color":[{"time":0,"color":"ffffffff"}],"attachment":[{"time":0,"name":"chaofeng_tt"}]}},"bones":{"fx_passive1tuteng":{"rotate":[{"time":0,"angle":0},{"time":0.0333,"angle":2.27},{"time":0.1,"angle":-5.26},{"time":0.2,"angle":3.77},{"time":0.3,"angle":-2.57},{"time":0.4,"angle":0.7},{"time":0.5,"angle":0,"curve":"stepped"},{"time":2,"angle":0}],"translate":[{"time":0,"x":0,"y":0}],"scale":[{"time":0,"x":1,"y":1}]},"fx_kuoquan1":{"rotate":[{"time":0.0333,"angle":0}],"translate":[{"time":0.0333,"x":0,"y":0}],"scale":[{"time":0.0333,"x":0.414,"y":0.394,"curve":[0,0,0.71,1]},{"time":1.2667,"x":2.471,"y":2.35}]},"fx_kuoquan2":{"rotate":[{"time":0.3333,"angle":0}],"translate":[{"time":0.3333,"x":0,"y":0}],"scale":[{"time":0.3333,"x":0.414,"y":0.394,"curve":[0,0,0.71,1]},{"time":1.2667,"x":2.471,"y":2.35}]},"fx_guangyun1":{"rotate":[{"time":0.0333,"angle":0}],"translate":[{"time":0.0333,"x":0,"y":0}],"scale":[{"time":0.0333,"x":1.572,"y":0.798,"curve":[0.183,0.4,0.714,1]},{"time":1.2,"x":5.066,"y":2.571}]},"fx_lvtiao1":{"rotate":[{"time":0.2,"angle":0}],"translate":[{"time":0.2,"x":-131.75,"y":-7.74},{"time":0.4333,"x":-131.75,"y":32.97},{"time":0.7333,"x":-131.75,"y":84.69}],"scale":[{"time":0.2,"x":0.124,"y":0.124,"curve":[0,0,0.75,1]},{"time":0.7333,"x":0.567,"y":0.567}]},"fx_lvtiao2":{"rotate":[{"time":0.2667,"angle":0}],"translate":[{"time":0.2667,"x":158.37,"y":-13.06},{"time":0.5333,"x":158.37,"y":17.97},{"time":0.8,"x":158.37,"y":46.14}],"scale":[{"time":0.2667,"x":0.145,"y":0.145,"curve":[0,0,0.75,1]},{"time":0.8,"x":0.395,"y":0.421}]},"fx_lvtiao3":{"rotate":[{"time":0.3667,"angle":0}],"translate":[{"time":0.3667,"x":-41.44,"y":85.28},{"time":0.6,"x":-41.44,"y":112.81},{"time":0.9,"x":-41.44,"y":133.16}],"scale":[{"time":0.3667,"x":0.155,"y":0.155,"curve":[0,0,0.75,1]},{"time":0.9,"x":0.333,"y":0.376}]},"fx_lvtiao4":{"rotate":[{"time":0.4,"angle":0}],"translate":[{"time":0.4,"x":142.68,"y":-22.52},{"time":0.6333,"x":142.68,"y":18.05},{"time":0.9333,"x":142.68,"y":74.93}],"scale":[{"time":0.4,"x":0.193,"y":0.193,"curve":[0,0,0.75,1]},{"time":0.9333,"x":0.72,"y":0.743}]},"fx_lvtiao5":{"rotate":[{"time":0.4333,"angle":0}],"translate":[{"time":0.4333,"x":-174.25,"y":5.48},{"time":0.7,"x":-174.25,"y":48.85},{"time":0.9667,"x":-174.25,"y":102.77}],"scale":[{"time":0.4333,"x":0.168,"y":0.186,"curve":[0,0,0.75,1]},{"time":0.9667,"x":0.694,"y":0.714}]},"fx_lvtiao6":{"rotate":[{"time":0.5333,"angle":0}],"translate":[{"time":0.5333,"x":14.86,"y":19.76},{"time":0.7667,"x":14.86,"y":67.28},{"time":1.0667,"x":14.86,"y":117.97}],"scale":[{"time":0.5333,"x":0.266,"y":0.266,"curve":[0,0,0.75,1]},{"time":1.0667,"x":0.638,"y":0.68}]},"fx_lvtiao7":{"rotate":[{"time":0.5667,"angle":0}],"translate":[{"time":0.5667,"x":81.23,"y":-19.84},{"time":0.8,"x":81.23,"y":27.47},{"time":1.1,"x":81.23,"y":51.28}],"scale":[{"time":0.5667,"x":0.18,"y":0.18,"curve":[0,0,0.75,1]},{"time":1.1,"x":0.444,"y":0.513}]},"fx_lvtiao8":{"rotate":[{"time":0.6,"angle":0}],"translate":[{"time":0.6,"x":-79.78,"y":-41.06},{"time":0.8333,"x":-79.78,"y":8.73},{"time":1.1333,"x":-79.78,"y":42.55}],"scale":[{"time":0.6,"x":0.137,"y":0.137,"curve":[0,0,0.75,1]},{"time":1.1333,"x":0.475,"y":0.567}]},"fx_xing1":{"rotate":[{"time":0.2333,"angle":0}],"translate":[{"time":0.2333,"x":-121.74,"y":12.92},{"time":0.3667,"x":-121.74,"y":27.93},{"time":0.5667,"x":-121.74,"y":49.2},{"time":0.7667,"x":-121.74,"y":64.83}],"scale":[{"time":0.2333,"x":0.126,"y":0.126},{"time":0.3667,"x":0.416,"y":0.416,"curve":[0,0,0.873,1]},{"time":0.7667,"x":0.075,"y":0.075}]},"fx_xing2":{"rotate":[{"time":0.2333,"angle":0}],"translate":[{"time":0.2333,"x":60.88,"y":26.87},{"time":0.3667,"x":60.88,"y":56.95},{"time":0.5,"x":60.88,"y":82.41},{"time":0.5667,"x":60.88,"y":93.77},{"time":0.6667,"x":60.88,"y":110.02},{"time":0.9,"x":60.88,"y":141.92}],"scale":[{"time":0.2333,"x":0.155,"y":0.155},{"time":0.3667,"x":0.215,"y":0.215,"curve":"stepped"},{"time":0.5667,"x":0.215,"y":0.215,"curve":[0.427,0.5,0.884,1]},{"time":0.9,"x":0.085,"y":0.085}]},"fx_xing3":{"rotate":[{"time":0.2667,"angle":0}],"translate":[{"time":0.2667,"x":107.28,"y":35.78},{"time":0.4,"x":107.28,"y":69.64},{"time":0.6667,"x":107.28,"y":123.61},{"time":0.8,"x":107.28,"y":145.9},{"time":1,"x":107.28,"y":173.69}],"scale":[{"time":0.2667,"x":0.175,"y":0.175},{"time":0.4,"x":0.316,"y":0.316,"curve":[0,0,0.46,0.47]},{"time":0.6667,"x":0.276,"y":0.276,"curve":[0.328,0.34,0.68,0.69]},{"time":0.8,"x":0.246,"y":0.246,"curve":[0.469,0.57,0.866,1]},{"time":1,"x":0.096,"y":0.096}]},"fx_xing4":{"rotate":[{"time":0.3333,"angle":0}],"translate":[{"time":0.3333,"x":-58.56,"y":15.7},{"time":0.5,"x":-58.56,"y":52.31},{"time":0.6333,"x":-58.56,"y":78.03},{"time":0.7333,"x":-58.56,"y":94.19},{"time":0.9,"x":-58.56,"y":118.61},{"time":1.1,"x":-58.56,"y":143.06}],"scale":[{"time":0.3333,"x":0.176,"y":0.176},{"time":0.5,"x":0.384,"y":0.384,"curve":[0,0,0.567,0.6]},{"time":0.9,"x":0.225,"y":0.225,"curve":[0.469,0.57,0.866,1]},{"time":1.1,"x":0.116,"y":0.116}]},"fx_xing5":{"rotate":[{"time":0.3333,"angle":0}],"translate":[{"time":0.3333,"x":-14.22,"y":26.15},{"time":0.4667,"x":-14.22,"y":47.78},{"time":0.6,"x":-14.22,"y":66.83},{"time":0.7,"x":-14.22,"y":80.02},{"time":0.9,"x":-14.22,"y":102.07}],"scale":[{"time":0.3333,"x":0.235,"y":0.235},{"time":0.4667,"x":0.352,"y":0.352,"curve":[0,0,0.5,0.52]},{"time":0.7,"x":0.325,"y":0.325,"curve":[0.44,0.52,0.881,1]},{"time":0.9,"x":0.145,"y":0.145}]},"fx_xing6":{"rotate":[{"time":0.3667,"angle":0}],"translate":[{"time":0.3667,"x":118.29,"y":-5.14},{"time":0.5333,"x":118.29,"y":35.78},{"time":0.7333,"x":118.29,"y":74.98},{"time":0.8667,"x":118.29,"y":96.78},{"time":1.1,"x":118.29,"y":129.52}],"scale":[{"time":0.3667,"x":0.18,"y":0.18},{"time":0.5333,"x":0.385,"y":0.385,"curve":[0,0,0.434,0.44]},{"time":0.7333,"x":0.337,"y":0.337,"curve":[0.31,0.32,0.667,0.68]},{"time":0.8667,"x":0.287,"y":0.287,"curve":[0.462,0.56,0.872,1]},{"time":1.1,"x":0.075,"y":0.075}]},"fx_xing7":{"rotate":[{"time":0.4,"angle":0}],"translate":[{"time":0.4,"x":-142.34,"y":24.13},{"time":0.5333,"x":-142.34,"y":41.5},{"time":0.7333,"x":-142.34,"y":64.23},{"time":0.8667,"x":-142.34,"y":76.85}],"scale":[{"time":0.4,"x":0.254,"y":0.254},{"time":0.5333,"x":0.385,"y":0.385,"curve":[0,0,0.482,0.5]},{"time":0.7333,"x":0.235,"y":0.235,"curve":[0.427,0.5,0.884,1]},{"time":0.8667,"x":0.075,"y":0.075}]},"fx_xing8":{"rotate":[{"time":0.4667,"angle":0}],"translate":[{"time":0.4667,"x":-67.56,"y":-15.03},{"time":0.6333,"x":-67.56,"y":11.53},{"time":0.7667,"x":-67.56,"y":30},{"time":0.9,"x":-67.56,"y":45.73},{"time":1.1,"x":-67.56,"y":65.92}],"scale":[{"time":0.4667,"x":0.126,"y":0.126},{"time":0.6333,"x":0.444,"y":0.444,"curve":[0,0,0.515,0.54]},{"time":0.9,"x":0.237,"y":0.237,"curve":[0.45,0.53,0.878,1]},{"time":1.1,"x":0.095,"y":0.095}]}}}}}