{
  "item-states": [
    {
      "folded": false,
      "id": "mount-assets"
    },
    {
      "folded": true,
      "id": "29f52784-2fca-467b-92e7-8fd9ef8c57b7"
    },
    {
      "folded": false,
      "id": "4734c20c-0db8-4eb2-92ea-e692f4d70934"
    },
    {
      "folded": true,
      "id": "2c570caf-4d1c-43c0-8fb1-2ab4c65c3621"
    },
    {
      "folded": true,
      "id": "381f910c-b79d-4b33-a490-3deaae502007"
    },
    {
      "folded": true,
      "id": "836e8185-0dba-46dd-99e6-c6e953db9f29"
    },
    {
      "folded": true,
      "id": "371ec6e7-882a-42e0-bcae-ecb0c64e22e5"
    },
    {
      "folded": true,
      "id": "6b3eaaf2-bc7e-4392-b321-1dc311f6e7c8"
    },
    {
      "folded": true,
      "id": "044cc0e0-5dbf-4fdc-8775-b35e91ff466e"
    },
    {
      "folded": false,
      "id": "7d608e0a-3092-48d2-a951-0e7212b81822"
    },
    {
      "folded": true,
      "id": "1033f7a1-223a-43dd-830a-674b2290f735"
    },
    {
      "folded": true,
      "id": "2061a930-f29a-4526-9ded-0cc058a4a81a"
    },
    {
      "folded": true,
      "id": "2b334169-eba1-4ab6-863d-803bff921164"
    },
    {
      "folded": true,
      "id": "04ca4a71-6cd1-48e1-aacf-01517d854244"
    },
    {
      "folded": true,
      "id": "a00fddb1-1997-42b8-bb79-5b6d1c74d020"
    },
    {
      "folded": true,
      "id": "e63fea8c-4f9d-4583-9715-c85a9a258d61"
    },
    {
      "folded": false,
      "id": "65adf62c-f83b-4038-89e0-d87ec4d5593e"
    },
    {
      "folded": true,
      "id": "a13452b5-759d-498e-9cdb-2d4b97d28f90"
    },
    {
      "folded": true,
      "id": "017b358b-3cc1-44ff-baa6-41e8d115846a"
    },
    {
      "folded": true,
      "id": "9135b94e-8a21-48a3-9ac5-124956e85ea3"
    },
    {
      "folded": true,
      "id": "fe5bce78-8db5-4199-8db1-fd9e566a1af1"
    },
    {
      "folded": true,
      "id": "d8348f49-d49e-4f1e-800f-3ee238d9bcc0"
    },
    {
      "folded": true,
      "id": "6fd4dbb9-c995-43db-9fc7-b6f0cef22933"
    },
    {
      "folded": true,
      "id": "0d3e6e91-f588-4a6c-914b-4a3d9801b5b6"
    },
    {
      "folded": true,
      "id": "d375d1d0-5558-411c-a50d-47fb9780cd4e"
    },
    {
      "folded": true,
      "id": "42d336d7-e7ca-443e-9160-97fb53790ff2"
    },
    {
      "folded": true,
      "id": "ee040f5c-5522-4107-b875-9674917a848b"
    },
    {
      "folded": true,
      "id": "eb91bb55-0d64-4ef6-89cd-bb4fea40c280"
    },
    {
      "folded": true,
      "id": "241262bf-0fdf-458b-8f55-fe1b0855848d"
    },
    {
      "folded": true,
      "id": "670c32eb-1c7a-4b44-b946-b271eb4d36c3"
    },
    {
      "folded": true,
      "id": "97b70f49-3055-4550-a0cb-4c53a5e67775"
    },
    {
      "folded": true,
      "id": "78eb135d-8a06-4027-98c1-cbb767136e59"
    },
    {
      "folded": true,
      "id": "0cdb6465-2a5b-40b2-9183-c18047c5359f"
    },
    {
      "folded": true,
      "id": "b1effa8c-8571-40b4-ae29-69be5b0233aa"
    },
    {
      "folded": true,
      "id": "6aa0aa6a-ebee-4155-a088-a687a6aadec4"
    },
    {
      "folded": true,
      "id": "24192e0c-8d91-46b8-b0e7-0416e437fe18"
    },
    {
      "folded": true,
      "id": "2038af46-3d39-4a2b-ad6b-7bc37fdb3787"
    },
    {
      "folded": true,
      "id": "a8027877-d8d6-4645-97a0-52d4a0123dba"
    },
    {
      "folded": true,
      "id": "29a67f06-2104-4739-9130-9fce9708ada2"
    },
    {
      "folded": true,
      "id": "022cbd95-be28-45f5-a56c-ccd6252c24ef"
    },
    {
      "folded": true,
      "id": "255f4d94-96e4-4f8e-bc79-39d7955365ab"
    },
    {
      "folded": true,
      "id": "302a9144-e67c-4004-aa9c-d77d0fe81fbd"
    },
    {
      "folded": true,
      "id": "87595b67-a180-454c-aff8-1974c688c6db"
    },
    {
      "folded": true,
      "id": "04350dda-bbaa-408d-a65c-8bce76fb9553"
    },
    {
      "folded": true,
      "id": "f2316e7b-3de0-46e1-9a56-09fdb16a4924"
    },
    {
      "folded": true,
      "id": "c061f9a9-3e14-4b51-9d3f-8ff057aa01af"
    },
    {
      "folded": true,
      "id": "1eb26187-107b-4581-abe2-06e17ee7e113"
    },
    {
      "folded": true,
      "id": "6b917075-6819-4932-969b-2c0413cbb7cf"
    },
    {
      "folded": true,
      "id": "fa969c8b-6231-4a97-8abc-1b5bf30924f2"
    },
    {
      "folded": true,
      "id": "397ab0b9-a452-4711-9f0a-2bd737c0e2ce"
    },
    {
      "folded": true,
      "id": "a577ac12-cab6-4a99-ab33-bba8d37dee1e"
    },
    {
      "folded": true,
      "id": "0b7a8b07-81d3-4b6b-a8ef-17c6c16fa6be"
    },
    {
      "folded": true,
      "id": "6edd4af6-1c7a-4949-a4b6-d2ff36a9ebbd"
    },
    {
      "folded": true,
      "id": "27c1433b-db0b-4e3b-8cff-0459e6fe61e0"
    },
    {
      "folded": true,
      "id": "45d5819a-3aa4-425c-a8ce-141f55532dd4"
    },
    {
      "folded": true,
      "id": "5a8fa565-cf56-4bf5-a312-d109cec435c1"
    },
    {
      "folded": true,
      "id": "845e01a9-bf19-4fb9-9056-52da93581f20"
    },
    {
      "folded": true,
      "id": "b290a501-3a18-4dff-99d8-92608206c1e1"
    },
    {
      "folded": true,
      "id": "522e268b-8867-41b8-8c03-4a9d53c35fde"
    },
    {
      "folded": true,
      "id": "8e47d0c4-30b4-4a70-9751-fe633a6e48c0"
    },
    {
      "folded": true,
      "id": "3cc6dfc3-7fd1-4807-ba44-ddbf5db7be35"
    },
    {
      "folded": true,
      "id": "7c175fc5-5dc0-4658-b555-5bdda8227a94"
    },
    {
      "folded": true,
      "id": "353ca8ae-783e-4cf5-9416-0dc7bc862fbe"
    },
    {
      "folded": true,
      "id": "0a2eceb8-bad5-474e-abb0-812984e1264c"
    },
    {
      "folded": true,
      "id": "29e70ab2-d83a-4e93-aece-31754a81bef2"
    },
    {
      "folded": true,
      "id": "6c652e51-aa2f-45cf-8e33-03a12a0b2ce4"
    },
    {
      "folded": true,
      "id": "833d3e74-e0ca-4755-8f43-2cbfab1225b0"
    },
    {
      "folded": true,
      "id": "aaadf338-1c46-4538-9a17-9c8fc47e0350"
    },
    {
      "folded": true,
      "id": "d062ae3f-e61b-4185-aba2-a3ef7bafa642"
    },
    {
      "folded": true,
      "id": "4e8aa25d-ad02-4bc1-9e72-75479f847736"
    },
    {
      "folded": true,
      "id": "b238781c-bcf2-448a-a6c2-e6f7d1072ce2"
    },
    {
      "folded": true,
      "id": "e5160fd0-2f4e-420e-92c4-f1a4bda2fdc7"
    },
    {
      "folded": true,
      "id": "30ae10bd-9259-4f11-aac9-c2f9ed649563"
    },
    {
      "folded": true,
      "id": "1285ef08-bbbc-4290-98d9-896b7868f009"
    },
    {
      "folded": true,
      "id": "0291b33c-75ee-4fe5-97ab-239097b49a1c"
    },
    {
      "folded": true,
      "id": "ac85eaa8-7428-4e24-bad1-c67739a052a6"
    },
    {
      "folded": true,
      "id": "4320679e-ca7f-4f67-89fa-7c4fb13f188c"
    },
    {
      "folded": true,
      "id": "0cf72683-8ab7-4159-ba1a-5cc71112bfef"
    },
    {
      "folded": true,
      "id": "bbfefb0f-a19e-4e3e-b7c0-f1348576cb42"
    },
    {
      "folded": true,
      "id": "5e90ef16-28c8-4ea2-a66f-6457c148ee70"
    },
    {
      "folded": true,
      "id": "722b1c8b-b239-4eaf-aac8-2bf0745fd54d"
    },
    {
      "folded": true,
      "id": "e8d56876-bb66-4794-bdcf-907f1096a1ae"
    },
    {
      "folded": true,
      "id": "a7220d06-71cc-4fbb-8641-3de67850c2e5"
    },
    {
      "folded": true,
      "id": "140b3c90-fe71-4879-99da-6b23b99b4c8b"
    },
    {
      "folded": true,
      "id": "5649962a-9d73-4fbd-833c-eb6f160fe3b8"
    },
    {
      "folded": true,
      "id": "1e895872-f75a-4440-8fae-f67f1828b252"
    },
    {
      "folded": true,
      "id": "53408f4b-67f0-4a56-87bb-7bbbea46b264"
    },
    {
      "folded": true,
      "id": "1efeb6ec-3396-4259-adc3-f6d643a2ca28"
    },
    {
      "folded": true,
      "id": "b33e69be-48e1-4ed5-9a18-39eb29dadaa4"
    },
    {
      "folded": true,
      "id": "bcfc6d9e-a096-416a-8364-5e6869587193"
    }
  ]
}