{
  "version": "1.1.1",
  "windows": {
    "main": {
      "main": true,
      "url": "app://editor/index.html",
      "windowType": "dockable",
      "x": 63,
      "y": 46,
      "width": 1662,
      "height": 882,
      "layout": {
        "children": [
          {
            "children": [
              {
                "active": 0,
                "children": [
                  "hierarchy"
                ],
                "height": 377.03125,
                "type": "panel",
                "width": 266
              },
              {
                "active": 0,
                "children": [
                  "assets"
                ],
                "height": 419.171875,
                "type": "panel",
                "width": 266
              }
            ],
            "height": 798.21875,
            "type": "dock-v",
            "width": 266
          },
          {
            "children": [
              {
                "children": [
                  {
                    "active": 0,
                    "children": [
                      "scene"
                    ],
                    "height": 501.234375,
                    "type": "panel",
                    "width": 670
                  },
                  {
                    "active": 0,
                    "children": [
                      "node-library"
                    ],
                    "height": 501.234375,
                    "type": "panel",
                    "width": 356
                  }
                ],
                "height": 501.234375,
                "type": "dock-h",
                "width": 1028
              },
              {
                "active": 0,
                "children": [
                  "console",
                  "timeline"
                ],
                "height": 294.96875,
                "type": "panel",
                "width": 1028
              }
            ],
            "height": 798.21875,
            "type": "dock-v",
            "width": 1028
          },
          {
            "active": 0,
            "children": [
              "inspector"
            ],
            "height": 798.21875,
            "type": "panel",
            "width": 364
          }
        ],
        "type": "dock-h"
      },
      "panels": [
        "hierarchy",
        "assets",
        "node-library",
        "console",
        "timeline",
        "inspector",
        "scene"
      ]
    }
  },
  "panels": {}
}