{
  "__type__": "cc.TextAsset",
  "_name": "cocosext.d",
  "_objFlags": 0,
  "_native": "",
  "text": "declare module cc{\n    export function assert(condition:any,msg?:any);\n\n    export function findTaggedNode(tag:string):Node;\n    \n    export class GLProgram {\n        // _updateUniformLocation: function (location)\n        // _description: function ()\n        // _compileShader: function (shader, type, source)\n        // ctor: function (vShaderFileName, fShaderFileName, glContext)\n        \n        destroyProgram():void;\n        initWithVertexShaderByteArray(vertShaderStr:string, fragShaderStr:string):boolean;\n        initWithString(vertShaderStr, fragShaderStr):void;\n        initWithVertexShaderFilename(vShaderFilename:string, fShaderFileName:string):void;\n        init(vShaderFilename:string, fShaderFileName:string):void;\n        addAttribute(attributeName:string|number, index:number):void;\n        link():void;\n        use():void;\n        updateUniforms():void;\n        protected _addUniformLocation(name:string):void;\n        getUniformLocationForName(name:string):void;\n        getUniformMVPMatrix():void;\n        getUniformSampler():void;\n        setUniformLocationWith1i(location, i1):void;\n        setUniformLocationWith2i(location, i1, i2):void;\n        setUniformLocationWith3i(location, i1, i2, i3):void;\n        setUniformLocationWith4i(location, i1, i2, i3, i4):void;\n        setUniformLocationWith2iv(location, intArray):void;\n        setUniformLocationI32(location, i1):void;\n        setUniformLocationWith1f(location, f1):void;\n        setUniformLocationWith2f(location, f1, f2):void;\n        setUniformLocationWith3f(location, f1, f2, f3):void;\n        setUniformLocationWith4f(location, f1, f2, f3, f4):void;\n        setUniformLocationWith2fv(location, floatArray):void;\n        setUniformLocationWith3fv(location, floatArray):void;\n        setUniformLocationWith4fv(location, floatArray):void;\n        setUniformLocationWithMatrix3fv(location, matrixArray):void;\n        setUniformLocationWithMatrix4fv(location, matrixArray):void;\n        setUniformLocationF32(p1, p2, p3, p4, p5):void;\n        setUniformsForBuiltins():void;\n        protected _setUniformsForBuiltinsForRenderer(node):void;\n        setUniformForModelViewProjectionMatrix():void;\n        setUniformForModelViewProjectionMatrixWithMat4(swapMat4):void;\n        setUniformForModelViewAndProjectionMatrixWithMat4():void;\n        protected _updateProjectionUniform():void;\n        vertexShaderLog():void;\n        getVertexShaderLog():void;\n        getFragmentShaderLog():void;\n        fragmentShaderLog():void;\n        programLog():void;\n        getProgramLog():void;\n        reset():void;\n        getProgram():void;\n        retain():void;\n        release():void;\n\n    }\n\n    export function errorID(id:number);\n    export function warnID(id:number);\n\n    export class DataBind extends cc.Component{\n        readonly model:{[key:string]:any}\n        setData(data:{[key:string]:any}):void\n        markDirty():void\n    }\n    export class LabelStyle extends Component {\n    }\n    export class LabelShadow extends Component {\n        color:cc.Color;\n\t}\n}\n\ndeclare var wdebug:boolean\n\n/**\n * 点击效果组件\n */\ndeclare class ClickEffect extends cc.Component{\n}\n"
}