{
  "__type__": "cc.TextAsset",
  "_name": "Linq.d",
  "_objFlags": 0,
  "_native": "",
  "text": "interface Array<T>{\r\n    /**\r\n     * 通过key value 查找 获取结果集\r\n     */\r\n    whereEqual(key,value):Array<T>;\r\n\r\n    /**\r\n     * 通过表达式查找 获取结果集\r\n     */\r\n    where(callback:(a:T)=>boolean):Array<T>;\r\n\r\n    /**\r\n     * 统计数量\r\n     */\r\n    countEqual(key,value):number;\r\n\r\n    /**\r\n     * 统计数量\r\n     */\r\n    count(callback:(a:T)=>boolean):number;\r\n\r\n    /**\r\n     * 使用表达式进行排序\r\n     */\r\n    orderBy(callback:(a:T)=>number):Array<T>;\r\n\r\n    /**\r\n     * 使用表达式进行倒叙排序\r\n     */\r\n    orderByDescing(callback:(a:T)=>number):Array<T>;\r\n\r\n    /**\r\n     * 获取结果集第一个对象\r\n     */\r\n    single:T;\r\n\r\n    /**\r\n     * 遍历数组\r\n     */\r\n    foreach(callback:(a:T)=>void):Array<T>;\r\n\r\n    /**\r\n     * 从列表中移除对象列表\r\n     */\r\n    remove(list:Array<T>):Array<T>;\r\n\r\n    /**\r\n     * 从列表中移除某个对象\r\n     */\r\n    remove(item:T):Array<T>;\r\n\r\n    /**\r\n     * 通过数组索引移除对象\r\n     */\r\n    remove(index:number):Array<T>;\r\n\r\n    /**\r\n     * 通过表达式移除对象\r\n     */\r\n    deleteWhere(callback:(a:T)=>void):Array<T>;\r\n\r\n    /**\r\n     * 计算某表达式的和\r\n     */\r\n    sum(callback:(a:T)=>number):number;\r\n\r\n    /**\r\n     * 计算某表达式的乘积\r\n     */\r\n    multiplied(callback:(a:T)=>number):number;\r\n\r\n    /**\r\n     * 存入一个数组\r\n     */\r\n    pushList(array:Array<T>):Array<T>;\r\n\r\n    /**\r\n     * 当所有元素都满足条件，返回true，否则返回false\r\n     */\r\n    and(callback:(a:T)=>boolean):boolean\r\n\r\n    /**\r\n     * 当有一个元素满足条件，返回true，否则返回false\r\n     */\r\n    or(callback:(a:T)=>boolean):boolean\r\n\r\n\r\n    /**\r\n     * 查找出最大的值\r\n     */\r\n    max(callback:(a:T)=>number):T\r\n\r\n    /**\r\n     * 查找出最小的值\r\n     */\r\n    min(callback:(a:T)=>number):T\r\n\r\n    /**\r\n     * 将二维数组降为一唯数组\r\n     * 例:[[1,2,3],[4,5,6]]=>[1,2,3,4,5,6]\r\n     */\r\n    unpack():T;\r\n}\r\n"
}