{
"skeleton": { "hash": "ttmB9gQA9OWMeDcNAZONK0w2UOI", "spine": "3.5.35", "width": 128.95, "height": 157.93 },
"bones": [
	{ "name": "root" },
	{ "name": "shenti", "parent": "root", "x": -6.39, "y": -7.37, "scaleX": 0.941, "scaleY": 0.941 },
	{ "name": "shenti2", "parent": "shenti", "length": 33.51, "rotation": 88.81, "x": 0.35, "y": 15.36 },
	{ "name": "shenti3", "parent": "shenti2", "length": 36.65, "rotation": 0.65, "x": 39.44, "y": 0.12 },
	{ "name": "erduo1", "parent": "shenti3", "length": 9.78, "rotation": -5.46, "x": 40.02, "y": 5.79 },
	{ "name": "erduo2", "parent": "erduo1", "length": 11.55, "rotation": -25.09, "x": 12.19, "y": -0.59 },
	{ "name": "erduo3", "parent": "shenti3", "length": 10.68, "rotation": -23.76, "x": 33.41, "y": -28.32 },
	{ "name": "erduo4", "parent": "erduo3", "length": 11.64, "rotation": 34.4, "x": 14.9, "y": 0.18 },
	{ "name": "erduo5", "parent": "erduo4", "length": 9.11, "rotation": 37.7, "x": 13.83, "y": 1.52 },
	{ "name": "weiba", "parent": "shenti2", "length": 13.39, "rotation": -65.72, "x": -24.35, "y": -38.43 },
	{ "name": "weiba2", "parent": "weiba", "length": 13.48, "rotation": 17.05, "x": 17.16, "y": 0.59 },
	{ "name": "yan1", "parent": "shenti3", "x": 21.36, "y": -7.26 },
	{ "name": "yan22", "parent": "shenti3", "x": 21.64, "y": 27.55 },
	{ "name": "zuoshou", "parent": "shenti3", "length": 18.74, "rotation": 97.98, "x": -15.87, "y": 39.43 },
	{ "name": "ye", "parent": "zuoshou", "length": 22.65, "rotation": -94.88, "x": 13.66, "y": -3 },
	{ "name": "ye2", "parent": "ye", "length": 19.46, "rotation": -7.32, "x": 24.44, "y": -0.69 },
	{ "name": "ye3", "parent": "ye2", "length": 15.49, "rotation": -7.28, "x": 22.56, "y": -0.75 },
	{ "name": "ye4", "parent": "ye3", "length": 26.68, "rotation": -79.69, "x": 29.95, "y": -5.8 },
	{ "name": "yinying", "parent": "root", "x": -4.54, "y": -21.44 },
	{ "name": "youjiao", "parent": "shenti", "length": 13.22, "rotation": -38.8, "x": 21.7, "y": -13.83 },
	{ "name": "youshou", "parent": "shenti3", "length": 20.14, "rotation": -163.75, "x": 10.13, "y": -39.14 },
	{ "name": "youshou2", "parent": "youshou", "length": 18.27, "rotation": -25.9, "x": 22.84, "y": -1.6 },
	{ "name": "youshou3", "parent": "youshou2", "length": 14.91, "rotation": -14.64, "x": 21.1, "y": -0.93 },
	{ "name": "zuojiao", "parent": "shenti", "length": 12.65, "rotation": -153.43, "x": -30.42, "y": -9.38 }
],
"slots": [
	{ "name": "yinying", "bone": "yinying", "attachment": "yinying" },
	{ "name": "zuoshou", "bone": "zuoshou", "attachment": "zuoshou" },
	{ "name": "zuojiao", "bone": "zuojiao", "attachment": "zuojiao" },
	{ "name": "youjiao", "bone": "youjiao", "attachment": "youjiao" },
	{ "name": "weiba", "bone": "weiba2", "attachment": "weiba" },
	{ "name": "erduo1", "bone": "erduo2", "attachment": "erduo1" },
	{ "name": "shenti", "bone": "shenti3", "attachment": "shenti" },
	{ "name": "erduo2", "bone": "erduo5", "attachment": "erduo2" },
	{ "name": "youshou", "bone": "youshou3", "attachment": "youshou" },
	{ "name": "yan22", "bone": "yan22", "attachment": "yan22" },
	{ "name": "yan1", "bone": "yan1", "attachment": "yan1" },
	{ "name": "ye", "bone": "ye4", "attachment": "ye" }
],
"skins": {
	"default": {
		"erduo1": {
			"erduo1": {
				"type": "mesh",
				"uvs": [ 0.18844, 1, 0.44511, 1, 0.5263, 0.85697, 0.66773, 0.7103, 0.86416, 0.57097, 1, 0.37984, 1, 0.08467, 0.91552, 0, 0.5829, 0, 0.36028, 0.059, 0.15338, 0.22584, 0.03552, 0.40367, 0, 0.6035, 0.04076, 0.84734 ],
				"triangles": [ 7, 6, 5, 5, 4, 8, 5, 8, 7, 3, 8, 4, 9, 8, 3, 10, 9, 3, 11, 10, 3, 2, 12, 11, 2, 13, 12, 11, 3, 2, 0, 13, 2, 1, 0, 2 ],
				"vertices": [ 1, 4, -1.72, 2.13, 1, 1, 4, -1.15, -3.23, 1, 2, 4, 3.29, -4.48, 0.97465, 5, -6.41, -7.29, 0.02535, 2, 4, 7.98, -6.97, 0.5523, 5, -1.1, -7.56, 0.4477, 2, 4, 12.57, -10.64, 0.08414, 5, 4.61, -8.93, 0.91586, 2, 4, 18.57, -12.87, 5.1E-4, 5, 10.99, -8.42, 0.99949, 1, 5, 18.57, -3.84, 1, 1, 5, 19.83, -1.01, 1, 1, 5, 16.22, 4.97, 1, 1, 5, 12.29, 8.06, 1, 2, 4, 21.3, 5.29, 0.00624, 5, 5.76, 9.19, 0.99376, 2, 4, 15.74, 7.2, 0.19006, 5, -0.08, 8.56, 0.80994, 2, 4, 9.7, 7.31, 0.75786, 5, -5.6, 6.1, 0.24214, 1, 4, 2.51, 5.69, 1 ],
				"hull": 14
			}
		},
		"erduo2": {
			"erduo2": {
				"type": "mesh",
				"uvs": [ 0, 0.89975, 0.32764, 1, 0.61633, 1, 0.9572, 0.86186, 0.72764, 0.81975, 0.89111, 0.73976, 1, 0.58818, 1, 0.39359, 1, 0.22096, 0.84287, 0.0778, 0.58548, 0.00833, 0.33852, 0, 0.11243, 0, 0, 0.05675, 0, 0.26096, 0.07765, 0.42096, 0.19591, 0.55149, 0.29678, 0.66306, 0.20287, 0.7978, 0, 0.85885, 0.51243, 0.73043, 0.63417, 0.50517, 0.50548, 0.26306 ],
				"triangles": [ 11, 14, 12, 22, 14, 11, 22, 15, 14, 22, 11, 10, 14, 13, 12, 5, 21, 6, 21, 17, 22, 21, 7, 6, 16, 15, 22, 17, 16, 22, 21, 22, 9, 21, 9, 7, 9, 22, 10, 9, 8, 7, 2, 4, 3, 1, 20, 2, 2, 20, 4, 0, 18, 1, 1, 18, 20, 20, 18, 17, 0, 19, 18, 5, 4, 21, 4, 20, 21, 20, 17, 21 ],
				"vertices": [ 1, 6, -2.26, 8.09, 1, 1, 6, -2.63, -0.35, 1, 1, 6, 0.1, -6.4, 1, 2, 6, 8.11, -11.38, 1, 7, -12.14, -5.71, 0, 2, 6, 7.39, -5.91, 0.95406, 7, -9.64, -0.79, 0.04594, 2, 6, 11.71, -8.09, 0.56922, 7, -7.31, -5.02, 0.43078, 2, 6, 17.99, -8, 0.10933, 7, -2.08, -8.5, 0.89067, 1, 7, 5.2, -9.8, 1, 2, 7, 11.66, -10.95, 0.94069, 8, -9.34, -8.54, 0.05931, 2, 7, 17.65, -8.34, 0.64206, 8, -3.01, -10.15, 0.35794, 2, 7, 21.29, -2.98, 0.17852, 8, 3.15, -8.12, 0.82148, 2, 7, 22.6, 2.56, 0.00308, 8, 7.57, -4.54, 0.99692, 1, 8, 11.42, -1.05, 1, 1, 8, 11.89, 2.29, 1, 3, 6, 19.86, 18.08, 0.00366, 7, 14.2, 11.96, 0.10505, 8, 6.68, 8.03, 0.8913, 3, 6, 15.05, 13.95, 0.05857, 7, 7.9, 11.27, 0.44051, 8, 1.27, 11.34, 0.50092, 3, 6, 11.65, 9.43, 0.28017, 7, 2.54, 9.46, 0.56574, 8, -4.08, 13.18, 0.15409, 3, 6, 8.74, 5.57, 0.79072, 7, -2.04, 7.92, 0.19013, 8, -8.64, 14.77, 0.01915, 3, 6, 3.19, 5.43, 0.99984, 7, -6.7, 10.95, 1.4E-4, 8, -10.48, 20.01, 1.0E-5, 1, 6, -0.85, 8.73, 1, 1, 6, 8.45, -0.01, 1, 1, 7, 2.5, -0.77, 1, 2, 7, 12.08, 0.53, 0.78641, 8, -1.99, 0.28, 0.21359 ],
				"hull": 20
			}
		},
		"shenti": {
			"shenti": {
				"type": "mesh",
				"uvs": [ 0.18003, 0.13089, 0.25516, 0.06064, 0.36786, 0.00913, 0.46678, 0, 0.58573, 9.4E-4, 0.69269, 0.03021, 0.79787, 0.08991, 0.87425, 0.18942, 0.94688, 0.32055, 0.97693, 0.44464, 1, 0.57257, 1, 0.72008, 0.97693, 0.84183, 0.90055, 0.93081, 0.77909, 0.98349, 0.6192, 1, 0.29489, 1, 0.15465, 0.96378, 0.06449, 0.87363, 0.0119, 0.78232, 0, 0.66875, 0, 0.52827, 0.0432, 0.39129, 0.05779, 0.26099, 0.0941, 0.21768, 0.12666, 0.14743, 0.45657, 0.38335, 0.45164, 0.69988, 0.45164, 0.82588, 0.45328, 0.537, 0.46314, 0.14825 ],
				"triangles": [ 9, 26, 8, 26, 7, 8, 29, 23, 24, 29, 24, 25, 7, 26, 6, 26, 30, 6, 30, 5, 6, 30, 4, 5, 30, 3, 4, 26, 29, 25, 26, 25, 0, 26, 0, 30, 30, 0, 1, 30, 1, 2, 30, 2, 3, 13, 14, 27, 13, 27, 10, 10, 27, 29, 11, 12, 13, 10, 29, 9, 10, 11, 13, 27, 18, 19, 21, 22, 27, 27, 22, 23, 29, 27, 23, 27, 19, 20, 26, 9, 29, 27, 20, 21, 16, 28, 15, 15, 28, 14, 16, 17, 28, 17, 18, 28, 14, 28, 27, 28, 18, 27 ],
				"vertices": [ 2, 2, 69.26, 32.71, 0.07752, 3, 30.19, 32.25, 0.92248, 2, 2, 78.08, 24.25, 0.01394, 3, 38.91, 23.69, 0.98606, 1, 3, 45.37, 10.79, 1, 1, 3, 46.6, -0.57, 1, 2, 2, 86.22, -13.6, 0.00339, 3, 46.62, -14.25, 0.99661, 2, 2, 82.87, -25.97, 0.03055, 3, 43.13, -26.59, 0.96945, 3, 1, 40.14, 90.33, 5.0E-5, 2, 75.78, -38.22, 0.09966, 3, 35.9, -38.75, 0.9003, 3, 1, 48.92, 78.09, 0.00445, 2, 63.73, -47.26, 0.2299, 3, 23.75, -47.65, 0.76565, 3, 1, 57.27, 61.96, 0.03082, 2, 47.78, -55.94, 0.43435, 3, 7.7, -56.16, 0.53483, 3, 1, 60.73, 46.69, 0.08836, 2, 32.59, -59.71, 0.57989, 3, -7.53, -59.76, 0.33176, 3, 1, 63.38, 30.96, 0.19217, 2, 16.91, -62.69, 0.64142, 3, -23.24, -62.56, 0.16641, 3, 1, 63.38, 12.82, 0.35232, 2, -1.23, -63.07, 0.59011, 3, -41.38, -62.73, 0.05757, 3, 1, 60.73, -2.16, 0.48228, 2, -16.25, -60.73, 0.49986, 3, -56.38, -60.22, 0.01786, 3, 1, 51.95, -13.1, 0.5875, 2, -27.38, -52.18, 0.40855, 3, -67.41, -51.54, 0.00396, 3, 1, 37.98, -19.58, 0.71656, 2, -34.15, -38.35, 0.28343, 3, -74.02, -37.64, 1.0E-5, 2, 1, 19.59, -21.61, 0.90322, 2, -36.56, -20.01, 0.09678, 2, 1, -17.7, -21.61, 0.95155, 2, -37.34, 17.28, 0.04845, 2, 1, -33.83, -17.16, 0.80606, 2, -33.22, 33.5, 0.19394, 3, 1, -44.2, -6.07, 0.63045, 2, -22.35, 44.09, 0.36525, 3, -61.29, 44.67, 0.0043, 3, 1, -50.25, 5.16, 0.47407, 2, -11.25, 50.37, 0.50456, 3, -50.12, 50.82, 0.02137, 3, 1, -51.62, 19.13, 0.30154, 2, 2.69, 52.03, 0.6266, 3, -36.16, 52.32, 0.07186, 3, 1, -51.62, 36.41, 0.13093, 2, 19.97, 52.39, 0.65997, 3, -18.88, 52.49, 0.20909, 3, 1, -46.65, 53.26, 0.03418, 2, 36.91, 47.78, 0.49504, 3, -1.99, 47.68, 0.47078, 3, 1, -44.97, 69.28, 0.00389, 2, 52.97, 46.43, 0.27249, 3, 14.05, 46.15, 0.72362, 3, 1, -40.8, 74.61, 0.00105, 2, 58.39, 42.37, 0.2, 3, 19.42, 42.03, 0.79895, 2, 2, 67.1, 38.81, 0.11857, 3, 28.09, 38.37, 0.88143, 2, 2, 38.88, 0.27, 0.04353, 3, -0.56, 0.15, 0.95647, 2, 1, 0.32, 15.3, 0.00198, 2, -0.06, 0.03, 0.99802, 1, 1, 0.32, -0.2, 1, 2, 2, 19.98, 0.26, 0.99997, 3, -19.46, 0.35, 3.0E-5, 2, 2, 67.81, 0.12, 1.0E-5, 3, 28.36, -0.33, 0.99999 ],
				"hull": 26
			}
		},
		"weiba": {
			"weiba": {
				"type": "mesh",
				"uvs": [ 0.06233, 0.96839, 0.24507, 1, 0.53701, 1, 0.83118, 0.84198, 1, 0.55419, 1, 0.21529, 0.92032, 0.04585, 0.82672, 0, 0.63284, 0, 0.4813, 0.17495, 0.29855, 0.37398, 0.08907, 0.54612, 0, 0.70481, 0.00216, 0.87694, 0.48602, 0.62755 ],
				"triangles": [ 5, 9, 6, 9, 5, 14, 9, 8, 7, 7, 6, 9, 4, 14, 5, 3, 14, 4, 10, 9, 14, 11, 10, 14, 1, 0, 13, 1, 13, 12, 11, 1, 12, 11, 14, 1, 2, 14, 3, 1, 14, 2 ],
				"vertices": [ 1, 9, -3.1, -2.93, 1, 1, 9, 2.43, -6.28, 1, 2, 9, 11.83, -10.29, 0.80858, 10, -8.29, -8.84, 0.19142, 2, 9, 23.1, -10.11, 0.10966, 10, 2.54, -11.97, 0.89034, 1, 10, 12.44, -9.4, 1, 1, 10, 18.77, -1.89, 1, 1, 10, 19.81, 3.67, 1, 1, 10, 18.16, 6.8, 1, 2, 9, 26.28, 15.07, 5.9E-4, 10, 12.97, 11.17, 0.99941, 2, 9, 19.42, 12.49, 0.08513, 10, 5.65, 10.71, 0.91487, 2, 9, 11.27, 9.68, 0.66982, 10, -2.97, 10.42, 0.33018, 2, 9, 2.57, 7.97, 0.99543, 10, -11.79, 11.33, 0.00457, 1, 9, -2.11, 4.96, 1, 1, 9, -3.99, 0.33, 1, 2, 9, 14.42, 0.35, 0.75117, 10, -2.69, 0.57, 0.24883 ],
				"hull": 14
			}
		},
		"yan1": {
			"yan1": { "x": -0.2, "y": -0.38, "rotation": -89.45, "width": 7, "height": 7 }
		},
		"yan22": {
			"yan22": { "x": 0.19, "y": -0.17, "rotation": -89.45, "width": 7, "height": 7 }
		},
		"ye": {
			"ye": {
				"type": "mesh",
				"uvs": [ 0.2107, 1, 0.28882, 1, 0.25836, 0.86056, 0.25174, 0.73799, 0.26234, 0.61911, 0.2822, 0.49889, 0.31529, 0.38093, 0.49897, 0.38473, 0.68961, 0.36538, 0.87364, 0.32759, 1, 0.25387, 1, 0.13499, 0.90466, 0.07136, 0.75903, 0.02805, 0.59354, 0, 0.25328, 0, 0.13148, 0.03726, 0.20165, 0.10362, 0.07323, 0.13034, 0, 0.18287, 0, 0.28793, 0.09309, 0.34415, 0.22548, 0.36903, 0.18434, 0.48872, 0.16316, 0.61037, 0.14992, 0.73847, 0.15124, 0.86472, 0.16183, 0.97051, 0.43819, 0.1345 ],
				"triangles": [ 25, 24, 3, 26, 25, 3, 26, 3, 2, 27, 26, 2, 0, 27, 2, 0, 2, 1, 4, 23, 5, 24, 23, 4, 3, 24, 4, 20, 19, 18, 21, 18, 17, 20, 18, 21, 6, 22, 17, 21, 17, 22, 5, 22, 6, 23, 22, 5, 17, 16, 15, 28, 15, 14, 17, 15, 28, 12, 11, 10, 9, 13, 12, 9, 12, 10, 8, 14, 13, 8, 13, 9, 28, 14, 8, 28, 6, 17, 28, 7, 6, 8, 7, 28 ],
				"vertices": [ 1, 14, -7.11, 0.5, 1, 1, 14, -7.36, -5.04, 1, 1, 14, 6.95, -3.51, 1, 2, 15, -4.56, -3.53, 0.08218, 14, 19.46, -3.6, 0.91782, 1, 15, 7.58, -3.27, 1, 2, 16, -2.26, -3.21, 0.40646, 15, 19.92, -3.66, 0.59354, 2, 17, -6.32, -19.12, 0.03038, 16, 10, -3, 0.96962, 2, 17, 6.73, -19.11, 0.60295, 16, 12.34, -15.84, 0.39705, 2, 17, 20.2, -16.73, 0.93377, 16, 17.1, -28.66, 0.06623, 2, 17, 33.14, -12.48, 0.99826, 16, 23.59, -40.64, 0.00174, 1, 17, 41.88, -4.69, 1, 1, 17, 41.51, 7.43, 1, 1, 17, 34.55, 13.71, 1, 1, 17, 24.08, 17.81, 1, 1, 17, 12.25, 20.31, 1, 2, 17, -11.9, 19.58, 0.94973, 16, 47.08, 9.41, 0.05027, 2, 17, -20.43, 15.52, 0.9105, 16, 41.56, 17.08, 0.0895, 2, 17, -15.24, 8.91, 0.73677, 16, 35.98, 10.79, 0.26323, 2, 17, -24.27, 5.91, 0.31245, 16, 31.41, 19.14, 0.68755, 2, 17, -29.31, 0.39, 0.17843, 16, 25.09, 23.11, 0.82157, 2, 17, -28.98, -10.32, 0.05424, 16, 14.61, 20.87, 0.94576, 2, 17, -22.2, -15.85, 0.008, 16, 10.38, 13.21, 0.992, 1, 16, 9.86, 3.49, 1, 2, 16, -2.69, 3.8, 0.23262, 15, 20.38, 3.35, 0.76738, 1, 15, 7.89, 3.82, 1, 1, 14, 19.73, 3.62, 1, 1, 14, 6.86, 4.1, 1, 1, 14, -3.95, 3.83, 1, 2, 17, 1.64, 6.27, 0.99943, 16, 36.41, -6.29, 5.7E-4 ],
				"hull": 28
			}
		},
		"yinying": {
			"yinying": { "x": 2.64, "y": 1.06, "width": 100, "height": 35 }
		},
		"youjiao": {
			"youjiao": { "x": 8.21, "y": 0.46, "rotation": 38.8, "width": 20, "height": 14 }
		},
		"youshou": {
			"youshou": {
				"type": "mesh",
				"uvs": [ 0.20058, 0, 0.51716, 0, 0.7891, 0.07272, 0.9474, 0.21681, 0.99204, 0.44004, 0.93116, 0.6714, 0.72416, 0.84592, 0.49687, 0.94131, 0.43599, 1, 0.15999, 1, 0, 0.92507, 0, 0.81548, 0.00169, 0.5679, 0.10722, 0.34872, 0.08693, 0.12752, 0.53065, 0.3751, 0.43729, 0.68357 ],
				"triangles": [ 15, 0, 1, 0, 15, 13, 15, 3, 4, 15, 2, 3, 15, 1, 2, 13, 14, 0, 5, 6, 15, 12, 13, 16, 16, 13, 15, 6, 16, 15, 5, 15, 4, 7, 8, 16, 9, 16, 8, 16, 9, 11, 7, 16, 6, 11, 9, 10, 11, 12, 16 ],
				"vertices": [ 1, 20, -6.57, -5.51, 1, 1, 20, -3.66, 4.86, 1, 1, 20, 3.6, 12.42, 1, 2, 21, -14.74, 11.24, 0.01472, 20, 14.49, 14.95, 0.98528, 2, 21, -0.06, 15.42, 0.61367, 20, 29.52, 12.3, 0.38633, 3, 22, -9.46, 15.19, 0.07155, 21, 15.79, 16.16, 0.92194, 20, 44.1, 6.05, 0.0065, 2, 22, 4.26, 13.79, 0.69934, 21, 28.71, 11.33, 0.30066, 2, 22, 13.4, 9.5, 0.98616, 21, 36.46, 4.88, 0.01384, 2, 22, 17.89, 9.29, 0.99994, 21, 40.76, 3.55, 6.0E-5, 1, 22, 21.83, 0.78, 1, 1, 22, 19.49, -6.3, 1, 2, 22, 12.72, -9.43, 0.99356, 21, 31.03, -13.26, 0.00644, 3, 22, -2.58, -16.45, 0.38244, 21, 14.45, -16.19, 0.61319, 20, 28.77, -22.47, 0.00437, 3, 22, -17.61, -19.45, 0.01594, 21, -0.85, -15.29, 0.53081, 20, 15.39, -14.98, 0.45325, 2, 21, -15.54, -18.63, 0.02293, 20, 0.73, -11.57, 0.97707, 2, 21, -1.64, -0.81, 0.49811, 20, 21.02, -1.61, 0.50189, 2, 22, -1.66, 0.3, 0.43263, 21, 19.57, -0.22, 0.56737 ],
				"hull": 15
			}
		},
		"zuojiao": {
			"zuojiao": { "x": 5.87, "y": 1.24, "rotation": 153.43, "width": 19, "height": 13 }
		},
		"zuoshou": {
			"zuoshou": { "x": 10.05, "y": -0.89, "rotation": 172.57, "width": 30, "height": 25 }
		}
	}
},
"animations": {
	"idle": {
		"bones": {
			"shenti2": {
				"rotate": [
					{ "time": 0, "angle": 0, "curve": "stepped" },
					{ "time": 1, "angle": 0 },
					{ "time": 1.2667, "angle": -1.92 },
					{ "time": 1.5, "angle": 0.95 },
					{ "time": 1.7667, "angle": -1.92 },
					{ "time": 2.0667, "angle": 3.24 },
					{ "time": 2.4333, "angle": 0, "curve": "stepped" },
					{ "time": 3.4333, "angle": 0 }
				],
				"translate": [
					{
						"time": 0,
						"x": 0,
						"y": 0,
						"curve": [ 0.25, 0, 0.75, 1 ]
					},
					{
						"time": 0.5,
						"x": 0,
						"y": 2.76,
						"curve": [ 0.25, 0, 0.75, 1 ]
					},
					{ "time": 1, "x": 0, "y": 0 },
					{ "time": 1.2667, "x": 0, "y": 1.89, "curve": "stepped" },
					{ "time": 1.7667, "x": 0, "y": 1.89 },
					{
						"time": 2.4333,
						"x": 0,
						"y": 0,
						"curve": [ 0.25, 0, 0.75, 1 ]
					},
					{
						"time": 2.9333,
						"x": 0,
						"y": 2.76,
						"curve": [ 0.25, 0, 0.75, 1 ]
					},
					{ "time": 3.4333, "x": 0, "y": 0 }
				],
				"scale": [
					{
						"time": 0,
						"x": 1,
						"y": 1,
						"curve": [ 0.25, 0, 0.75, 1 ]
					},
					{
						"time": 0.5,
						"x": 1.061,
						"y": 0.967,
						"curve": [ 0.25, 0, 0.75, 1 ]
					},
					{ "time": 1, "x": 1, "y": 1, "curve": "stepped" },
					{
						"time": 2.4333,
						"x": 1,
						"y": 1,
						"curve": [ 0.25, 0, 0.75, 1 ]
					},
					{
						"time": 2.9333,
						"x": 1.061,
						"y": 0.967,
						"curve": [ 0.25, 0, 0.75, 1 ]
					},
					{ "time": 3.4333, "x": 1, "y": 1 }
				]
			},
			"erduo1": {
				"rotate": [
					{
						"time": 0,
						"angle": 0,
						"curve": [ 0.25, 0, 0.75, 1 ]
					},
					{
						"time": 0.5,
						"angle": -5.78,
						"curve": [ 0.25, 0, 0.75, 1 ]
					},
					{ "time": 1, "angle": 0, "curve": "stepped" },
					{
						"time": 2.4333,
						"angle": 0,
						"curve": [ 0.25, 0, 0.75, 1 ]
					},
					{
						"time": 2.9333,
						"angle": -5.78,
						"curve": [ 0.25, 0, 0.75, 1 ]
					},
					{ "time": 3.4333, "angle": 0 }
				]
			},
			"erduo4": {
				"rotate": [
					{
						"time": 0,
						"angle": 0,
						"curve": [ 0.25, 0, 0.75, 1 ]
					},
					{
						"time": 0.5,
						"angle": 7.75,
						"curve": [ 0.25, 0, 0.75, 1 ]
					},
					{ "time": 1, "angle": 0, "curve": "stepped" },
					{
						"time": 2.4333,
						"angle": 0,
						"curve": [ 0.25, 0, 0.75, 1 ]
					},
					{
						"time": 2.9333,
						"angle": 7.75,
						"curve": [ 0.25, 0, 0.75, 1 ]
					},
					{ "time": 3.4333, "angle": 0 }
				]
			},
			"erduo5": {
				"rotate": [
					{
						"time": 0,
						"angle": 0,
						"curve": [ 0.25, 0, 0.75, 1 ]
					},
					{
						"time": 0.5,
						"angle": 7.96,
						"curve": [ 0.25, 0, 0.75, 1 ]
					},
					{ "time": 1, "angle": 0, "curve": "stepped" },
					{
						"time": 2.4333,
						"angle": 0,
						"curve": [ 0.25, 0, 0.75, 1 ]
					},
					{
						"time": 2.9333,
						"angle": 7.96,
						"curve": [ 0.25, 0, 0.75, 1 ]
					},
					{ "time": 3.4333, "angle": 0 }
				]
			},
			"zuoshou": {
				"rotate": [
					{
						"time": 0,
						"angle": 0,
						"curve": [ 0.25, 0, 0.75, 1 ]
					},
					{
						"time": 0.5,
						"angle": 7.31,
						"curve": [ 0.25, 0, 0.75, 1 ]
					},
					{ "time": 1, "angle": 0 },
					{ "time": 1.2667, "angle": -17.7 },
					{ "time": 1.5, "angle": -4.3 },
					{ "time": 1.7667, "angle": -17.7 },
					{ "time": 2.0667, "angle": -4.3 },
					{
						"time": 2.4333,
						"angle": 0,
						"curve": [ 0.25, 0, 0.75, 1 ]
					},
					{
						"time": 2.9333,
						"angle": 7.31,
						"curve": [ 0.25, 0, 0.75, 1 ]
					},
					{ "time": 3.4333, "angle": 0 }
				],
				"translate": [
					{ "time": 0, "x": 0, "y": 0, "curve": "stepped" },
					{ "time": 1, "x": 0, "y": 0 },
					{ "time": 1.2667, "x": 6.92, "y": 0.07, "curve": "stepped" },
					{ "time": 1.7667, "x": 6.92, "y": 0.07 },
					{ "time": 2.4333, "x": 0, "y": 0, "curve": "stepped" },
					{ "time": 3.4333, "x": 0, "y": 0 }
				]
			},
			"ye": {
				"rotate": [
					{
						"time": 0,
						"angle": 0,
						"curve": [ 0.25, 0, 0.75, 1 ]
					},
					{
						"time": 0.5,
						"angle": -3.38,
						"curve": [ 0.25, 0, 0.75, 1 ]
					},
					{ "time": 1, "angle": 0 },
					{ "time": 1.2667, "angle": 13.01 },
					{ "time": 1.5, "angle": 25.53 },
					{ "time": 1.7667, "angle": 13.01 },
					{ "time": 2.0667, "angle": 25.53 },
					{
						"time": 2.4333,
						"angle": 0,
						"curve": [ 0.25, 0, 0.75, 1 ]
					},
					{
						"time": 2.9333,
						"angle": -3.38,
						"curve": [ 0.25, 0, 0.75, 1 ]
					},
					{ "time": 3.4333, "angle": 0 }
				]
			},
			"ye2": {
				"rotate": [
					{
						"time": 0,
						"angle": 0,
						"curve": [ 0.181, 0.23, 0.75, 1 ]
					},
					{
						"time": 0.2667,
						"angle": -2.13,
						"curve": [ 0.25, 0, 0.75, 1 ]
					},
					{
						"time": 0.7667,
						"angle": 2.1,
						"curve": [ 0.25, 0, 0.837, 0.78 ]
					},
					{ "time": 1, "angle": 0 },
					{ "time": 1.2667, "angle": -1.91 },
					{ "time": 1.5, "angle": -13.83 },
					{ "time": 1.6, "angle": 2.78 },
					{ "time": 1.7667, "angle": 11.77 },
					{ "time": 1.8667, "angle": 2.16 },
					{ "time": 2.0667, "angle": -13.83 },
					{
						"time": 2.4333,
						"angle": 0,
						"curve": [ 0.181, 0.23, 0.75, 1 ]
					},
					{
						"time": 2.7,
						"angle": -2.13,
						"curve": [ 0.25, 0, 0.75, 1 ]
					},
					{
						"time": 3.2,
						"angle": 2.1,
						"curve": [ 0.25, 0, 0.837, 0.78 ]
					},
					{ "time": 3.4333, "angle": 0 }
				]
			},
			"ye3": {
				"rotate": [
					{
						"time": 0,
						"angle": 0,
						"curve": [ 0.25, 0, 0.75, 1 ]
					},
					{
						"time": 0.5,
						"angle": -5.42,
						"curve": [ 0.25, 0, 0.75, 1 ]
					},
					{ "time": 1, "angle": 0 },
					{ "time": 1.2667, "angle": -2.45 },
					{ "time": 1.5, "angle": -4.22 },
					{ "time": 1.6, "angle": 3.06 },
					{ "time": 1.7667, "angle": 12.53 },
					{ "time": 1.8667, "angle": -0.09 },
					{ "time": 2.0667, "angle": -4.22 },
					{
						"time": 2.4333,
						"angle": 0,
						"curve": [ 0.25, 0, 0.75, 1 ]
					},
					{
						"time": 2.9333,
						"angle": -5.42,
						"curve": [ 0.25, 0, 0.75, 1 ]
					},
					{ "time": 3.4333, "angle": 0 }
				]
			},
			"ye4": {
				"rotate": [
					{
						"time": 0,
						"angle": 0,
						"curve": [ 0.25, 0, 0.75, 1 ]
					},
					{
						"time": 0.5,
						"angle": -4.04,
						"curve": [ 0.25, 0, 0.75, 1 ]
					},
					{ "time": 1, "angle": 0 },
					{ "time": 1.2667, "angle": -6.07 },
					{ "time": 1.5, "angle": -1.64 },
					{ "time": 1.7667, "angle": -6.99 },
					{ "time": 2.0667, "angle": -1.64 },
					{
						"time": 2.4333,
						"angle": 0,
						"curve": [ 0.25, 0, 0.75, 1 ]
					},
					{
						"time": 2.9333,
						"angle": -4.04,
						"curve": [ 0.25, 0, 0.75, 1 ]
					},
					{ "time": 3.4333, "angle": 0 }
				]
			},
			"youshou": {
				"rotate": [
					{
						"time": 0,
						"angle": 0,
						"curve": [ 0.25, 0, 0.75, 1 ]
					},
					{
						"time": 0.5,
						"angle": 1.69,
						"curve": [ 0.25, 0, 0.75, 1 ]
					},
					{ "time": 1, "angle": 0 },
					{ "time": 1.2667, "angle": 3.85, "curve": "stepped" },
					{ "time": 1.7667, "angle": 3.85 },
					{ "time": 2.0667, "angle": 10.13 },
					{
						"time": 2.4333,
						"angle": 0,
						"curve": [ 0.25, 0, 0.75, 1 ]
					},
					{
						"time": 2.9333,
						"angle": 1.69,
						"curve": [ 0.25, 0, 0.75, 1 ]
					},
					{ "time": 3.4333, "angle": 0 }
				]
			},
			"youshou2": {
				"rotate": [
					{ "time": 0, "angle": 0, "curve": "stepped" },
					{ "time": 1, "angle": 0 },
					{ "time": 1.2667, "angle": 6.69, "curve": "stepped" },
					{ "time": 1.7667, "angle": 6.69 },
					{ "time": 2.4333, "angle": 0, "curve": "stepped" },
					{ "time": 3.4333, "angle": 0 }
				]
			},
			"weiba": {
				"rotate": [
					{
						"time": 0,
						"angle": 0,
						"curve": [ 0.25, 0, 0.75, 1 ]
					},
					{
						"time": 0.5,
						"angle": -5.83,
						"curve": [ 0.25, 0, 0.75, 1 ]
					},
					{ "time": 1, "angle": 0 },
					{ "time": 1.2667, "angle": -11.05, "curve": "stepped" },
					{ "time": 1.7667, "angle": -11.05 },
					{
						"time": 2.4333,
						"angle": 0,
						"curve": [ 0.25, 0, 0.75, 1 ]
					},
					{
						"time": 2.9333,
						"angle": -5.83,
						"curve": [ 0.25, 0, 0.75, 1 ]
					},
					{ "time": 3.4333, "angle": 0 }
				]
			},
			"weiba2": {
				"rotate": [
					{
						"time": 0,
						"angle": 0,
						"curve": [ 0.25, 0, 0.75, 1 ]
					},
					{
						"time": 0.5,
						"angle": -12.81,
						"curve": [ 0.25, 0, 0.75, 1 ]
					},
					{ "time": 1, "angle": 0, "curve": "stepped" },
					{
						"time": 2.4333,
						"angle": 0,
						"curve": [ 0.25, 0, 0.75, 1 ]
					},
					{
						"time": 2.9333,
						"angle": -12.81,
						"curve": [ 0.25, 0, 0.75, 1 ]
					},
					{ "time": 3.4333, "angle": 0 }
				]
			},
			"yan1": {
				"rotate": [
					{ "time": 0, "angle": 0, "curve": "stepped" },
					{ "time": 1, "angle": 0, "curve": "stepped" },
					{ "time": 2.4333, "angle": 0, "curve": "stepped" },
					{ "time": 3.4333, "angle": 0 }
				],
				"translate": [
					{ "time": 0, "x": 0, "y": 0, "curve": "stepped" },
					{ "time": 1, "x": 0, "y": 0 },
					{ "time": 1.2667, "x": 0.66, "y": -1.72 },
					{ "time": 1.5, "x": -0.04, "y": 1.54 },
					{ "time": 1.7667, "x": 0.05, "y": -0.65 },
					{ "time": 2.0667, "x": -0.47, "y": 1.42 },
					{ "time": 2.4333, "x": 0, "y": 0, "curve": "stepped" },
					{ "time": 3.4333, "x": 0, "y": 0 }
				]
			},
			"yan22": {
				"translate": [
					{ "time": 0, "x": 0, "y": 0, "curve": "stepped" },
					{ "time": 1, "x": 0, "y": 0 },
					{ "time": 1.2667, "x": 0.05, "y": -1.16 },
					{ "time": 1.5, "x": 0.66, "y": 4.31 },
					{ "time": 1.7667, "x": 0.16, "y": 2 },
					{ "time": 2.0667, "x": 0.75, "y": 2.82 },
					{ "time": 2.4333, "x": 0, "y": 0, "curve": "stepped" },
					{ "time": 3.4333, "x": 0, "y": 0 }
				]
			}
		}
	},
	"shouge": {
		"bones": {
			"shenti": {
				"translate": [
					{
						"time": 0,
						"x": 0,
						"y": 0,
						"curve": [ 0.149, 0.55, 0.75, 1 ]
					},
					{
						"time": 0.2,
						"x": 0,
						"y": 85.97,
						"curve": [ 0.25, 0, 0.906, 0.45 ]
					},
					{ "time": 0.4333, "x": 0, "y": 0 }
				],
				"scale": [
					{
						"time": 0,
						"x": 1,
						"y": 1,
						"curve": [ 0.149, 0.55, 0.75, 1 ]
					},
					{
						"time": 0.2,
						"x": 0.991,
						"y": 1.107,
						"curve": [ 0.25, 0, 0.906, 0.45 ]
					},
					{ "time": 0.4333, "x": 0.137, "y": 0.123 }
				]
			},
			"erduo1": {
				"rotate": [
					{
						"time": 0,
						"angle": 0,
						"curve": [ 0.149, 0.55, 0.75, 1 ]
					},
					{
						"time": 0.2,
						"angle": -6.93,
						"curve": [ 0.25, 0, 0.906, 0.45 ]
					},
					{ "time": 0.4333, "angle": 0 }
				]
			},
			"erduo2": {
				"rotate": [
					{
						"time": 0,
						"angle": 0,
						"curve": [ 0.149, 0.55, 0.75, 1 ]
					},
					{
						"time": 0.2,
						"angle": -6.94,
						"curve": [ 0.25, 0, 0.906, 0.45 ]
					},
					{ "time": 0.4333, "angle": 17.93 }
				]
			},
			"erduo4": {
				"rotate": [
					{
						"time": 0,
						"angle": 0,
						"curve": [ 0.149, 0.55, 0.75, 1 ]
					},
					{
						"time": 0.2,
						"angle": 22.08,
						"curve": [ 0.25, 0, 0.906, 0.45 ]
					},
					{ "time": 0.4333, "angle": -10.13 }
				]
			},
			"erduo5": {
				"rotate": [
					{
						"time": 0,
						"angle": 0,
						"curve": [ 0.149, 0.55, 0.75, 1 ]
					},
					{
						"time": 0.2,
						"angle": 8.89,
						"curve": [ 0.25, 0, 0.906, 0.45 ]
					},
					{ "time": 0.4333, "angle": -26.44 }
				]
			},
			"zuoshou": {
				"rotate": [
					{
						"time": 0,
						"angle": 0,
						"curve": [ 0.149, 0.55, 0.75, 1 ]
					},
					{
						"time": 0.2,
						"angle": 31.14,
						"curve": [ 0.25, 0, 0.906, 0.45 ]
					},
					{ "time": 0.4333, "angle": -27.89 }
				],
				"translate": [
					{
						"time": 0,
						"x": 0,
						"y": 0,
						"curve": [ 0.149, 0.55, 0.75, 1 ]
					},
					{
						"time": 0.3,
						"x": 4.66,
						"y": 0.04,
						"curve": [ 0.392, 0.62, 0.757, 1 ]
					},
					{ "time": 0.4333, "x": 0, "y": 0 }
				]
			},
			"ye": {
				"rotate": [
					{
						"time": 0,
						"angle": 0,
						"curve": [ 0.149, 0.55, 0.75, 1 ]
					},
					{
						"time": 0.2,
						"angle": -26.85,
						"curve": [ 0.25, 0, 0.906, 0.45 ]
					},
					{ "time": 0.4333, "angle": 29.56 }
				]
			},
			"ye2": {
				"rotate": [
					{
						"time": 0,
						"angle": 0,
						"curve": [ 0.149, 0.55, 0.75, 1 ]
					},
					{
						"time": 0.2,
						"angle": -3.85,
						"curve": [ 0.25, 0, 0.906, 0.45 ]
					},
					{ "time": 0.4333, "angle": 5.06 }
				]
			},
			"ye3": {
				"rotate": [
					{
						"time": 0,
						"angle": 0,
						"curve": [ 0.149, 0.55, 0.75, 1 ]
					},
					{
						"time": 0.2,
						"angle": -6.49,
						"curve": [ 0.25, 0, 0.906, 0.45 ]
					},
					{ "time": 0.4333, "angle": 8.24 }
				]
			},
			"ye4": {
				"rotate": [
					{
						"time": 0,
						"angle": 0,
						"curve": [ 0.149, 0.55, 0.75, 1 ]
					},
					{
						"time": 0.2,
						"angle": -12.9,
						"curve": [ 0.25, 0, 0.906, 0.45 ]
					},
					{ "time": 0.4333, "angle": 11.83 }
				]
			},
			"youshou": {
				"rotate": [
					{
						"time": 0,
						"angle": 0,
						"curve": [ 0.149, 0.55, 0.75, 1 ]
					},
					{
						"time": 0.3,
						"angle": 26.43,
						"curve": [ 0.392, 0.62, 0.757, 1 ]
					},
					{ "time": 0.4333, "angle": 0 }
				]
			},
			"youshou2": {
				"rotate": [
					{
						"time": 0,
						"angle": 0,
						"curve": [ 0.149, 0.55, 0.75, 1 ]
					},
					{
						"time": 0.2,
						"angle": -0.18,
						"curve": [ 0.25, 0, 0.906, 0.45 ]
					},
					{
						"time": 0.3,
						"angle": -14.59,
						"curve": [ 0.381, 0.61, 0.768, 1 ]
					},
					{ "time": 0.4333, "angle": 12.73 }
				]
			},
			"youshou3": {
				"rotate": [
					{
						"time": 0,
						"angle": 0,
						"curve": [ 0.149, 0.55, 0.75, 1 ]
					},
					{ "time": 0.4333, "angle": 10.2 }
				]
			},
			"weiba": {
				"rotate": [
					{
						"time": 0,
						"angle": 0,
						"curve": [ 0.149, 0.55, 0.75, 1 ]
					},
					{
						"time": 0.2,
						"angle": -19.12,
						"curve": [ 0.25, 0, 0.906, 0.45 ]
					},
					{ "time": 0.4333, "angle": 0 }
				]
			},
			"weiba2": {
				"rotate": [
					{
						"time": 0,
						"angle": 0,
						"curve": [ 0.149, 0.55, 0.75, 1 ]
					},
					{
						"time": 0.2,
						"angle": -42.21,
						"curve": [ 0.25, 0, 0.906, 0.45 ]
					},
					{ "time": 0.4333, "angle": 0 }
				]
			},
			"zuojiao": {
				"rotate": [
					{
						"time": 0,
						"angle": 0,
						"curve": [ 0.149, 0.55, 0.75, 1 ]
					},
					{
						"time": 0.2,
						"angle": 51.27,
						"curve": [ 0.25, 0, 0.906, 0.45 ]
					},
					{ "time": 0.4333, "angle": 0 }
				],
				"translate": [
					{
						"time": 0,
						"x": 0,
						"y": 0,
						"curve": [ 0.171, 0.37, 0.557, 0.72 ]
					},
					{
						"time": 0.2,
						"x": 7.56,
						"y": -2.46,
						"curve": [ 0.354, 0.61, 0.771, 1 ]
					},
					{ "time": 0.4333, "x": 0, "y": 0 }
				]
			},
			"youjiao": {
				"rotate": [
					{
						"time": 0,
						"angle": 0,
						"curve": [ 0.149, 0.55, 0.75, 1 ]
					},
					{
						"time": 0.2,
						"angle": -33.5,
						"curve": [ 0.25, 0, 0.906, 0.45 ]
					},
					{ "time": 0.4333, "angle": 0 }
				],
				"translate": [
					{
						"time": 0,
						"x": 0,
						"y": 0,
						"curve": [ 0.171, 0.37, 0.557, 0.72 ]
					},
					{
						"time": 0.2,
						"x": -4.12,
						"y": 0,
						"curve": [ 0.354, 0.61, 0.771, 1 ]
					},
					{ "time": 0.4333, "x": 0, "y": 0 }
				]
			},
			"yan1": {
				"translate": [
					{
						"time": 0,
						"x": 0,
						"y": 0,
						"curve": [ 0.171, 0.37, 0.557, 0.72 ]
					},
					{
						"time": 0.2,
						"x": -7.02,
						"y": -0.07,
						"curve": [ 0.354, 0.61, 0.771, 1 ]
					},
					{ "time": 0.4333, "x": -4.37, "y": -0.04 }
				]
			},
			"yan22": {
				"translate": [
					{
						"time": 0,
						"x": 0,
						"y": 0,
						"curve": [ 0.171, 0.37, 0.557, 0.72 ]
					},
					{
						"time": 0.2,
						"x": -7.77,
						"y": 0.86,
						"curve": [ 0.354, 0.61, 0.771, 1 ]
					},
					{ "time": 0.4333, "x": -3.93, "y": -0.04 }
				]
			},
			"yinying": {
				"translate": [
					{ "time": 0, "x": 0, "y": 0 },
					{ "time": 0.4333, "x": -1.4, "y": 11.18 }
				],
				"scale": [
					{
						"time": 0,
						"x": 1,
						"y": 1,
						"curve": [ 0.094, 0.64, 0.75, 1 ]
					},
					{
						"time": 0.2,
						"x": 0.661,
						"y": 0.661,
						"curve": [ 0.25, 0, 0.787, 0.52 ]
					},
					{ "time": 0.4333, "x": 0.143, "y": 0.143 }
				]
			}
		}
	},
	"shouji": {
		"bones": {
			"shenti": {
				"translate": [
					{
						"time": 0,
						"x": 0,
						"y": 0,
						"curve": [ 0.149, 0.55, 0.75, 1 ]
					},
					{
						"time": 0.1667,
						"x": 0,
						"y": 69.62,
						"curve": [ 0.25, 0, 0.906, 0.45 ]
					},
					{
						"time": 0.4,
						"x": 0,
						"y": 0,
						"curve": [ 0.186, 0.41, 0.764, 0.96 ]
					},
					{
						"time": 0.5667,
						"x": 0,
						"y": 9.32,
						"curve": [ 0.278, 0.05, 0.8, 0.62 ]
					},
					{ "time": 0.7667, "x": 0, "y": 0 }
				],
				"scale": [
					{
						"time": 0,
						"x": 1,
						"y": 1,
						"curve": [ 0.149, 0.55, 0.75, 1 ]
					},
					{
						"time": 0.1667,
						"x": 0.991,
						"y": 1.107,
						"curve": [ 0.25, 0, 0.906, 0.45 ]
					},
					{
						"time": 0.4,
						"x": 1.049,
						"y": 0.936,
						"curve": [ 0.186, 0.41, 0.764, 0.96 ]
					},
					{
						"time": 0.5667,
						"x": 1,
						"y": 1.015,
						"curve": [ 0.278, 0.05, 0.8, 0.62 ]
					},
					{ "time": 0.7667, "x": 1, "y": 1 }
				]
			},
			"erduo1": {
				"rotate": [
					{
						"time": 0,
						"angle": 0,
						"curve": [ 0.149, 0.55, 0.75, 1 ]
					},
					{
						"time": 0.1667,
						"angle": -6.93,
						"curve": [ 0.25, 0, 0.906, 0.45 ]
					},
					{ "time": 0.4, "angle": 0, "curve": "stepped" },
					{ "time": 0.5667, "angle": 0, "curve": "stepped" },
					{ "time": 0.7667, "angle": 0 }
				]
			},
			"erduo2": {
				"rotate": [
					{
						"time": 0,
						"angle": 0,
						"curve": [ 0.149, 0.55, 0.75, 1 ]
					},
					{
						"time": 0.1667,
						"angle": -6.94,
						"curve": [ 0.25, 0, 0.906, 0.45 ]
					},
					{
						"time": 0.4,
						"angle": 17.93,
						"curve": [ 0.186, 0.41, 0.764, 0.96 ]
					},
					{
						"time": 0.5667,
						"angle": -18.24,
						"curve": [ 0.278, 0.05, 0.8, 0.62 ]
					},
					{ "time": 0.7667, "angle": 0 }
				]
			},
			"erduo4": {
				"rotate": [
					{
						"time": 0,
						"angle": 0,
						"curve": [ 0.149, 0.55, 0.75, 1 ]
					},
					{
						"time": 0.1667,
						"angle": 22.08,
						"curve": [ 0.25, 0, 0.906, 0.45 ]
					},
					{
						"time": 0.4,
						"angle": -10.13,
						"curve": [ 0.186, 0.41, 0.764, 0.96 ]
					},
					{
						"time": 0.5667,
						"angle": 20.71,
						"curve": [ 0.278, 0.05, 0.8, 0.62 ]
					},
					{ "time": 0.7667, "angle": 0 }
				]
			},
			"erduo5": {
				"rotate": [
					{
						"time": 0,
						"angle": 0,
						"curve": [ 0.149, 0.55, 0.75, 1 ]
					},
					{
						"time": 0.1667,
						"angle": 8.89,
						"curve": [ 0.25, 0, 0.906, 0.45 ]
					},
					{
						"time": 0.4,
						"angle": -26.44,
						"curve": [ 0.186, 0.41, 0.764, 0.96 ]
					},
					{ "time": 0.5667, "angle": 0, "curve": "stepped" },
					{ "time": 0.7667, "angle": 0 }
				]
			},
			"zuoshou": {
				"rotate": [
					{
						"time": 0,
						"angle": 0,
						"curve": [ 0.149, 0.55, 0.75, 1 ]
					},
					{
						"time": 0.1667,
						"angle": 31.14,
						"curve": [ 0.25, 0, 0.906, 0.45 ]
					},
					{
						"time": 0.4,
						"angle": -27.89,
						"curve": [ 0.186, 0.41, 0.764, 0.96 ]
					},
					{
						"time": 0.5667,
						"angle": 9.06,
						"curve": [ 0.278, 0.05, 0.8, 0.62 ]
					},
					{ "time": 0.7667, "angle": 0 }
				],
				"translate": [
					{
						"time": 0,
						"x": 0,
						"y": 0,
						"curve": [ 0.149, 0.55, 0.75, 1 ]
					},
					{
						"time": 0.2667,
						"x": 4.66,
						"y": 0.04,
						"curve": [ 0.392, 0.62, 0.757, 1 ]
					},
					{ "time": 0.4, "x": 0, "y": 0, "curve": "stepped" },
					{ "time": 0.5667, "x": 0, "y": 0, "curve": "stepped" },
					{ "time": 0.7667, "x": 0, "y": 0 }
				]
			},
			"ye": {
				"rotate": [
					{
						"time": 0,
						"angle": 0,
						"curve": [ 0.149, 0.55, 0.75, 1 ]
					},
					{
						"time": 0.1667,
						"angle": -26.85,
						"curve": [ 0.25, 0, 0.906, 0.45 ]
					},
					{
						"time": 0.4,
						"angle": 29.56,
						"curve": [ 0.186, 0.41, 0.764, 0.96 ]
					},
					{
						"time": 0.5667,
						"angle": -5.16,
						"curve": [ 0.278, 0.05, 0.8, 0.62 ]
					},
					{ "time": 0.7667, "angle": 0 }
				]
			},
			"ye2": {
				"rotate": [
					{
						"time": 0,
						"angle": 0,
						"curve": [ 0.149, 0.55, 0.75, 1 ]
					},
					{
						"time": 0.1667,
						"angle": -3.85,
						"curve": [ 0.25, 0, 0.906, 0.45 ]
					},
					{
						"time": 0.4,
						"angle": 5.06,
						"curve": [ 0.186, 0.41, 0.764, 0.96 ]
					},
					{ "time": 0.5667, "angle": 0, "curve": "stepped" },
					{ "time": 0.7667, "angle": 0 }
				]
			},
			"ye3": {
				"rotate": [
					{
						"time": 0,
						"angle": 0,
						"curve": [ 0.149, 0.55, 0.75, 1 ]
					},
					{
						"time": 0.1667,
						"angle": -6.49,
						"curve": [ 0.25, 0, 0.906, 0.45 ]
					},
					{
						"time": 0.4,
						"angle": 8.24,
						"curve": [ 0.186, 0.41, 0.764, 0.96 ]
					},
					{ "time": 0.5667, "angle": 0, "curve": "stepped" },
					{ "time": 0.7667, "angle": 0 }
				]
			},
			"ye4": {
				"rotate": [
					{
						"time": 0,
						"angle": 0,
						"curve": [ 0.149, 0.55, 0.75, 1 ]
					},
					{
						"time": 0.1667,
						"angle": -12.9,
						"curve": [ 0.25, 0, 0.906, 0.45 ]
					},
					{
						"time": 0.4,
						"angle": 11.83,
						"curve": [ 0.186, 0.41, 0.764, 0.96 ]
					},
					{ "time": 0.5667, "angle": 0, "curve": "stepped" },
					{ "time": 0.7667, "angle": 0 }
				]
			},
			"youshou": {
				"rotate": [
					{
						"time": 0,
						"angle": 0,
						"curve": [ 0.149, 0.55, 0.75, 1 ]
					},
					{
						"time": 0.2667,
						"angle": 26.43,
						"curve": [ 0.392, 0.62, 0.757, 1 ]
					},
					{ "time": 0.4, "angle": 0, "curve": "stepped" },
					{ "time": 0.5667, "angle": 0, "curve": "stepped" },
					{ "time": 0.7667, "angle": 0 }
				]
			},
			"youshou2": {
				"rotate": [
					{
						"time": 0,
						"angle": 0,
						"curve": [ 0.149, 0.55, 0.75, 1 ]
					},
					{
						"time": 0.1667,
						"angle": -0.18,
						"curve": [ 0.25, 0, 0.906, 0.45 ]
					},
					{
						"time": 0.2667,
						"angle": -14.59,
						"curve": [ 0.381, 0.61, 0.768, 1 ]
					},
					{
						"time": 0.4,
						"angle": 12.73,
						"curve": [ 0.186, 0.41, 0.764, 0.96 ]
					},
					{
						"time": 0.5667,
						"angle": -1.15,
						"curve": [ 0.259, 0.05, 0.671, 0.51 ]
					},
					{ "time": 0.7667, "angle": 0 }
				]
			},
			"youshou3": {
				"rotate": [
					{
						"time": 0,
						"angle": 0,
						"curve": [ 0.149, 0.55, 0.75, 1 ]
					},
					{
						"time": 0.4,
						"angle": 10.2,
						"curve": [ 0.186, 0.41, 0.764, 0.96 ]
					},
					{
						"time": 0.5667,
						"angle": -16.62,
						"curve": [ 0.278, 0.05, 0.8, 0.62 ]
					},
					{ "time": 0.7667, "angle": 0 }
				]
			},
			"weiba": {
				"rotate": [
					{
						"time": 0,
						"angle": 0,
						"curve": [ 0.149, 0.55, 0.75, 1 ]
					},
					{
						"time": 0.1667,
						"angle": -19.12,
						"curve": [ 0.25, 0, 0.906, 0.45 ]
					},
					{
						"time": 0.4,
						"angle": 0,
						"curve": [ 0.186, 0.41, 0.764, 0.96 ]
					},
					{
						"time": 0.5667,
						"angle": -11.37,
						"curve": [ 0.278, 0.05, 0.8, 0.62 ]
					},
					{ "time": 0.7667, "angle": 0 }
				]
			},
			"weiba2": {
				"rotate": [
					{
						"time": 0,
						"angle": 0,
						"curve": [ 0.149, 0.55, 0.75, 1 ]
					},
					{
						"time": 0.1667,
						"angle": -42.21,
						"curve": [ 0.25, 0, 0.906, 0.45 ]
					},
					{
						"time": 0.4,
						"angle": 0,
						"curve": [ 0.186, 0.41, 0.764, 0.96 ]
					},
					{
						"time": 0.5667,
						"angle": -18.09,
						"curve": [ 0.278, 0.05, 0.8, 0.62 ]
					},
					{ "time": 0.7667, "angle": 0 }
				]
			},
			"zuojiao": {
				"rotate": [
					{
						"time": 0,
						"angle": 0,
						"curve": [ 0.149, 0.55, 0.75, 1 ]
					},
					{
						"time": 0.1667,
						"angle": 51.27,
						"curve": [ 0.25, 0, 0.906, 0.45 ]
					},
					{
						"time": 0.4,
						"angle": 0,
						"curve": [ 0.186, 0.41, 0.764, 0.96 ]
					},
					{
						"time": 0.5667,
						"angle": 25.83,
						"curve": [ 0.278, 0.05, 0.8, 0.62 ]
					},
					{ "time": 0.7667, "angle": 0 }
				],
				"translate": [
					{
						"time": 0,
						"x": 0,
						"y": 0,
						"curve": [ 0.171, 0.37, 0.557, 0.72 ]
					},
					{
						"time": 0.1667,
						"x": 7.56,
						"y": -2.46,
						"curve": [ 0.354, 0.61, 0.771, 1 ]
					},
					{ "time": 0.4, "x": 0, "y": 0, "curve": "stepped" },
					{ "time": 0.5667, "x": 0, "y": 0, "curve": "stepped" },
					{ "time": 0.7667, "x": 0, "y": 0 }
				]
			},
			"youjiao": {
				"rotate": [
					{
						"time": 0,
						"angle": 0,
						"curve": [ 0.149, 0.55, 0.75, 1 ]
					},
					{
						"time": 0.1667,
						"angle": -33.5,
						"curve": [ 0.25, 0, 0.906, 0.45 ]
					},
					{
						"time": 0.4,
						"angle": 0,
						"curve": [ 0.186, 0.41, 0.764, 0.96 ]
					},
					{
						"time": 0.5667,
						"angle": -10.63,
						"curve": [ 0.278, 0.05, 0.8, 0.62 ]
					},
					{ "time": 0.7667, "angle": 0 }
				],
				"translate": [
					{
						"time": 0,
						"x": 0,
						"y": 0,
						"curve": [ 0.171, 0.37, 0.557, 0.72 ]
					},
					{
						"time": 0.1667,
						"x": -4.12,
						"y": 0,
						"curve": [ 0.354, 0.61, 0.771, 1 ]
					},
					{ "time": 0.4, "x": 0, "y": 0, "curve": "stepped" },
					{ "time": 0.5667, "x": 0, "y": 0, "curve": "stepped" },
					{ "time": 0.7667, "x": 0, "y": 0 }
				]
			},
			"yan1": {
				"translate": [
					{
						"time": 0,
						"x": 0,
						"y": 0,
						"curve": [ 0.171, 0.37, 0.557, 0.72 ]
					},
					{
						"time": 0.1667,
						"x": -7.02,
						"y": -0.07,
						"curve": [ 0.354, 0.61, 0.771, 1 ]
					},
					{
						"time": 0.4,
						"x": -4.37,
						"y": -0.04,
						"curve": [ 0.186, 0.41, 0.764, 0.96 ]
					},
					{
						"time": 0.5667,
						"x": -2.11,
						"y": -0.02,
						"curve": [ 0.278, 0.05, 0.8, 0.62 ]
					},
					{ "time": 0.7667, "x": 0, "y": 0 }
				]
			},
			"yan22": {
				"translate": [
					{
						"time": 0,
						"x": 0,
						"y": 0,
						"curve": [ 0.171, 0.37, 0.557, 0.72 ]
					},
					{
						"time": 0.1667,
						"x": -7.77,
						"y": 0.86,
						"curve": [ 0.354, 0.61, 0.771, 1 ]
					},
					{
						"time": 0.4,
						"x": -3.93,
						"y": -0.04,
						"curve": [ 0.186, 0.41, 0.764, 0.96 ]
					},
					{
						"time": 0.5667,
						"x": -2.11,
						"y": -0.02,
						"curve": [ 0.278, 0.05, 0.8, 0.62 ]
					},
					{ "time": 0.7667, "x": 0, "y": 0 }
				]
			},
			"yinying": {
				"scale": [
					{ "time": 0, "x": 1, "y": 1 },
					{ "time": 0.1667, "x": 0.739, "y": 0.739 },
					{ "time": 0.4, "x": 1, "y": 1, "curve": "stepped" },
					{ "time": 0.7667, "x": 1, "y": 1 }
				]
			}
		}
	},
	"ruchang": {
		"bones": {
			"shenti": {
				"translate": [
					{
						"time": 0,
						"x": 0,
						"y": 0,
						"curve": [ 0.149, 0.55, 0.75, 1 ]
					},
					{
						"time": 0.2333,
						"x": 0,
						"y": 69.62,
						"curve": [ 0.25, 0, 0.906, 0.45 ]
					},
					{
						"time": 0.4667,
						"x": 0,
						"y": 0,
						"curve": [ 0.186, 0.41, 0.764, 0.96 ]
					},
					{
						"time": 0.6333,
						"x": 0,
						"y": 9.32,
						"curve": [ 0.278, 0.05, 0.8, 0.62 ]
					},
					{ "time": 0.8333, "x": 0, "y": 0 }
				],
				"scale": [
					{
						"time": 0,
						"x": 0.086,
						"y": 0.086,
						"curve": [ 0.149, 0.55, 0.75, 1 ]
					},
					{
						"time": 0.2333,
						"x": 0.991,
						"y": 1.107,
						"curve": [ 0.25, 0, 0.906, 0.45 ]
					},
					{
						"time": 0.4667,
						"x": 1.049,
						"y": 0.936,
						"curve": [ 0.186, 0.41, 0.764, 0.96 ]
					},
					{
						"time": 0.6333,
						"x": 1,
						"y": 1.015,
						"curve": [ 0.278, 0.05, 0.8, 0.62 ]
					},
					{ "time": 0.8333, "x": 1, "y": 1 }
				]
			},
			"erduo1": {
				"rotate": [
					{
						"time": 0,
						"angle": 0,
						"curve": [ 0.149, 0.55, 0.75, 1 ]
					},
					{
						"time": 0.2333,
						"angle": -6.93,
						"curve": [ 0.25, 0, 0.906, 0.45 ]
					},
					{ "time": 0.4667, "angle": 0, "curve": "stepped" },
					{ "time": 0.6333, "angle": 0, "curve": "stepped" },
					{ "time": 0.8333, "angle": 0 }
				]
			},
			"erduo2": {
				"rotate": [
					{
						"time": 0,
						"angle": 0,
						"curve": [ 0.149, 0.55, 0.75, 1 ]
					},
					{
						"time": 0.2333,
						"angle": -6.94,
						"curve": [ 0.25, 0, 0.906, 0.45 ]
					},
					{
						"time": 0.4667,
						"angle": 17.93,
						"curve": [ 0.186, 0.41, 0.764, 0.96 ]
					},
					{
						"time": 0.6333,
						"angle": -18.24,
						"curve": [ 0.278, 0.05, 0.8, 0.62 ]
					},
					{ "time": 0.8333, "angle": 0 }
				]
			},
			"erduo4": {
				"rotate": [
					{
						"time": 0,
						"angle": 0,
						"curve": [ 0.149, 0.55, 0.75, 1 ]
					},
					{
						"time": 0.2333,
						"angle": 22.08,
						"curve": [ 0.25, 0, 0.906, 0.45 ]
					},
					{
						"time": 0.4667,
						"angle": -10.13,
						"curve": [ 0.186, 0.41, 0.764, 0.96 ]
					},
					{
						"time": 0.6333,
						"angle": 20.71,
						"curve": [ 0.278, 0.05, 0.8, 0.62 ]
					},
					{ "time": 0.8333, "angle": 0 }
				]
			},
			"erduo5": {
				"rotate": [
					{
						"time": 0,
						"angle": 0,
						"curve": [ 0.149, 0.55, 0.75, 1 ]
					},
					{
						"time": 0.2333,
						"angle": 8.89,
						"curve": [ 0.25, 0, 0.906, 0.45 ]
					},
					{
						"time": 0.4667,
						"angle": -26.44,
						"curve": [ 0.186, 0.41, 0.764, 0.96 ]
					},
					{ "time": 0.6333, "angle": 0, "curve": "stepped" },
					{ "time": 0.8333, "angle": 0 }
				]
			},
			"zuoshou": {
				"rotate": [
					{
						"time": 0,
						"angle": 0,
						"curve": [ 0.149, 0.55, 0.75, 1 ]
					},
					{
						"time": 0.2333,
						"angle": 31.14,
						"curve": [ 0.25, 0, 0.906, 0.45 ]
					},
					{
						"time": 0.4667,
						"angle": -27.89,
						"curve": [ 0.186, 0.41, 0.764, 0.96 ]
					},
					{
						"time": 0.6333,
						"angle": 9.06,
						"curve": [ 0.278, 0.05, 0.8, 0.62 ]
					},
					{ "time": 0.8333, "angle": 0 }
				],
				"translate": [
					{
						"time": 0,
						"x": 0,
						"y": 0,
						"curve": [ 0.149, 0.55, 0.75, 1 ]
					},
					{
						"time": 0.3333,
						"x": 4.66,
						"y": 0.04,
						"curve": [ 0.392, 0.62, 0.757, 1 ]
					},
					{ "time": 0.4667, "x": 0, "y": 0, "curve": "stepped" },
					{ "time": 0.6333, "x": 0, "y": 0, "curve": "stepped" },
					{ "time": 0.8333, "x": 0, "y": 0 }
				]
			},
			"ye": {
				"rotate": [
					{
						"time": 0,
						"angle": 0,
						"curve": [ 0.149, 0.55, 0.75, 1 ]
					},
					{
						"time": 0.2333,
						"angle": -26.85,
						"curve": [ 0.25, 0, 0.906, 0.45 ]
					},
					{
						"time": 0.4667,
						"angle": 29.56,
						"curve": [ 0.186, 0.41, 0.764, 0.96 ]
					},
					{
						"time": 0.6333,
						"angle": -5.16,
						"curve": [ 0.278, 0.05, 0.8, 0.62 ]
					},
					{ "time": 0.8333, "angle": 0 }
				]
			},
			"ye2": {
				"rotate": [
					{
						"time": 0,
						"angle": 0,
						"curve": [ 0.149, 0.55, 0.75, 1 ]
					},
					{
						"time": 0.2333,
						"angle": -3.85,
						"curve": [ 0.25, 0, 0.906, 0.45 ]
					},
					{
						"time": 0.4667,
						"angle": 5.06,
						"curve": [ 0.186, 0.41, 0.764, 0.96 ]
					},
					{ "time": 0.6333, "angle": 0, "curve": "stepped" },
					{ "time": 0.8333, "angle": 0 }
				]
			},
			"ye3": {
				"rotate": [
					{
						"time": 0,
						"angle": 0,
						"curve": [ 0.149, 0.55, 0.75, 1 ]
					},
					{
						"time": 0.2333,
						"angle": -6.49,
						"curve": [ 0.25, 0, 0.906, 0.45 ]
					},
					{
						"time": 0.4667,
						"angle": 8.24,
						"curve": [ 0.186, 0.41, 0.764, 0.96 ]
					},
					{ "time": 0.6333, "angle": 0, "curve": "stepped" },
					{ "time": 0.8333, "angle": 0 }
				]
			},
			"ye4": {
				"rotate": [
					{
						"time": 0,
						"angle": 0,
						"curve": [ 0.149, 0.55, 0.75, 1 ]
					},
					{
						"time": 0.2333,
						"angle": -12.9,
						"curve": [ 0.25, 0, 0.906, 0.45 ]
					},
					{
						"time": 0.4667,
						"angle": 11.83,
						"curve": [ 0.186, 0.41, 0.764, 0.96 ]
					},
					{ "time": 0.6333, "angle": 0, "curve": "stepped" },
					{ "time": 0.8333, "angle": 0 }
				]
			},
			"youshou": {
				"rotate": [
					{
						"time": 0,
						"angle": 0,
						"curve": [ 0.149, 0.55, 0.75, 1 ]
					},
					{
						"time": 0.3333,
						"angle": 26.43,
						"curve": [ 0.392, 0.62, 0.757, 1 ]
					},
					{ "time": 0.4667, "angle": 0, "curve": "stepped" },
					{ "time": 0.6333, "angle": 0, "curve": "stepped" },
					{ "time": 0.8333, "angle": 0 }
				]
			},
			"youshou2": {
				"rotate": [
					{
						"time": 0,
						"angle": 0,
						"curve": [ 0.149, 0.55, 0.75, 1 ]
					},
					{
						"time": 0.2333,
						"angle": -0.18,
						"curve": [ 0.25, 0, 0.906, 0.45 ]
					},
					{
						"time": 0.3333,
						"angle": -14.59,
						"curve": [ 0.381, 0.61, 0.768, 1 ]
					},
					{
						"time": 0.4667,
						"angle": 12.73,
						"curve": [ 0.186, 0.41, 0.764, 0.96 ]
					},
					{
						"time": 0.6333,
						"angle": -1.15,
						"curve": [ 0.259, 0.05, 0.671, 0.51 ]
					},
					{ "time": 0.8333, "angle": 0 }
				]
			},
			"youshou3": {
				"rotate": [
					{
						"time": 0,
						"angle": 0,
						"curve": [ 0.149, 0.55, 0.75, 1 ]
					},
					{
						"time": 0.4667,
						"angle": 10.2,
						"curve": [ 0.186, 0.41, 0.764, 0.96 ]
					},
					{
						"time": 0.6333,
						"angle": -16.62,
						"curve": [ 0.278, 0.05, 0.8, 0.62 ]
					},
					{ "time": 0.8333, "angle": 0 }
				]
			},
			"weiba": {
				"rotate": [
					{
						"time": 0,
						"angle": 0,
						"curve": [ 0.149, 0.55, 0.75, 1 ]
					},
					{
						"time": 0.2333,
						"angle": -19.12,
						"curve": [ 0.25, 0, 0.906, 0.45 ]
					},
					{
						"time": 0.4667,
						"angle": 0,
						"curve": [ 0.186, 0.41, 0.764, 0.96 ]
					},
					{
						"time": 0.6333,
						"angle": -11.37,
						"curve": [ 0.278, 0.05, 0.8, 0.62 ]
					},
					{ "time": 0.8333, "angle": 0 }
				]
			},
			"weiba2": {
				"rotate": [
					{
						"time": 0,
						"angle": 0,
						"curve": [ 0.149, 0.55, 0.75, 1 ]
					},
					{
						"time": 0.2333,
						"angle": -42.21,
						"curve": [ 0.25, 0, 0.906, 0.45 ]
					},
					{
						"time": 0.4667,
						"angle": 0,
						"curve": [ 0.186, 0.41, 0.764, 0.96 ]
					},
					{
						"time": 0.6333,
						"angle": -18.09,
						"curve": [ 0.278, 0.05, 0.8, 0.62 ]
					},
					{ "time": 0.8333, "angle": 0 }
				]
			},
			"zuojiao": {
				"rotate": [
					{
						"time": 0,
						"angle": 0,
						"curve": [ 0.149, 0.55, 0.75, 1 ]
					},
					{
						"time": 0.2333,
						"angle": 51.27,
						"curve": [ 0.25, 0, 0.906, 0.45 ]
					},
					{
						"time": 0.4667,
						"angle": 0,
						"curve": [ 0.186, 0.41, 0.764, 0.96 ]
					},
					{
						"time": 0.6333,
						"angle": 25.83,
						"curve": [ 0.278, 0.05, 0.8, 0.62 ]
					},
					{ "time": 0.8333, "angle": 0 }
				],
				"translate": [
					{
						"time": 0,
						"x": 0,
						"y": 0,
						"curve": [ 0.171, 0.37, 0.557, 0.72 ]
					},
					{
						"time": 0.2333,
						"x": 7.56,
						"y": -2.46,
						"curve": [ 0.354, 0.61, 0.771, 1 ]
					},
					{ "time": 0.4667, "x": 0, "y": 0, "curve": "stepped" },
					{ "time": 0.6333, "x": 0, "y": 0, "curve": "stepped" },
					{ "time": 0.8333, "x": 0, "y": 0 }
				]
			},
			"youjiao": {
				"rotate": [
					{
						"time": 0,
						"angle": 0,
						"curve": [ 0.149, 0.55, 0.75, 1 ]
					},
					{
						"time": 0.2333,
						"angle": -33.5,
						"curve": [ 0.25, 0, 0.906, 0.45 ]
					},
					{
						"time": 0.4667,
						"angle": 0,
						"curve": [ 0.186, 0.41, 0.764, 0.96 ]
					},
					{
						"time": 0.6333,
						"angle": -10.63,
						"curve": [ 0.278, 0.05, 0.8, 0.62 ]
					},
					{ "time": 0.8333, "angle": 0 }
				],
				"translate": [
					{
						"time": 0,
						"x": 0,
						"y": 0,
						"curve": [ 0.171, 0.37, 0.557, 0.72 ]
					},
					{
						"time": 0.2333,
						"x": -4.12,
						"y": 0,
						"curve": [ 0.354, 0.61, 0.771, 1 ]
					},
					{ "time": 0.4667, "x": 0, "y": 0, "curve": "stepped" },
					{ "time": 0.6333, "x": 0, "y": 0, "curve": "stepped" },
					{ "time": 0.8333, "x": 0, "y": 0 }
				]
			},
			"yan1": {
				"translate": [
					{
						"time": 0,
						"x": 0,
						"y": 0,
						"curve": [ 0.171, 0.37, 0.557, 0.72 ]
					},
					{
						"time": 0.2333,
						"x": -7.02,
						"y": -0.07,
						"curve": [ 0.354, 0.61, 0.771, 1 ]
					},
					{
						"time": 0.4667,
						"x": -4.37,
						"y": -0.04,
						"curve": [ 0.186, 0.41, 0.764, 0.96 ]
					},
					{
						"time": 0.6333,
						"x": -2.11,
						"y": -0.02,
						"curve": [ 0.278, 0.05, 0.8, 0.62 ]
					},
					{ "time": 0.8333, "x": 0, "y": 0 }
				]
			},
			"yan22": {
				"translate": [
					{
						"time": 0,
						"x": 0,
						"y": 0,
						"curve": [ 0.171, 0.37, 0.557, 0.72 ]
					},
					{
						"time": 0.2333,
						"x": -7.77,
						"y": 0.86,
						"curve": [ 0.354, 0.61, 0.771, 1 ]
					},
					{
						"time": 0.4667,
						"x": -3.93,
						"y": -0.04,
						"curve": [ 0.186, 0.41, 0.764, 0.96 ]
					},
					{
						"time": 0.6333,
						"x": -2.11,
						"y": -0.02,
						"curve": [ 0.278, 0.05, 0.8, 0.62 ]
					},
					{ "time": 0.8333, "x": 0, "y": 0 }
				]
			},
			"yinying": {
				"translate": [
					{ "time": 0, "x": -1.21, "y": 10.94 },
					{ "time": 0.4667, "x": 0, "y": 0, "curve": "stepped" },
					{ "time": 0.8333, "x": 0, "y": 0 }
				],
				"scale": [
					{ "time": 0, "x": 0.174, "y": 0.174 },
					{ "time": 0.2333, "x": 0.73, "y": 0.73 },
					{ "time": 0.4667, "x": 1, "y": 1, "curve": "stepped" },
					{ "time": 0.8333, "x": 1, "y": 1 }
				]
			}
		}
	}
}
}