[
{"id":0,"blood":80 ,"defense":0,"speed":0.85,"anim":"gw-01","icon":"P1","output":8 },
{"id":1,"blood":176 ,"defense":0,"speed":0.8925,"anim":"gw-02","icon":"P2","output":20 },
{"id":2,"blood":384 ,"defense":0,"speed":0.937125,"anim":"gw-03","icon":"P3","output":42 },
{"id":3,"blood":880 ,"defense":0,"speed":0.98398125,"anim":"gw-04","icon":"P4","output":88 },
{"id":4,"blood":1992 ,"defense":0,"speed":1.033180313,"anim":"gw-05","icon":"P5","output":186 },
{"id":5,"blood":4504 ,"defense":0,"speed":1.084839328,"anim":"gw-06","icon":"P6","output":391 },
{"id":6,"blood":10184 ,"defense":0,"speed":1.139081295,"anim":"gw-07","icon":"P7","output":820 },
{"id":7,"blood":22992 ,"defense":0,"speed":1.196035359,"anim":"gw-08","icon":"P8","output":1720 },
{"id":8,"blood":51904 ,"defense":0,"speed":1.255837127,"anim":"gw-09","icon":"P9","output":3611 },
{"id":9,"blood":117096 ,"defense":0,"speed":1.318628984,"anim":"gw-10","icon":"P10","output":7582 },
{"id":10,"blood":264136 ,"defense":0,"speed":1.384560433,"anim":"gw-11","icon":"P11","output":15922 },
{"id":11,"blood":595624 ,"defense":0,"speed":1.453788454,"anim":"gw-12","icon":"P12","output":33435 },
{"id":12,"blood":1342768 ,"defense":0,"speed":1.526477877,"anim":"gw-13","icon":"P13","output":70213 },
{"id":13,"blood":2939920 ,"defense":0,"speed":1.557007435,"anim":"gw-14","icon":"P14","output":147446 },
{"id":14,"blood":6435200 ,"defense":0,"speed":1.588147583,"anim":"gw-15","icon":"P15","output":309637 },
{"id":15,"blood":14082616 ,"defense":0,"speed":1.619910535,"anim":"gw-16","icon":"P16","output":650237 },
{"id":16,"blood":30810792 ,"defense":0,"speed":1.652308746,"anim":"gw-17","icon":"P17","output":1365497 },
{"id":17,"blood":67394296 ,"defense":0,"speed":1.685354921,"anim":"gw-18","icon":"P18","output":2867544 },
{"id":18,"blood":147382496 ,"defense":0,"speed":1.719062019,"anim":"gw-19","icon":"P19","output":6021842 },
{"id":19,"blood":322235504 ,"defense":0,"speed":1.753443259,"anim":"gw-20","icon":"P20","output":12645866 },
{"id":20,"blood":704381024 ,"defense":0,"speed":1.788512125,"anim":"gw-21","icon":"P21","output":26556320 },
{"id":21,"blood":1526674864 ,"defense":0,"speed":1.824282367,"anim":"gw-22","icon":"P22","output":55768271 },
{"id":22,"blood":3308459496 ,"defense":0,"speed":1.860768014,"anim":"gw-23","icon":"P23","output":117113368 },
{"id":23,"blood":7168805792 ,"defense":0,"speed":1.897983375,"anim":"gw-24","icon":"P24","output":245938073 },
{"id":24,"blood":15531409296 ,"defense":0,"speed":1.935943042,"anim":"gw-25","icon":"P25","output":516469953 },
{"id":25,"blood":33644900752 ,"defense":0,"speed":1.974661903,"anim":"gw-26","icon":"P26","output":1084586900 },
{"id":26,"blood":72874101776 ,"defense":0,"speed":2.014155141,"anim":"gw-27","icon":"P27","output":2277632488 },
{"id":27,"blood":157824329600 ,"defense":0,"speed":2.054438244,"anim":"gw-28","icon":"P28","output":4783028226 },
{"id":28,"blood":341761097728 ,"defense":0,"speed":2.095527009,"anim":"gw-29","icon":"P29","output":10044359275 },
{"id":29,"blood":739980635288 ,"defense":0,"speed":2.137437549,"anim":"gw-30","icon":"P30","output":21093154477 },
{"id":30,"blood":1660 ,"defense":0,"speed":0.85,"anim":"gw-01","icon":"P1","output":176 },
{"id":31,"blood":3696 ,"defense":0,"speed":0.8925,"anim":"gw-02","icon":"P2","output":440 },
{"id":32,"blood":8160 ,"defense":0,"speed":0.937125,"anim":"gw-03","icon":"P3","output":924 },
{"id":33,"blood":18920 ,"defense":0,"speed":0.98398125,"anim":"gw-04","icon":"P4","output":1936 },
{"id":34,"blood":43326 ,"defense":0,"speed":1.033180313,"anim":"gw-05","icon":"P5","output":4092 },
{"id":35,"blood":99088 ,"defense":0,"speed":1.084839328,"anim":"gw-06","icon":"P6","output":8602 },
{"id":36,"blood":224048 ,"defense":0,"speed":1.139081295,"anim":"gw-07","icon":"P7","output":18040 },
{"id":37,"blood":505824 ,"defense":0,"speed":1.196035359,"anim":"gw-08","icon":"P8","output":37840 },
{"id":38,"blood":1141888 ,"defense":0,"speed":1.255837127,"anim":"gw-09","icon":"P9","output":79442 },
{"id":39,"blood":2576112 ,"defense":0,"speed":1.318628984,"anim":"gw-10","icon":"P10","output":166804 },
{"id":40,"blood":5810992 ,"defense":0,"speed":1.384560433,"anim":"gw-11","icon":"P11","output":350284 },
{"id":41,"blood":13103728 ,"defense":0,"speed":1.453788454,"anim":"gw-12","icon":"P12","output":735570 },
{"id":42,"blood":29540896 ,"defense":0,"speed":1.526477877,"anim":"gw-13","icon":"P13","output":1544686 },
{"id":43,"blood":64678240 ,"defense":0,"speed":1.557007435,"anim":"gw-14","icon":"P14","output":3243812 },
{"id":44,"blood":141574400 ,"defense":0,"speed":1.588147583,"anim":"gw-15","icon":"P15","output":6812014 },
{"id":45,"blood":309817552 ,"defense":0,"speed":1.619910535,"anim":"gw-16","icon":"P16","output":14305214 },
{"id":46,"blood":677837424 ,"defense":0,"speed":1.652308746,"anim":"gw-17","icon":"P17","output":30040934 },
{"id":47,"blood":1482674512 ,"defense":0,"speed":1.685354921,"anim":"gw-18","icon":"P18","output":63085968 },
{"id":48,"blood":3242414912 ,"defense":0,"speed":1.719062019,"anim":"gw-19","icon":"P19","output":132480524 },
{"id":49,"blood":7089181088 ,"defense":0,"speed":1.753443259,"anim":"gw-20","icon":"P20","output":278209052 },
{"id":50,"blood":15496382528 ,"defense":0,"speed":1.788512125,"anim":"gw-21","icon":"P21","output":584239040 },
{"id":51,"blood":33586847008 ,"defense":0,"speed":1.824282367,"anim":"gw-22","icon":"P22","output":1226901962 },
{"id":52,"blood":72786108912 ,"defense":0,"speed":1.860768014,"anim":"gw-23","icon":"P23","output":2576494096 },
{"id":53,"blood":157713727424 ,"defense":0,"speed":1.897983375,"anim":"gw-24","icon":"P24","output":5410637606 },
{"id":54,"blood":341691004512 ,"defense":0,"speed":1.935943042,"anim":"gw-25","icon":"P25","output":11362338966 },
{"id":55,"blood":740187816544 ,"defense":0,"speed":1.974661903,"anim":"gw-26","icon":"P26","output":23860911800 },
{"id":56,"blood":1603230239072 ,"defense":0,"speed":2.014155141,"anim":"gw-27","icon":"P27","output":50107914736 },
{"id":57,"blood":3472135251200 ,"defense":0,"speed":2.054438244,"anim":"gw-28","icon":"P28","output":105226620972 },
{"id":58,"blood":7518744150016 ,"defense":0,"speed":2.095527009,"anim":"gw-29","icon":"P29","output":220975904050 },
{"id":59,"blood":16279573976336 ,"defense":0,"speed":2.137437549,"anim":"gw-30","icon":"P30","output":464049398494 }
]