{
  "__type__": "cc.BitmapFont",
  "_name": "num1",
  "_objFlags": 0,
  "_native": "",
  "fntDataStr": "",
  "spriteFrame": {
    "__uuid__": "dd2c11a1-9b8f-447e-8a61-1f37d4dcc240"
  },
  "fontSize": 60,
  "_fntConfig": {
    "commonHeight": 68,
    "fontSize": 60,
    "atlasName": "num1.png",
    "fontDefDictionary": {
      "32": {
        "rect": {
          "x": 426,
          "y": 327,
          "width": 0,
          "height": 0
        },
        "xOffset": 0,
        "yOffset": 58,
        "xAdvance": 17
      },
      "33": {
        "rect": {
          "x": 391,
          "y": 231,
          "width": 14,
          "height": 51
        },
        "xOffset": 5,
        "yOffset": 7,
        "xAdvance": 20
      },
      "34": {
        "rect": {
          "x": 238,
          "y": 327,
          "width": 28,
          "height": 24
        },
        "xOffset": 3,
        "yOffset": 6,
        "xAdvance": 28
      },
      "35": {
        "rect": {
          "x": 136,
          "y": 69,
          "width": 38,
          "height": 53
        },
        "xOffset": 1,
        "yOffset": 6,
        "xAdvance": 33
      },
      "36": {
        "rect": {
          "x": 247,
          "y": 2,
          "width": 34,
          "height": 61
        },
        "xOffset": 2,
        "yOffset": 3,
        "xAdvance": 33
      },
      "37": {
        "rect": {
          "x": 334,
          "y": 2,
          "width": 53,
          "height": 54
        },
        "xOffset": 3,
        "yOffset": 6,
        "xAdvance": 53
      },
      "38": {
        "rect": {
          "x": 2,
          "y": 69,
          "width": 45,
          "height": 53
        },
        "xOffset": 3,
        "yOffset": 6,
        "xAdvance": 43
      },
      "39": {
        "rect": {
          "x": 268,
          "y": 327,
          "width": 14,
          "height": 24
        },
        "xOffset": 3,
        "yOffset": 6,
        "xAdvance": 14
      },
      "40": {
        "rect": {
          "x": 122,
          "y": 2,
          "width": 20,
          "height": 65
        },
        "xOffset": 3,
        "yOffset": 6,
        "xAdvance": 20
      },
      "41": {
        "rect": {
          "x": 144,
          "y": 2,
          "width": 20,
          "height": 65
        },
        "xOffset": 2,
        "yOffset": 6,
        "xAdvance": 20
      },
      "42": {
        "rect": {
          "x": 193,
          "y": 327,
          "width": 27,
          "height": 29
        },
        "xOffset": 1,
        "yOffset": 6,
        "xAdvance": 23
      },
      "43": {
        "rect": {
          "x": 81,
          "y": 327,
          "width": 36,
          "height": 39
        },
        "xOffset": 2,
        "yOffset": 13,
        "xAdvance": 35
      },
      "44": {
        "rect": {
          "x": 222,
          "y": 327,
          "width": 14,
          "height": 26
        },
        "xOffset": 3,
        "yOffset": 42,
        "xAdvance": 17
      },
      "45": {
        "rect": {
          "x": 323,
          "y": 327,
          "width": 22,
          "height": 17
        },
        "xOffset": 3,
        "yOffset": 30,
        "xAdvance": 20
      },
      "46": {
        "rect": {
          "x": 368,
          "y": 327,
          "width": 14,
          "height": 17
        },
        "xOffset": 4,
        "yOffset": 41,
        "xAdvance": 17
      },
      "47": {
        "rect": {
          "x": 214,
          "y": 69,
          "width": 22,
          "height": 53
        },
        "xOffset": 0,
        "yOffset": 6,
        "xAdvance": 17
      },
      "48": {
        "rect": {
          "x": 294,
          "y": 124,
          "width": 33,
          "height": 52
        },
        "xOffset": 3,
        "yOffset": 7,
        "xAdvance": 33
      },
      "49": {
        "rect": {
          "x": 393,
          "y": 124,
          "width": 24,
          "height": 52
        },
        "xOffset": 5,
        "yOffset": 6,
        "xAdvance": 33
      },
      "50": {
        "rect": {
          "x": 222,
          "y": 124,
          "width": 34,
          "height": 52
        },
        "xOffset": 1,
        "yOffset": 6,
        "xAdvance": 33
      },
      "51": {
        "rect": {
          "x": 78,
          "y": 124,
          "width": 34,
          "height": 52
        },
        "xOffset": 2,
        "yOffset": 7,
        "xAdvance": 33
      },
      "52": {
        "rect": {
          "x": 343,
          "y": 69,
          "width": 36,
          "height": 52
        },
        "xOffset": 1,
        "yOffset": 6,
        "xAdvance": 33
      },
      "53": {
        "rect": {
          "x": 258,
          "y": 124,
          "width": 34,
          "height": 52
        },
        "xOffset": 3,
        "yOffset": 7,
        "xAdvance": 33
      },
      "54": {
        "rect": {
          "x": 114,
          "y": 124,
          "width": 34,
          "height": 52
        },
        "xOffset": 3,
        "yOffset": 7,
        "xAdvance": 33
      },
      "55": {
        "rect": {
          "x": 277,
          "y": 231,
          "width": 34,
          "height": 51
        },
        "xOffset": 3,
        "yOffset": 7,
        "xAdvance": 33
      },
      "56": {
        "rect": {
          "x": 150,
          "y": 124,
          "width": 34,
          "height": 52
        },
        "xOffset": 2,
        "yOffset": 7,
        "xAdvance": 33
      },
      "57": {
        "rect": {
          "x": 186,
          "y": 124,
          "width": 34,
          "height": 52
        },
        "xOffset": 2,
        "yOffset": 7,
        "xAdvance": 33
      },
      "58": {
        "rect": {
          "x": 65,
          "y": 327,
          "width": 14,
          "height": 40
        },
        "xOffset": 6,
        "yOffset": 18,
        "xAdvance": 20
      },
      "59": {
        "rect": {
          "x": 439,
          "y": 231,
          "width": 14,
          "height": 49
        },
        "xOffset": 5,
        "yOffset": 19,
        "xAdvance": 20
      },
      "60": {
        "rect": {
          "x": 2,
          "y": 284,
          "width": 35,
          "height": 41
        },
        "xOffset": 3,
        "yOffset": 12,
        "xAdvance": 35
      },
      "61": {
        "rect": {
          "x": 155,
          "y": 327,
          "width": 36,
          "height": 29
        },
        "xOffset": 2,
        "yOffset": 18,
        "xAdvance": 35
      },
      "62": {
        "rect": {
          "x": 39,
          "y": 284,
          "width": 35,
          "height": 41
        },
        "xOffset": 3,
        "yOffset": 12,
        "xAdvance": 35
      },
      "63": {
        "rect": {
          "x": 40,
          "y": 124,
          "width": 36,
          "height": 52
        },
        "xOffset": 3,
        "yOffset": 6,
        "xAdvance": 37
      },
      "64": {
        "rect": {
          "x": 2,
          "y": 2,
          "width": 62,
          "height": 65
        },
        "xOffset": 2,
        "yOffset": 6,
        "xAdvance": 59
      },
      "65": {
        "rect": {
          "x": 2,
          "y": 178,
          "width": 49,
          "height": 51
        },
        "xOffset": 0,
        "yOffset": 7,
        "xAdvance": 43
      },
      "66": {
        "rect": {
          "x": 380,
          "y": 178,
          "width": 41,
          "height": 51
        },
        "xOffset": 4,
        "yOffset": 7,
        "xAdvance": 43
      },
      "67": {
        "rect": {
          "x": 49,
          "y": 69,
          "width": 43,
          "height": 53
        },
        "xOffset": 3,
        "yOffset": 6,
        "xAdvance": 43
      },
      "68": {
        "rect": {
          "x": 336,
          "y": 178,
          "width": 42,
          "height": 51
        },
        "xOffset": 4,
        "yOffset": 7,
        "xAdvance": 43
      },
      "69": {
        "rect": {
          "x": 86,
          "y": 231,
          "width": 38,
          "height": 51
        },
        "xOffset": 4,
        "yOffset": 7,
        "xAdvance": 40
      },
      "70": {
        "rect": {
          "x": 204,
          "y": 231,
          "width": 35,
          "height": 51
        },
        "xOffset": 4,
        "yOffset": 7,
        "xAdvance": 37
      },
      "71": {
        "rect": {
          "x": 438,
          "y": 2,
          "width": 46,
          "height": 53
        },
        "xOffset": 3,
        "yOffset": 6,
        "xAdvance": 47
      },
      "72": {
        "rect": {
          "x": 423,
          "y": 178,
          "width": 40,
          "height": 51
        },
        "xOffset": 4,
        "yOffset": 7,
        "xAdvance": 43
      },
      "73": {
        "rect": {
          "x": 375,
          "y": 231,
          "width": 14,
          "height": 51
        },
        "xOffset": 4,
        "yOffset": 7,
        "xAdvance": 17
      },
      "74": {
        "rect": {
          "x": 329,
          "y": 124,
          "width": 33,
          "height": 52
        },
        "xOffset": 1,
        "yOffset": 7,
        "xAdvance": 33
      },
      "75": {
        "rect": {
          "x": 244,
          "y": 178,
          "width": 44,
          "height": 51
        },
        "xOffset": 4,
        "yOffset": 7,
        "xAdvance": 43
      },
      "76": {
        "rect": {
          "x": 166,
          "y": 231,
          "width": 36,
          "height": 51
        },
        "xOffset": 5,
        "yOffset": 7,
        "xAdvance": 37
      },
      "77": {
        "rect": {
          "x": 53,
          "y": 178,
          "width": 47,
          "height": 51
        },
        "xOffset": 4,
        "yOffset": 7,
        "xAdvance": 50
      },
      "78": {
        "rect": {
          "x": 465,
          "y": 178,
          "width": 40,
          "height": 51
        },
        "xOffset": 4,
        "yOffset": 7,
        "xAdvance": 43
      },
      "79": {
        "rect": {
          "x": 389,
          "y": 2,
          "width": 47,
          "height": 53
        },
        "xOffset": 3,
        "yOffset": 6,
        "xAdvance": 47
      },
      "80": {
        "rect": {
          "x": 126,
          "y": 231,
          "width": 38,
          "height": 51
        },
        "xOffset": 4,
        "yOffset": 7,
        "xAdvance": 40
      },
      "81": {
        "rect": {
          "x": 283,
          "y": 2,
          "width": 49,
          "height": 56
        },
        "xOffset": 3,
        "yOffset": 6,
        "xAdvance": 47
      },
      "82": {
        "rect": {
          "x": 290,
          "y": 178,
          "width": 44,
          "height": 51
        },
        "xOffset": 4,
        "yOffset": 7,
        "xAdvance": 43
      },
      "83": {
        "rect": {
          "x": 94,
          "y": 69,
          "width": 40,
          "height": 53
        },
        "xOffset": 2,
        "yOffset": 6,
        "xAdvance": 40
      },
      "84": {
        "rect": {
          "x": 2,
          "y": 231,
          "width": 40,
          "height": 51
        },
        "xOffset": 1,
        "yOffset": 7,
        "xAdvance": 37
      },
      "85": {
        "rect": {
          "x": 262,
          "y": 69,
          "width": 40,
          "height": 52
        },
        "xOffset": 4,
        "yOffset": 7,
        "xAdvance": 43
      },
      "86": {
        "rect": {
          "x": 150,
          "y": 178,
          "width": 45,
          "height": 51
        },
        "xOffset": 0,
        "yOffset": 7,
        "xAdvance": 40
      },
      "87": {
        "rect": {
          "x": 419,
          "y": 124,
          "width": 62,
          "height": 51
        },
        "xOffset": 0,
        "yOffset": 7,
        "xAdvance": 57
      },
      "88": {
        "rect": {
          "x": 197,
          "y": 178,
          "width": 45,
          "height": 51
        },
        "xOffset": 0,
        "yOffset": 7,
        "xAdvance": 40
      },
      "89": {
        "rect": {
          "x": 102,
          "y": 178,
          "width": 46,
          "height": 51
        },
        "xOffset": 0,
        "yOffset": 7,
        "xAdvance": 40
      },
      "90": {
        "rect": {
          "x": 44,
          "y": 231,
          "width": 40,
          "height": 51
        },
        "xOffset": 1,
        "yOffset": 7,
        "xAdvance": 37
      },
      "91": {
        "rect": {
          "x": 203,
          "y": 2,
          "width": 20,
          "height": 64
        },
        "xOffset": 4,
        "yOffset": 6,
        "xAdvance": 20
      },
      "92": {
        "rect": {
          "x": 238,
          "y": 69,
          "width": 22,
          "height": 53
        },
        "xOffset": 0,
        "yOffset": 6,
        "xAdvance": 17
      },
      "93": {
        "rect": {
          "x": 225,
          "y": 2,
          "width": 20,
          "height": 64
        },
        "xOffset": 1,
        "yOffset": 6,
        "xAdvance": 20
      },
      "94": {
        "rect": {
          "x": 119,
          "y": 327,
          "width": 34,
          "height": 32
        },
        "xOffset": 3,
        "yOffset": 6,
        "xAdvance": 35
      },
      "95": {
        "rect": {
          "x": 384,
          "y": 327,
          "width": 40,
          "height": 14
        },
        "xOffset": -1,
        "yOffset": 56,
        "xAdvance": 33
      },
      "96": {
        "rect": {
          "x": 347,
          "y": 327,
          "width": 19,
          "height": 17
        },
        "xOffset": 1,
        "yOffset": 6,
        "xAdvance": 20
      },
      "97": {
        "rect": {
          "x": 113,
          "y": 284,
          "width": 35,
          "height": 41
        },
        "xOffset": 2,
        "yOffset": 18,
        "xAdvance": 33
      },
      "98": {
        "rect": {
          "x": 381,
          "y": 69,
          "width": 36,
          "height": 52
        },
        "xOffset": 4,
        "yOffset": 7,
        "xAdvance": 37
      },
      "99": {
        "rect": {
          "x": 150,
          "y": 284,
          "width": 35,
          "height": 41
        },
        "xOffset": 2,
        "yOffset": 18,
        "xAdvance": 33
      },
      "100": {
        "rect": {
          "x": 419,
          "y": 69,
          "width": 36,
          "height": 52
        },
        "xOffset": 2,
        "yOffset": 7,
        "xAdvance": 37
      },
      "101": {
        "rect": {
          "x": 76,
          "y": 284,
          "width": 35,
          "height": 41
        },
        "xOffset": 2,
        "yOffset": 18,
        "xAdvance": 33
      },
      "102": {
        "rect": {
          "x": 364,
          "y": 124,
          "width": 27,
          "height": 52
        },
        "xOffset": 1,
        "yOffset": 6,
        "xAdvance": 20
      },
      "103": {
        "rect": {
          "x": 176,
          "y": 69,
          "width": 36,
          "height": 53
        },
        "xOffset": 2,
        "yOffset": 18,
        "xAdvance": 37
      },
      "104": {
        "rect": {
          "x": 313,
          "y": 231,
          "width": 34,
          "height": 51
        },
        "xOffset": 4,
        "yOffset": 7,
        "xAdvance": 37
      },
      "105": {
        "rect": {
          "x": 407,
          "y": 231,
          "width": 14,
          "height": 51
        },
        "xOffset": 4,
        "yOffset": 7,
        "xAdvance": 17
      },
      "106": {
        "rect": {
          "x": 180,
          "y": 2,
          "width": 21,
          "height": 64
        },
        "xOffset": -3,
        "yOffset": 7,
        "xAdvance": 17
      },
      "107": {
        "rect": {
          "x": 241,
          "y": 231,
          "width": 34,
          "height": 51
        },
        "xOffset": 4,
        "yOffset": 7,
        "xAdvance": 33
      },
      "108": {
        "rect": {
          "x": 423,
          "y": 231,
          "width": 14,
          "height": 51
        },
        "xOffset": 4,
        "yOffset": 7,
        "xAdvance": 17
      },
      "109": {
        "rect": {
          "x": 278,
          "y": 284,
          "width": 51,
          "height": 40
        },
        "xOffset": 4,
        "yOffset": 18,
        "xAdvance": 53
      },
      "110": {
        "rect": {
          "x": 411,
          "y": 284,
          "width": 34,
          "height": 40
        },
        "xOffset": 4,
        "yOffset": 18,
        "xAdvance": 37
      },
      "111": {
        "rect": {
          "x": 455,
          "y": 231,
          "width": 38,
          "height": 41
        },
        "xOffset": 2,
        "yOffset": 18,
        "xAdvance": 37
      },
      "112": {
        "rect": {
          "x": 457,
          "y": 69,
          "width": 36,
          "height": 52
        },
        "xOffset": 4,
        "yOffset": 18,
        "xAdvance": 37
      },
      "113": {
        "rect": {
          "x": 2,
          "y": 124,
          "width": 36,
          "height": 52
        },
        "xOffset": 3,
        "yOffset": 18,
        "xAdvance": 37
      },
      "114": {
        "rect": {
          "x": 37,
          "y": 327,
          "width": 26,
          "height": 40
        },
        "xOffset": 4,
        "yOffset": 18,
        "xAdvance": 23
      },
      "115": {
        "rect": {
          "x": 187,
          "y": 284,
          "width": 35,
          "height": 41
        },
        "xOffset": 1,
        "yOffset": 18,
        "xAdvance": 33
      },
      "116": {
        "rect": {
          "x": 349,
          "y": 231,
          "width": 24,
          "height": 51
        },
        "xOffset": 1,
        "yOffset": 8,
        "xAdvance": 20
      },
      "117": {
        "rect": {
          "x": 447,
          "y": 284,
          "width": 34,
          "height": 40
        },
        "xOffset": 4,
        "yOffset": 19,
        "xAdvance": 37
      },
      "118": {
        "rect": {
          "x": 371,
          "y": 284,
          "width": 38,
          "height": 40
        },
        "xOffset": 0,
        "yOffset": 18,
        "xAdvance": 33
      },
      "119": {
        "rect": {
          "x": 224,
          "y": 284,
          "width": 52,
          "height": 40
        },
        "xOffset": 0,
        "yOffset": 18,
        "xAdvance": 47
      },
      "120": {
        "rect": {
          "x": 331,
          "y": 284,
          "width": 38,
          "height": 40
        },
        "xOffset": 0,
        "yOffset": 18,
        "xAdvance": 33
      },
      "121": {
        "rect": {
          "x": 304,
          "y": 69,
          "width": 37,
          "height": 52
        },
        "xOffset": 0,
        "yOffset": 19,
        "xAdvance": 33
      },
      "122": {
        "rect": {
          "x": 2,
          "y": 327,
          "width": 33,
          "height": 40
        },
        "xOffset": 1,
        "yOffset": 18,
        "xAdvance": 30
      },
      "123": {
        "rect": {
          "x": 66,
          "y": 2,
          "width": 26,
          "height": 65
        },
        "xOffset": 2,
        "yOffset": 6,
        "xAdvance": 23
      },
      "124": {
        "rect": {
          "x": 166,
          "y": 2,
          "width": 12,
          "height": 65
        },
        "xOffset": 5,
        "yOffset": 6,
        "xAdvance": 17
      },
      "125": {
        "rect": {
          "x": 94,
          "y": 2,
          "width": 26,
          "height": 65
        },
        "xOffset": 1,
        "yOffset": 6,
        "xAdvance": 23
      },
      "126": {
        "rect": {
          "x": 284,
          "y": 327,
          "width": 37,
          "height": 20
        },
        "xOffset": 2,
        "yOffset": 23,
        "xAdvance": 35
      }
    },
    "kerningDict": {
      "2097217": -2,
      "2097241": -1,
      "2097244": -2,
      "2162790": -1,
      "2228266": -1,
      "3080244": -3,
      "3211313": -3,
      "4063267": -2,
      "4128894": -2,
      "4194346": -2,
      "4194355": -1,
      "4194360": -1,
      "4259872": -2,
      "4259924": -4,
      "4259926": -4,
      "4259927": -3,
      "4259929": -6,
      "4259958": -2,
      "4259959": -1,
      "4259961": -2,
      "4587564": -7,
      "4587566": -7,
      "4587585": -3,
      "4980768": -1,
      "4980820": -4,
      "4980822": -4,
      "4980823": -3,
      "4980825": -6,
      "4980857": -2,
      "5242912": -1,
      "5242924": -8,
      "5242926": -8,
      "5242945": -4,
      "5374038": -1,
      "5374039": -1,
      "5374041": -2,
      "5505068": -7,
      "5505069": -3,
      "5505070": -7,
      "5505082": -7,
      "5505083": -7,
      "5505089": -4,
      "5505103": -1,
      "5505121": -4,
      "5505123": -4,
      "5505125": -4,
      "5505129": -1,
      "5505135": -4,
      "5505138": -3,
      "5505139": -4,
      "5505141": -4,
      "5505143": -4,
      "5505145": -4,
      "5636140": -6,
      "5636141": -3,
      "5636142": -6,
      "5636154": -3,
      "5636155": -3,
      "5636161": -4,
      "5636193": -3,
      "5636197": -3,
      "5636201": -1,
      "5636207": -4,
      "5636210": -3,
      "5636213": -2,
      "5636217": -2,
      "5701676": -3,
      "5701677": -1,
      "5701678": -3,
      "5701690": -1,
      "5701691": -1,
      "5701697": -3,
      "5701729": -2,
      "5701733": -1,
      "5701737": -1,
      "5701743": -1,
      "5701746": -1,
      "5701749": -1,
      "5701753": -1,
      "5832736": -1,
      "5832748": -7,
      "5832749": -3,
      "5832750": -7,
      "5832762": -4,
      "5832763": -4,
      "5832769": -6,
      "5832801": -3,
      "5832805": -3,
      "5832809": -2,
      "5832815": -4,
      "5832816": -3,
      "5832817": -4,
      "5832821": -3,
      "5832822": -3,
      "7471148": -3,
      "7471150": -3,
      "7733292": -4,
      "7733294": -4,
      "7798828": -2,
      "7798830": -2,
      "7929900": -4,
      "7929902": -4
    }
  }
}