{
"skeleton": { "hash": "httNvFQAN0OwgyPhfgBE7cVwiZw", "spine": "3.5.35", "width": 181.4, "height": 162.3 },
"bones": [
	{ "name": "root" },
	{ "name": "bone", "parent": "root", "x": 7.42, "y": 45.33, "scaleX": 0.72, "scaleY": 0.72 },
	{ "name": "6", "parent": "bone", "x": -37.28, "y": -41.71 },
	{ "name": "7", "parent": "6", "length": 41.06, "rotation": 39.07, "x": 20.25, "y": 0.75 },
	{ "name": "1", "parent": "7", "length": 25.92, "rotation": -73.58, "x": 15.86, "y": 2.12 },
	{ "name": "2", "parent": "1", "length": 18.75, "rotation": -72.89, "x": 29, "y": -3.07 },
	{ "name": "13", "parent": "6", "length": 30.75, "rotation": 102.68, "x": -8.62, "y": 9.37 },
	{ "name": "14", "parent": "13", "length": 40.08, "rotation": -60.33, "x": 36.49, "y": -12.05 },
	{ "name": "4", "parent": "14", "length": 67.78, "rotation": 129.7, "x": 46.68, "y": 12.25 },
	{ "name": "5", "parent": "4", "length": 62.08, "rotation": 17.21, "x": 7.98, "y": 7.91 },
	{ "name": "3", "parent": "5", "length": 27.05, "rotation": 11.41, "x": 2.98, "y": 4.46 },
	{ "name": "8", "parent": "7", "length": 29.21, "rotation": -9.87, "x": 51.66, "y": 0.57 },
	{ "name": "9", "parent": "8", "length": 20.31, "rotation": -114.96, "x": 30.49, "y": -12.31 },
	{ "name": "10", "parent": "9", "length": 24.45, "rotation": 134.5, "x": 17.34, "y": 10.75 },
	{ "name": "11", "parent": "10", "length": 32.09, "rotation": 34.56, "x": 29.98, "y": 3.36 },
	{ "name": "12", "parent": "11", "length": 28.9, "rotation": -37.76, "x": 36.8, "y": -4.73 },
	{ "name": "15", "parent": "9", "length": 18.13, "rotation": -48.04, "x": 11.16, "y": -2.69 },
	{ "name": "16", "parent": "15", "length": 10.96, "rotation": 41.01, "x": 20.24, "y": 1.66 },
	{ "name": "17", "parent": "8", "length": 16.41, "rotation": 128.83, "x": 17.57, "y": 14.35 },
	{ "name": "18", "parent": "13", "length": 14.1, "rotation": 130.02, "x": 5.66, "y": 15.07 },
	{ "name": "19", "parent": "18", "length": 21.11, "rotation": -62.16, "x": 17.01, "y": -3.82 },
	{ "name": "20", "parent": "bone", "x": -12.72, "y": -60.56 },
	{ "name": "21", "parent": "bone", "x": 74.32, "y": -48.55 },
	{ "name": "30", "parent": "4", "x": 52.97, "y": 3.08 },
	{ "name": "22", "parent": "30", "length": 12.92, "rotation": 128.21, "x": -2.07, "y": 1.85 },
	{ "name": "23", "parent": "4", "length": 11.93, "rotation": -57.48, "x": 82.99, "y": -0.06 },
	{ "name": "24", "parent": "22", "length": 15.42, "rotation": 44.81, "x": 15.05, "y": 2.14 },
	{ "name": "25", "parent": "24", "length": 10.92, "rotation": 15.97, "x": 18.13, "y": 2.16 },
	{ "name": "26", "parent": "25", "length": 7.83, "rotation": -36.75, "x": 12.1, "y": -0.82 },
	{ "name": "27", "parent": "23", "length": 12.82, "rotation": -56.25, "x": 12.38, "y": -2.35 },
	{ "name": "28", "parent": "27", "length": 12.76, "rotation": -13.31, "x": 15.74, "y": -2.16 },
	{ "name": "29", "parent": "28", "length": 7.37, "rotation": 63.1, "x": 15.62, "y": 1.14 },
	{ "name": "guang", "parent": "root", "x": -57.24, "y": 19.96, "scaleX": 0.492, "scaleY": 0.492 },
	{ "name": "huo/10001", "parent": "root", "x": 132.06, "y": -181.76 },
	{ "name": "yinying", "parent": "bone", "x": 15.42, "y": -71.94, "scaleX": 1.377, "scaleY": 1.923 }
],
"slots": [
	{ "name": "yinying", "bone": "yinying", "attachment": "yinying" },
	{ "name": "10", "bone": "20", "attachment": "10" },
	{ "name": "9", "bone": "21", "attachment": "9" },
	{ "name": "8", "bone": "17", "attachment": "8" },
	{ "name": "7", "bone": "19", "attachment": "7" },
	{ "name": "6", "bone": "14", "attachment": "6" },
	{ "name": "12", "bone": "29", "attachment": "12" },
	{ "name": "5", "bone": "5", "attachment": "5" },
	{ "name": "4", "bone": "4", "attachment": "4" },
	{ "name": "3", "bone": "3", "attachment": "3" },
	{ "name": "2", "bone": "16", "attachment": "2" },
	{ "name": "1", "bone": "2", "attachment": "1" },
	{ "name": "huo/10001", "bone": "huo/10001" },
	{ "name": "guang", "bone": "guang", "color": "ffffff00", "attachment": "guang" },
	{ "name": "11", "bone": "30", "attachment": "11" }
],
"skins": {
	"default": {
		"1": {
			"1": {
				"type": "mesh",
				"uvs": [ 0.01383, 0.14015, 0.01714, 0.26986, 0.09969, 0.38455, 0.26811, 0.45282, 0.51083, 0.5129, 0.387, 0.62076, 0.3193, 0.77641, 0.33086, 0.90203, 0.46295, 0.99351, 0.63302, 0.9976, 0.80804, 0.98122, 0.92527, 0.87472, 0.90381, 0.75047, 0.83941, 0.7177, 0.85757, 0.60574, 0.8873, 0.53747, 0.98636, 0.47193, 0.97646, 0.37226, 0.89225, 0.30263, 0.75685, 0.31628, 0.61485, 0.19476, 0.50588, 0.09236, 0.33911, 0.01999, 0.16739, 0.00771 ],
				"triangles": [ 1, 0, 23, 2, 1, 23, 22, 2, 23, 3, 22, 21, 3, 21, 20, 3, 2, 22, 4, 3, 20, 4, 20, 19, 15, 19, 18, 15, 18, 17, 15, 17, 16, 14, 4, 19, 15, 14, 19, 13, 4, 14, 13, 7, 6, 13, 5, 4, 11, 10, 13, 11, 13, 12, 5, 13, 6, 13, 8, 7, 13, 9, 8, 10, 9, 13 ],
				"vertices": [ 1, 4, -6.43, -4.33, 1, 1, 4, -2.49, -9.81, 1, 1, 4, 3.81, -12.72, 1, 2, 5, 3.03, -18.94, 0.00532, 4, 11.79, -11.54, 0.99468, 2, 5, 2.89, -8.05, 0.52198, 4, 22.16, -8.2, 0.47802, 2, 5, 9.84, -11.45, 0.97563, 4, 20.95, -15.84, 0.02437, 1, 5, 18.43, -11.81, 1, 1, 5, 24.52, -9.38, 1, 1, 5, 27.36, -2.54, 1, 1, 5, 25.37, 4.5, 1, 1, 5, 22.31, 11.43, 1, 1, 5, 15.52, 14.58, 1, 1, 5, 9.63, 11.77, 1, 1, 5, 8.83, 8.62, 1, 2, 5, 3.04, 7.62, 0.98512, 4, 37.18, -3.73, 0.01488, 2, 5, -0.73, 7.78, 0.81452, 4, 36.22, -0.08, 0.18548, 2, 5, -5.25, 10.83, 0.53233, 4, 37.8, 5.14, 0.46767, 2, 5, -10.07, 8.87, 0.36572, 4, 34.52, 9.17, 0.63428, 2, 5, -12.45, 4.33, 0.21633, 4, 29.48, 10.1, 0.78367, 2, 5, -10.03, -1.01, 0.03658, 4, 25.08, 6.22, 0.96342, 1, 4, 16.47, 7.97, 1, 1, 4, 9.6, 9.7, 1, 1, 4, 1.55, 8.74, 1, 1, 4, -4.89, 5.08, 1 ],
				"hull": 24
			}
		},
		"10": {
			"10": { "x": 3.82, "y": 3.1, "width": 101, "height": 65 }
		},
		"11": {
			"11": {
				"type": "mesh",
				"uvs": [ 0.15599, 0.11691, 0.05755, 0.19127, 0.09887, 0.41897, 0.18516, 0.63738, 0.28725, 0.81629, 0.44161, 0.89297, 0.60204, 0.86741, 0.725, 0.80323, 0.81008, 0.87061, 0.87328, 0.97517, 0.93526, 0.92405, 0.883, 0.75211, 0.75295, 0.60573, 0.60589, 0.56855, 0.45032, 0.56623, 0.35796, 0.53835, 0.28139, 0.38267, 0.21697, 0.23164 ],
				"triangles": [ 3, 16, 15, 3, 2, 16, 2, 17, 16, 2, 1, 17, 1, 0, 17, 6, 5, 14, 5, 4, 14, 4, 15, 14, 4, 3, 15, 6, 13, 7, 6, 14, 13, 7, 13, 12, 9, 8, 10, 8, 11, 10, 8, 7, 11, 7, 12, 11 ],
				"vertices": [ 2, 24, -5.22, 2.53, 0.04788, 23, -0.83, -3.82, 0.95212, 1, 23, 5.15, -0.43, 1, 2, 24, 1.78, -5.85, 0.83385, 23, 1.42, 6.86, 0.16615, 1, 24, 11.02, -4.75, 1, 2, 26, 0.27, -6.21, 0.84685, 24, 19.62, -2.08, 0.15315, 1, 26, 10.63, -6.14, 1, 2, 27, 0.95, -5.25, 0.68338, 26, 20.49, -2.62, 0.31662, 2, 28, -1.07, -3.78, 0.26187, 27, 8.98, -3.21, 0.73813, 1, 28, 4.76, -2.42, 1, 1, 28, 10.17, -2.9, 1, 2, 28, 12.43, 0.86, 1, 27, 22.57, -7.56, 0, 2, 28, 6.26, 3.62, 0.99999, 27, 19.28, -1.66, 1.0E-5, 2, 28, -3.51, 2.73, 0.03188, 27, 10.92, 3.47, 0.96812, 2, 27, 1.39, 4.91, 0.96314, 26, 18.11, 7.26, 0.03686, 2, 27, -8.72, 5.17, 0.02975, 26, 8.32, 4.74, 0.97025, 2, 26, 2.27, 4.1, 0.89494, 24, 13.77, 6.65, 0.10506, 2, 26, -3.9, 7.94, 0.06948, 24, 6.69, 5.02, 0.93052, 2, 24, 0.15, 3.99, 0.89703, 23, -5.3, -0.51, 0.10297 ],
				"hull": 18
			}
		},
		"12": {
			"12": {
				"type": "mesh",
				"uvs": [ 0.30614, 1, 0.51545, 0.88245, 0.43632, 0.76715, 0.43121, 0.67564, 0.50524, 0.58779, 0.68392, 0.49811, 0.83198, 0.36268, 0.91366, 0.22541, 0.87282, 0.09913, 0.72732, 0, 0.61245, 0.05521, 0.68392, 0.13573, 0.67882, 0.21992, 0.6099, 0.28215, 0.47716, 0.34803, 0.28571, 0.44137, 0.14787, 0.53837, 0.05598, 0.67564, 0.10193, 0.82937 ],
				"triangles": [ 0, 2, 1, 0, 18, 2, 18, 3, 2, 3, 17, 16, 3, 18, 17, 16, 15, 3, 3, 15, 4, 15, 14, 4, 4, 14, 5, 14, 13, 5, 5, 13, 6, 6, 13, 12, 6, 12, 7, 8, 12, 11, 12, 8, 7, 11, 9, 8, 11, 10, 9 ],
				"vertices": [ 2, 25, -4.23, 4.02, 0.99961, 29, -14.52, -10.27, 3.9E-4, 2, 25, -1.87, -5.81, 0.92558, 29, -5.04, -13.77, 0.07442, 3, 25, 4.94, -5.61, 0.63759, 29, -1.42, -8, 0.36224, 30, -15.35, -9.63, 1.8E-4, 3, 25, 9.43, -7.45, 0.30464, 29, 2.61, -5.28, 0.65135, 30, -12.06, -6.07, 0.044, 3, 25, 12.5, -11.95, 0.04534, 29, 8.05, -5.23, 0.58891, 30, -6.78, -4.76, 0.36575, 2, 29, 15.66, -8.51, 0.3011, 30, 1.38, -6.2, 0.6989, 3, 29, 24.72, -9.53, 0.01159, 30, 10.44, -5.11, 0.70384, 31, -7.92, 1.8, 0.28457, 2, 30, 17.78, -2.16, 0.38209, 31, -1.97, -3.42, 0.61791, 2, 30, 21.41, 3.67, 0.04876, 31, 4.88, -4.02, 0.95124, 1, 31, 11.59, -0.4, 1, 2, 30, 16.06, 12.32, 0.01195, 31, 10.16, 4.66, 0.98805, 2, 30, 14.97, 7.38, 0.22153, 31, 5.26, 3.41, 0.77847, 3, 29, 28.1, -0.6, 1.0E-5, 30, 11.67, 4.36, 0.55246, 31, 1.08, 4.98, 0.44754, 3, 29, 23.92, -0.11, 0.08629, 30, 7.49, 3.88, 0.78756, 31, -1.24, 8.49, 0.12615, 4, 25, 24.5, -16.26, 9.8E-4, 29, 18.3, 2.35, 0.41865, 30, 1.45, 4.98, 0.57798, 31, -2.99, 14.37, 0.0024, 3, 25, 23.02, -7.59, 0.0786, 29, 10.27, 5.94, 0.67435, 30, -7.19, 6.62, 0.24705, 2, 25, 20.52, -0.69, 0.3962, 29, 3.14, 7.7, 0.6038, 2, 25, 15.36, 5.51, 0.72855, 29, -4.88, 6.85, 0.27145, 2, 25, 7.22, 7.31, 0.98426, 29, -10.9, 1.08, 0.01574 ],
				"hull": 19
			}
		},
		"2": {
			"2": {
				"type": "mesh",
				"uvs": [ 0.57335, 0.02311, 0.78528, 0, 0.91883, 0.12743, 1, 0.32175, 0.96528, 0.48947, 0.75625, 0.52425, 0.48335, 0.56107, 0.54432, 0.69197, 0.63432, 0.87606, 0.58496, 0.99061, 0.33819, 0.95379, 0.21916, 1, 0.05077, 0.96197, 0.00432, 0.81879, 0.09142, 0.62652, 0, 0.54879, 0.04787, 0.3872, 0.19593, 0.40357, 0.38464, 0.16629 ],
				"triangles": [ 3, 5, 2, 2, 5, 0, 2, 0, 1, 4, 5, 3, 18, 0, 5, 6, 17, 18, 5, 6, 18, 17, 15, 16, 14, 17, 6, 14, 15, 17, 10, 14, 6, 10, 6, 7, 10, 7, 8, 11, 13, 14, 11, 12, 13, 9, 10, 8, 14, 10, 11 ],
				"vertices": [ 1, 16, -3.78, -9.33, 1, 1, 16, -9, -5.23, 1, 1, 16, -7.82, 1.63, 1, 1, 16, -3.39, 9.37, 1, 1, 16, 2.68, 13.7, 1, 2, 17, -3.5, 14.21, 7.0E-5, 16, 8.27, 10.08, 0.99993, 2, 17, -1.47, 5.84, 0.36044, 16, 15.29, 5.1, 0.63956, 2, 17, 4.19, 8.01, 0.97688, 16, 18.14, 10.45, 0.02312, 1, 17, 12.14, 11.19, 1, 1, 17, 17.25, 9.91, 1, 1, 17, 16.01, 2.19, 1, 1, 17, 18.22, -1.4, 1, 1, 17, 16.8, -6.69, 1, 1, 17, 10.58, -8.44, 1, 2, 17, 2, -6.15, 0.81644, 16, 25.78, -1.68, 0.18356, 2, 17, -1.28, -9.15, 0.41761, 16, 25.28, -6.09, 0.58239, 2, 17, -8.45, -8.01, 0.08856, 16, 19.12, -9.94, 0.91144, 2, 17, -7.96, -3.39, 0.01999, 16, 16.46, -6.13, 0.98001, 1, 16, 4.88, -9.13, 1 ],
				"hull": 19
			}
		},
		"3": {
			"3": { "x": 11.52, "y": -5.67, "rotation": 159.33, "width": 49, "height": 38 }
		},
		"4": {
			"4": { "x": 22.23, "y": -18.23, "rotation": -172.05, "width": 152, "height": 89 }
		},
		"5": {
			"5": { "x": 33.73, "y": -1.3, "rotation": 170.74, "width": 86, "height": 39 }
		},
		"6": {
			"6": {
				"type": "mesh",
				"uvs": [ 0.11155, 0.34357, 0.16755, 0.2579, 0.24735, 0.20007, 0.32995, 0.18722, 0.39715, 0.21506, 0.41535, 0.32001, 0.3898, 0.39561, 0.3668, 0.4677, 0.30454, 0.53722, 0.26527, 0.59129, 0.26415, 0.65393, 0.30846, 0.64793, 0.35334, 0.56726, 0.39878, 0.49345, 0.45993, 0.41964, 0.5351, 0.37673, 0.60511, 0.37503, 0.65953, 0.40421, 0.70777, 0.44798, 0.72124, 0.52093, 0.72516, 0.4454, 0.73393, 0.35832, 0.74234, 0.28966, 0.7631, 0.2253, 0.78049, 0.15063, 0.80349, 0.08198, 0.85117, 0.01332, 0.91793, 0, 0.96677, 0, 1, 0.00832, 0.99538, 0.07783, 0.99314, 0.14649, 0.96397, 0.22116, 0.91741, 0.26492, 0.88206, 0.28895, 0.83663, 0.2941, 0.82679, 0.34342, 0.82567, 0.38977, 0.82735, 0.46357, 0.82174, 0.56484, 0.80416, 0.65709, 0.76041, 0.73003, 0.69589, 0.79955, 0.64316, 0.7944, 0.6067, 0.76264, 0.58594, 0.70085, 0.58594, 0.65108, 0.55172, 0.66138, 0.50152, 0.7503, 0.44935, 0.84385, 0.39942, 0.93567, 0.33715, 0.98717, 0.26254, 1, 0.16041, 0.9906, 0.08019, 0.92623, 0.03923, 0.85758, 0.01062, 0.76747, 0, 0.67735, 0.00785, 0.57065, 0.04095, 0.46165 ],
				"triangles": [ 9, 59, 8, 59, 0, 8, 8, 0, 7, 7, 0, 6, 6, 0, 1, 6, 1, 2, 5, 6, 2, 5, 3, 4, 3, 5, 2, 54, 55, 10, 55, 56, 10, 56, 57, 10, 57, 58, 10, 10, 58, 9, 58, 59, 9, 10, 52, 53, 53, 54, 10, 50, 51, 52, 50, 52, 10, 49, 50, 10, 49, 10, 11, 49, 11, 48, 11, 12, 48, 48, 12, 47, 47, 12, 13, 14, 46, 47, 47, 13, 14, 14, 15, 46, 18, 46, 17, 16, 46, 15, 16, 17, 46, 42, 43, 44, 44, 45, 41, 41, 45, 46, 18, 19, 46, 41, 42, 44, 40, 41, 46, 46, 19, 40, 40, 19, 39, 39, 19, 38, 19, 20, 38, 20, 37, 38, 20, 21, 37, 37, 21, 36, 21, 22, 36, 36, 22, 35, 35, 22, 23, 34, 35, 23, 33, 34, 24, 34, 23, 24, 33, 24, 32, 32, 24, 25, 32, 25, 31, 31, 25, 26, 30, 31, 27, 27, 31, 26, 30, 27, 28, 30, 28, 29 ],
				"vertices": [ 2, 6, 57.61, -5.15, 0.14531, 7, 4.45, 21.77, 0.85469, 2, 6, 66.29, -18.87, 0.00223, 7, 20.67, 22.52, 0.99777, 1, 7, 37.98, 17.23, 1, 1, 7, 51.65, 7.1, 1, 1, 7, 59.32, -4.94, 1, 1, 7, 52.61, -17.85, 1, 2, 3, 53.12, 32.85, 7.0E-5, 7, 41.91, -21.81, 0.99993, 2, 3, 43.38, 28.33, 0.00244, 7, 31.92, -25.77, 0.99756, 4, 3, 27.59, 29.14, 0.03114, 2, 23.31, 40.77, 2.0E-5, 6, 23.61, -38.05, 0.03426, 7, 16.21, -24.05, 0.93459, 4, 3, 16.78, 28.59, 0.14003, 2, 15.26, 33.52, 0.00851, 6, 18.31, -28.6, 0.20157, 7, 5.38, -23.99, 0.64989, 4, 3, 11.31, 22.22, 0.46254, 2, 15.03, 25.13, 0.04064, 6, 10.17, -26.53, 0.26653, 7, -0.45, -30.04, 0.23029, 5, 11, -35.14, 10.68, 0.00193, 3, 18.87, 17.11, 0.87665, 2, 24.11, 25.93, 0.00804, 6, 8.96, -35.57, 0.06778, 7, 6.81, -35.56, 0.0456, 4, 11, -21.84, 15.63, 0.12224, 3, 32.83, 19.71, 0.87081, 6, 17.49, -46.92, 0.00393, 7, 20.89, -33.77, 0.00303, 2, 11, -8.88, 19.72, 0.5469, 3, 46.29, 21.52, 0.4531, 2, 11, 6.89, 22.24, 0.95445, 3, 62.26, 21.3, 0.04555, 1, 11, 23.14, 19.74, 1, 3, 13, 17.92, 41.93, 0.00109, 12, -25.12, -5.86, 0.01042, 11, 35.78, 12.94, 0.98849, 4, 14, 9.36, 27.07, 0.00284, 13, 22.34, 30.97, 0.04329, 12, -20.4, 4.98, 0.21047, 11, 43.61, 4.08, 0.7434, 4, 14, 4.69, 16.56, 0.03253, 13, 24.45, 19.66, 0.17945, 12, -13.82, 14.41, 0.43226, 11, 49.39, -5.86, 0.35577, 4, 14, -4.69, 12.68, 0.216, 13, 18.92, 11.14, 0.47473, 12, -3.87, 16.44, 0.25437, 11, 47.03, -15.74, 0.0549, 4, 14, 5.45, 13.06, 0.89878, 13, 27.06, 17.21, 0.06976, 12, -13.9, 17.99, 0.0297, 11, 52.67, -7.3, 0.00176, 2, 14, 17.25, 12.64, 0.99957, 12, -25.41, 20.64, 4.3E-4, 1, 14, 26.59, 12.01, 1, 2, 15, -9.19, 9.98, 0.11931, 14, 35.65, 8.79, 0.88069, 2, 15, 0.45, 14.45, 0.73107, 14, 46.01, 6.42, 0.26893, 2, 15, 10.32, 17.53, 0.96147, 14, 55.7, 2.81, 0.03853, 1, 15, 23.73, 17, 1, 1, 15, 34.59, 8.49, 1, 1, 15, 41.61, 1.34, 1, 1, 15, 45.58, -4.3, 1, 1, 15, 38.27, -10.15, 1, 1, 15, 31.39, -16.27, 1, 1, 15, 20.06, -19.01, 1, 1, 15, 9.18, -16.31, 1, 2, 15, 1.81, -13.4, 0.98471, 14, 30.03, -16.43, 0.01529, 2, 15, -5.21, -7.23, 0.45904, 14, 28.26, -7.26, 0.54096, 2, 15, -11.34, -10.42, 0.03077, 14, 21.46, -6.03, 0.96923, 1, 14, 15.27, -6.53, 1, 2, 14, 5.48, -8.03, 0.98391, 13, 39.05, -0.14, 0.01609, 2, 14, -8.13, -8.47, 0.1599, 13, 28.09, -8.23, 0.8401, 1, 13, 16.42, -13.67, 1, 1, 13, 3.16, -13.38, 1, 2, 13, -12.56, -9.58, 0.55471, 12, 32.98, 8.5, 0.44529, 2, 13, -19.18, -1, 0.11667, 12, 31.49, -2.23, 0.88333, 2, 12, 26.7, -9.37, 0.99283, 11, 10.73, -32.56, 0.00717, 3, 12, 18.13, -13, 0.9115, 11, 11.06, -23.26, 0.08762, 3, 58.56, -24.24, 8.8E-4, 3, 12, 11.47, -12.51, 0.67953, 11, 14.31, -17.44, 0.30767, 3, 62.77, -19.06, 0.01279, 3, 12, 12.33, -19.61, 0.23362, 11, 7.51, -15.22, 0.62668, 3, 56.45, -15.71, 0.1397, 3, 12, 23.46, -30.75, 0.01295, 11, -7.29, -20.6, 0.16637, 3, 40.95, -18.48, 0.82068, 2, 11, -22.74, -26.33, 5.7E-4, 3, 24.75, -21.47, 0.99943, 2, 3, 9.05, -24.57, 0.99762, 2, 42.76, -12.63, 0.00238, 2, 3, -5.21, -21.89, 0.90119, 2, 30, -19.53, 0.09881, 2, 3, -18.17, -13.58, 0.54686, 2, 14.7, -21.25, 0.45314, 3, 3, -33.64, 0.59, 0.06128, 2, -6.24, -19.99, 0.87791, 6, -29.17, 4.12, 0.06081, 2, 2, -22.68, -11.36, 0.49698, 6, -17.15, 18.27, 0.50302, 2, 2, -31.08, -2.16, 0.19531, 6, -6.33, 24.44, 0.80469, 2, 2, -36.94, 9.91, 0.02794, 6, 6.74, 27.51, 0.97206, 1, 6, 19, 26.98, 1, 1, 6, 32.6, 22.28, 1, 2, 6, 45.35, 12.45, 0.85172, 7, -16.91, 19.83, 0.14828 ],
				"hull": 60
			}
		},
		"7": {
			"7": {
				"type": "mesh",
				"uvs": [ 0.59971, 0.4685, 0.61817, 0.2855, 0.71971, 0.1235, 0.87894, 0.0995, 0.98971, 0.2045, 0.99894, 0.4085, 0.89971, 0.57349, 0.82586, 0.83149, 0.66894, 0.81349, 0.49356, 0.90949, 0.36894, 1, 0.19356, 1, 0.13817, 0.84349, 0.03663, 0.73549, 0, 0.5465, 0.00663, 0.3335, 0.09663, 0.1895, 0.22817, 0.0395, 0.39202, 0.0185, 0.54433, 0.0095, 0.60433, 0.1925 ],
				"triangles": [ 2, 4, 5, 4, 2, 3, 5, 1, 2, 5, 0, 1, 6, 0, 5, 8, 0, 6, 7, 8, 6, 20, 18, 19, 15, 0, 14, 12, 13, 14, 15, 16, 0, 0, 12, 14, 18, 16, 17, 18, 20, 16, 20, 0, 16, 9, 12, 0, 9, 0, 8, 10, 11, 12, 9, 10, 12 ],
				"vertices": [ 2, 20, 0.28, -7.69, 0.56702, 19, 10.34, -7.66, 0.43298, 2, 20, 0.54, -15.07, 0.04324, 19, 3.93, -11.34, 0.95676, 2, 20, -3.6, -22.33, 7.0E-5, 19, -4.42, -11.06, 0.99993, 1, 19, -10.2, -5.06, 1, 1, 19, -10.35, 2.07, 1, 1, 19, -4.15, 7.39, 1, 1, 19, 4.23, 7.29, 1, 1, 19, 14.76, 10.49, 1, 2, 20, -5.54, 5.33, 0.31833, 19, 19.13, 3.56, 0.68167, 2, 20, 2.83, 10.61, 0.99358, 19, 27.72, -1.37, 0.00642, 1, 20, 8.62, 15.25, 1, 1, 20, 17.62, 16.75, 1, 1, 20, 21.49, 11.05, 1, 1, 20, 27.41, 7.65, 1, 1, 20, 30.53, 0.51, 1, 1, 20, 31.59, -7.95, 1, 1, 20, 27.92, -14.4, 1, 1, 20, 22.16, -21.44, 1, 1, 20, 13.89, -23.67, 1, 1, 20, 6.14, -25.33, 1, 2, 20, 1.86, -18.62, 0.99643, 19, 1.41, -14.16, 0.00357 ],
				"hull": 21
			}
		},
		"8": {
			"8": {
				"type": "mesh",
				"uvs": [ 0.54406, 0.5104, 0.78928, 0.47348, 0.96031, 0.53177, 1, 0.70663, 0.9294, 0.92617, 0.75218, 1, 0.50285, 0.99222, 0.32976, 0.84457, 0.1814, 0.86982, 0.05364, 0.80377, 0.04334, 0.62503, 0.14843, 0.54731, 0.03922, 0.47543, 0, 0.32583, 0.10722, 0.19954, 0.2494, 0.2112, 0.28855, 0.05577, 0.39982, 0, 0.55643, 0.02663, 0.60794, 0.19371, 0.5894, 0.3608 ],
				"triangles": [ 19, 17, 18, 15, 12, 13, 15, 13, 14, 16, 17, 15, 19, 20, 17, 17, 20, 15, 0, 15, 20, 11, 12, 15, 0, 11, 15, 8, 9, 10, 7, 11, 0, 11, 8, 10, 7, 8, 11, 1, 3, 5, 3, 1, 2, 6, 7, 0, 5, 0, 1, 5, 6, 0, 5, 3, 4 ],
				"vertices": [ 1, 18, 10.72, -6.5, 1, 1, 18, 3.7, -10.73, 1, 1, 18, -2.3, -10.95, 1, 1, 18, -5.8, -5.76, 1, 1, 18, -6.52, 2.23, 1, 1, 18, -2.06, 6.82, 1, 1, 18, 5.67, 9.64, 1, 1, 18, 12.9, 6.99, 1, 1, 18, 17.11, 9.64, 1, 1, 18, 21.89, 9.07, 1, 1, 18, 24.54, 3.4, 1, 1, 18, 22.35, -0.42, 1, 1, 18, 26.63, -1.4, 1, 1, 18, 29.79, -5.78, 1, 1, 18, 28.16, -11.2, 1, 1, 18, 23.66, -12.58, 1, 1, 18, 24.5, -18.1, 1, 1, 18, 21.82, -21.29, 1, 1, 18, 16.68, -22.36, 1, 1, 18, 12.91, -17.57, 1, 1, 18, 11.29, -11.92, 1 ],
				"hull": 21
			}
		},
		"9": {
			"9": { "x": -0.72, "y": 0.58, "width": 42, "height": 30 }
		},
		"guang": {
			"guang": { "x": -2.05, "width": 94, "height": 94 }
		},
		"huo/10001": {
			"huo/10001": { "width": 49, "height": 77 },
			"huo/10002": { "width": 49, "height": 77 },
			"huo/10003": { "width": 49, "height": 77 },
			"huo/10004": { "width": 49, "height": 77 },
			"huo/10005": { "width": 49, "height": 77 },
			"huo/10006": { "width": 49, "height": 77 },
			"huo/10007": { "width": 49, "height": 77 }
		},
		"yinying": {
			"yinying": { "x": -1.67, "y": -1.54, "width": 118, "height": 40 }
		}
	}
},
"animations": {
	"idle": {
		"slots": {
			"guang": {
				"color": [
					{ "time": 0, "color": "ffffff00" },
					{ "time": 0.1667, "color": "ffffffff", "curve": "stepped" },
					{ "time": 0.5, "color": "ffffffff" },
					{ "time": 0.8333, "color": "ffffff00" }
				]
			},
			"huo/10001": {
				"attachment": [
					{ "time": 0.5, "name": "huo/10001" },
					{ "time": 0.6, "name": "huo/10002" },
					{ "time": 0.7, "name": "huo/10003" },
					{ "time": 0.8, "name": "huo/10004" },
					{ "time": 0.9, "name": "huo/10005" },
					{ "time": 1, "name": "huo/10006" },
					{ "time": 1.1, "name": "huo/10007" },
					{ "time": 1.2, "name": null }
				]
			}
		},
		"bones": {
			"root": {
				"rotate": [
					{ "time": 0, "angle": 0, "curve": "stepped" },
					{ "time": 1.3333, "angle": 0 }
				],
				"translate": [
					{ "time": 0, "x": 0, "y": 0, "curve": "stepped" },
					{ "time": 1.3333, "x": 0, "y": 0 }
				],
				"scale": [
					{ "time": 0, "x": 1, "y": 1, "curve": "stepped" },
					{ "time": 1.3333, "x": 1, "y": 1 }
				],
				"shear": [
					{ "time": 0, "x": 0, "y": 0, "curve": "stepped" },
					{ "time": 1.3333, "x": 0, "y": 0 }
				]
			},
			"bone": {
				"rotate": [
					{ "time": 0, "angle": 0, "curve": "stepped" },
					{ "time": 1.3333, "angle": 0 }
				],
				"translate": [
					{ "time": 0, "x": 0, "y": 0, "curve": "stepped" },
					{ "time": 1.3333, "x": 0, "y": 0 }
				],
				"scale": [
					{ "time": 0, "x": 1, "y": 1, "curve": "stepped" },
					{ "time": 1.3333, "x": 1, "y": 1 }
				],
				"shear": [
					{ "time": 0, "x": 0, "y": 0, "curve": "stepped" },
					{ "time": 1.3333, "x": 0, "y": 0 }
				]
			},
			"6": {
				"rotate": [
					{ "time": 0, "angle": 0, "curve": "stepped" },
					{ "time": 1.3333, "angle": 0 }
				],
				"translate": [
					{
						"time": 0,
						"x": 0,
						"y": 0,
						"curve": [ 0.25, 0, 0.75, 1 ]
					},
					{
						"time": 0.6667,
						"x": 0,
						"y": 9.45,
						"curve": [ 0.25, 0, 0.75, 1 ]
					},
					{ "time": 1.3333, "x": 0, "y": 0 }
				],
				"scale": [
					{ "time": 0, "x": 1, "y": 1, "curve": "stepped" },
					{ "time": 1.3333, "x": 1, "y": 1 }
				],
				"shear": [
					{ "time": 0, "x": 0, "y": 0, "curve": "stepped" },
					{ "time": 1.3333, "x": 0, "y": 0 }
				]
			},
			"7": {
				"rotate": [
					{
						"time": 0,
						"angle": 0,
						"curve": [ 0.25, 0, 0.75, 1 ]
					},
					{
						"time": 0.6667,
						"angle": -9.48,
						"curve": [ 0.25, 0, 0.75, 1 ]
					},
					{ "time": 1.3333, "angle": 0 }
				],
				"translate": [
					{ "time": 0, "x": 0, "y": 0, "curve": "stepped" },
					{ "time": 1.3333, "x": 0, "y": 0 }
				],
				"scale": [
					{ "time": 0, "x": 1, "y": 1, "curve": "stepped" },
					{ "time": 1.3333, "x": 1, "y": 1 }
				],
				"shear": [
					{ "time": 0, "x": 0, "y": 0, "curve": "stepped" },
					{ "time": 1.3333, "x": 0, "y": 0 }
				]
			},
			"8": {
				"rotate": [
					{
						"time": 0,
						"angle": 0,
						"curve": [ 0.232, 0.28, 0.75, 1 ]
					},
					{
						"time": 0.3333,
						"angle": 8.5,
						"curve": [ 0.25, 0, 0.75, 1 ]
					},
					{
						"time": 1,
						"angle": -6.97,
						"curve": [ 0.25, 0, 0.828, 0.78 ]
					},
					{ "time": 1.3333, "angle": 0 }
				],
				"translate": [
					{ "time": 0, "x": 0, "y": 0, "curve": "stepped" },
					{ "time": 1.3333, "x": 0, "y": 0 }
				],
				"scale": [
					{ "time": 0, "x": 1, "y": 1, "curve": "stepped" },
					{ "time": 1.3333, "x": 1, "y": 1 }
				],
				"shear": [
					{ "time": 0, "x": 0, "y": 0, "curve": "stepped" },
					{ "time": 1.3333, "x": 0, "y": 0 }
				]
			},
			"9": {
				"rotate": [
					{
						"time": 0,
						"angle": 0,
						"curve": [ 0.25, 0, 0.75, 1 ]
					},
					{
						"time": 0.6667,
						"angle": 10.45,
						"curve": [ 0.25, 0, 0.75, 1 ]
					},
					{ "time": 1.3333, "angle": 0 }
				],
				"translate": [
					{ "time": 0, "x": 0, "y": 0, "curve": "stepped" },
					{ "time": 1.3333, "x": 0, "y": 0 }
				],
				"scale": [
					{ "time": 0, "x": 1, "y": 1, "curve": "stepped" },
					{ "time": 1.3333, "x": 1, "y": 1 }
				],
				"shear": [
					{ "time": 0, "x": 0, "y": 0, "curve": "stepped" },
					{ "time": 1.3333, "x": 0, "y": 0 }
				]
			},
			"10": {
				"rotate": [
					{
						"time": 0,
						"angle": 0,
						"curve": [ 0.232, 0.28, 0.75, 1 ]
					},
					{
						"time": 0.3333,
						"angle": -4.42,
						"curve": [ 0.25, 0, 0.75, 1 ]
					},
					{
						"time": 1,
						"angle": -3.32,
						"curve": [ 0.25, 0, 0.828, 0.78 ]
					},
					{ "time": 1.3333, "angle": 0 }
				],
				"translate": [
					{ "time": 0, "x": 0, "y": 0, "curve": "stepped" },
					{ "time": 1.3333, "x": 0, "y": 0 }
				],
				"scale": [
					{ "time": 0, "x": 1, "y": 1, "curve": "stepped" },
					{ "time": 1.3333, "x": 1, "y": 1 }
				],
				"shear": [
					{ "time": 0, "x": 0, "y": 0, "curve": "stepped" },
					{ "time": 1.3333, "x": 0, "y": 0 }
				]
			},
			"11": {
				"rotate": [
					{
						"time": 0,
						"angle": 0,
						"curve": [ 0.25, 0, 0.75, 1 ]
					},
					{
						"time": 0.6667,
						"angle": 13.21,
						"curve": [ 0.25, 0, 0.75, 1 ]
					},
					{ "time": 1.3333, "angle": 0 }
				],
				"translate": [
					{ "time": 0, "x": 0, "y": 0, "curve": "stepped" },
					{ "time": 1.3333, "x": 0, "y": 0 }
				],
				"scale": [
					{ "time": 0, "x": 1, "y": 1, "curve": "stepped" },
					{ "time": 1.3333, "x": 1, "y": 1 }
				],
				"shear": [
					{ "time": 0, "x": 0, "y": 0, "curve": "stepped" },
					{ "time": 1.3333, "x": 0, "y": 0 }
				]
			},
			"12": {
				"rotate": [
					{
						"time": 0,
						"angle": 0,
						"curve": [ 0.232, 0.28, 0.75, 1 ]
					},
					{
						"time": 0.3333,
						"angle": -11.23,
						"curve": [ 0.25, 0, 0.75, 1 ]
					},
					{
						"time": 1,
						"angle": 26.24,
						"curve": [ 0.25, 0, 0.828, 0.78 ]
					},
					{ "time": 1.3333, "angle": 0 }
				],
				"translate": [
					{ "time": 0, "x": 0, "y": 0, "curve": "stepped" },
					{ "time": 1.3333, "x": 0, "y": 0 }
				],
				"scale": [
					{ "time": 0, "x": 1, "y": 1, "curve": "stepped" },
					{ "time": 1.3333, "x": 1, "y": 1 }
				],
				"shear": [
					{ "time": 0, "x": 0, "y": 0, "curve": "stepped" },
					{ "time": 1.3333, "x": 0, "y": 0 }
				]
			},
			"13": {
				"rotate": [
					{
						"time": 0,
						"angle": 0,
						"curve": [ 0.25, 0, 0.75, 1 ]
					},
					{
						"time": 0.6667,
						"angle": 17.27,
						"curve": [ 0.25, 0, 0.75, 1 ]
					},
					{ "time": 1.3333, "angle": 0 }
				],
				"translate": [
					{ "time": 0, "x": 0, "y": 0, "curve": "stepped" },
					{ "time": 1.3333, "x": 0, "y": 0 }
				],
				"scale": [
					{ "time": 0, "x": 1, "y": 1, "curve": "stepped" },
					{ "time": 1.3333, "x": 1, "y": 1 }
				],
				"shear": [
					{ "time": 0, "x": 0, "y": 0, "curve": "stepped" },
					{ "time": 1.3333, "x": 0, "y": 0 }
				]
			},
			"14": {
				"rotate": [
					{
						"time": 0,
						"angle": 0,
						"curve": [ 0.276, 0, 0.621, 0.4 ]
					},
					{
						"time": 0.3333,
						"angle": -5.99,
						"curve": [ 0.25, 0, 0.75, 1 ]
					},
					{
						"time": 1,
						"angle": 9.9,
						"curve": [ 0.379, 0.6, 0.724, 1 ]
					},
					{ "time": 1.3333, "angle": 0 }
				],
				"translate": [
					{ "time": 0, "x": 0, "y": 0, "curve": "stepped" },
					{ "time": 1.3333, "x": 0, "y": 0 }
				],
				"scale": [
					{ "time": 0, "x": 1, "y": 1, "curve": "stepped" },
					{ "time": 1.3333, "x": 1, "y": 1 }
				],
				"shear": [
					{ "time": 0, "x": 0, "y": 0, "curve": "stepped" },
					{ "time": 1.3333, "x": 0, "y": 0 }
				]
			},
			"4": {
				"rotate": [
					{
						"time": 0,
						"angle": 0,
						"curve": [ 0.186, 0.23, 0.75, 1 ]
					},
					{
						"time": 0.3333,
						"angle": 6.81,
						"curve": [ 0.25, 0, 0.75, 1 ]
					},
					{
						"time": 1,
						"angle": -11.62,
						"curve": [ 0.25, 0, 0.828, 0.76 ]
					},
					{ "time": 1.3333, "angle": 0 }
				],
				"translate": [
					{ "time": 0, "x": 0, "y": 0, "curve": "stepped" },
					{ "time": 1.3333, "x": 0, "y": 0 }
				],
				"scale": [
					{ "time": 0, "x": 1, "y": 1, "curve": "stepped" },
					{ "time": 1.3333, "x": 1, "y": 1 }
				],
				"shear": [
					{ "time": 0, "x": 0, "y": 0, "curve": "stepped" },
					{ "time": 1.3333, "x": 0, "y": 0 }
				]
			},
			"5": {
				"rotate": [
					{
						"time": 0,
						"angle": 0,
						"curve": [ 0.284, 0, 0.625, 0.38 ]
					},
					{
						"time": 0.6667,
						"angle": 25.91,
						"curve": [ 0.311, 0.26, 0.651, 0.61 ]
					},
					{ "time": 1.3333, "angle": 0 }
				],
				"translate": [
					{ "time": 0, "x": 0, "y": 0, "curve": "stepped" },
					{ "time": 1.3333, "x": 0, "y": 0 }
				],
				"scale": [
					{ "time": 0, "x": 1, "y": 1, "curve": "stepped" },
					{ "time": 1.3333, "x": 1, "y": 1 }
				],
				"shear": [
					{ "time": 0, "x": 0, "y": 0, "curve": "stepped" },
					{ "time": 1.3333, "x": 0, "y": 0 }
				]
			},
			"3": {
				"rotate": [
					{ "time": 0, "angle": 0, "curve": "stepped" },
					{ "time": 1.3333, "angle": 0 }
				],
				"translate": [
					{ "time": 0, "x": 0, "y": 0, "curve": "stepped" },
					{ "time": 1.3333, "x": 0, "y": 0 }
				],
				"scale": [
					{ "time": 0, "x": 1, "y": 1, "curve": "stepped" },
					{ "time": 1.3333, "x": 1, "y": 1 }
				],
				"shear": [
					{ "time": 0, "x": 0, "y": 0, "curve": "stepped" },
					{ "time": 1.3333, "x": 0, "y": 0 }
				]
			},
			"1": {
				"rotate": [
					{
						"time": 0,
						"angle": 0,
						"curve": [ 0.25, 0, 0.75, 1 ]
					},
					{
						"time": 0.6667,
						"angle": -12.09,
						"curve": [ 0.25, 0, 0.75, 1 ]
					},
					{ "time": 1.3333, "angle": 0 }
				],
				"translate": [
					{ "time": 0, "x": 0, "y": 0, "curve": "stepped" },
					{ "time": 1.3333, "x": 0, "y": 0 }
				],
				"scale": [
					{ "time": 0, "x": 1, "y": 1, "curve": "stepped" },
					{ "time": 1.3333, "x": 1, "y": 1 }
				],
				"shear": [
					{ "time": 0, "x": 0, "y": 0, "curve": "stepped" },
					{ "time": 1.3333, "x": 0, "y": 0 }
				]
			},
			"2": {
				"rotate": [
					{
						"time": 0,
						"angle": 0,
						"curve": [ 0.19, 0.23, 0.75, 1 ]
					},
					{
						"time": 0.3333,
						"angle": 11.96,
						"curve": [ 0.25, 0, 0.75, 1 ]
					},
					{
						"time": 1,
						"angle": -10.32,
						"curve": [ 0.25, 0, 0.81, 0.75 ]
					},
					{ "time": 1.3333, "angle": 0 }
				],
				"translate": [
					{ "time": 0, "x": 0, "y": 0, "curve": "stepped" },
					{ "time": 1.3333, "x": 0, "y": 0 }
				],
				"scale": [
					{ "time": 0, "x": 1, "y": 1, "curve": "stepped" },
					{ "time": 1.3333, "x": 1, "y": 1 }
				],
				"shear": [
					{ "time": 0, "x": 0, "y": 0, "curve": "stepped" },
					{ "time": 1.3333, "x": 0, "y": 0 }
				]
			},
			"15": {
				"rotate": [
					{ "time": 0, "angle": 0, "curve": "stepped" },
					{ "time": 1.3333, "angle": 0 }
				],
				"translate": [
					{ "time": 0, "x": 0, "y": 0, "curve": "stepped" },
					{ "time": 1.3333, "x": 0, "y": 0 }
				],
				"scale": [
					{ "time": 0, "x": 1, "y": 1, "curve": "stepped" },
					{ "time": 1.3333, "x": 1, "y": 1 }
				],
				"shear": [
					{ "time": 0, "x": 0, "y": 0, "curve": "stepped" },
					{ "time": 1.3333, "x": 0, "y": 0 }
				]
			},
			"16": {
				"rotate": [
					{
						"time": 0,
						"angle": 0,
						"curve": [ 0.25, 0, 0.625, 0.5 ]
					},
					{
						"time": 0.6667,
						"angle": 14.44,
						"curve": [ 0.375, 0.5, 0.75, 1 ]
					},
					{ "time": 1.3333, "angle": 0 }
				],
				"translate": [
					{ "time": 0, "x": 0, "y": 0, "curve": "stepped" },
					{ "time": 1.3333, "x": 0, "y": 0 }
				],
				"scale": [
					{ "time": 0, "x": 1, "y": 1, "curve": "stepped" },
					{ "time": 1.3333, "x": 1, "y": 1 }
				],
				"shear": [
					{ "time": 0, "x": 0, "y": 0, "curve": "stepped" },
					{ "time": 1.3333, "x": 0, "y": 0 }
				]
			},
			"17": {
				"rotate": [
					{ "time": 0, "angle": 0, "curve": "stepped" },
					{ "time": 1.3333, "angle": 0 }
				],
				"translate": [
					{ "time": 0, "x": 0, "y": 0, "curve": "stepped" },
					{ "time": 1.3333, "x": 0, "y": 0 }
				],
				"scale": [
					{ "time": 0, "x": 1, "y": 1, "curve": "stepped" },
					{ "time": 1.3333, "x": 1, "y": 1 }
				],
				"shear": [
					{ "time": 0, "x": 0, "y": 0, "curve": "stepped" },
					{ "time": 1.3333, "x": 0, "y": 0 }
				]
			},
			"18": {
				"rotate": [
					{
						"time": 0,
						"angle": 0,
						"curve": [ 0.25, 0, 0.75, 1 ]
					},
					{
						"time": 0.6667,
						"angle": 2.23,
						"curve": [ 0.25, 0, 0.75, 1 ]
					},
					{ "time": 1.3333, "angle": 0 }
				],
				"translate": [
					{ "time": 0, "x": 0, "y": 0, "curve": "stepped" },
					{ "time": 1.3333, "x": 0, "y": 0 }
				],
				"scale": [
					{ "time": 0, "x": 1, "y": 1, "curve": "stepped" },
					{ "time": 1.3333, "x": 1, "y": 1 }
				],
				"shear": [
					{ "time": 0, "x": 0, "y": 0, "curve": "stepped" },
					{ "time": 1.3333, "x": 0, "y": 0 }
				]
			},
			"19": {
				"rotate": [
					{
						"time": 0,
						"angle": 0,
						"curve": [ 0.181, 0.23, 0.75, 1 ]
					},
					{
						"time": 0.3333,
						"angle": -14.81,
						"curve": [ 0.25, 0, 0.75, 1 ]
					},
					{
						"time": 1,
						"angle": 13.46,
						"curve": [ 0.25, 0, 0.823, 0.76 ]
					},
					{ "time": 1.3333, "angle": 0 }
				],
				"translate": [
					{ "time": 0, "x": 0, "y": 0, "curve": "stepped" },
					{ "time": 1.3333, "x": 0, "y": 0 }
				],
				"scale": [
					{ "time": 0, "x": 1, "y": 1, "curve": "stepped" },
					{ "time": 1.3333, "x": 1, "y": 1 }
				],
				"shear": [
					{ "time": 0, "x": 0, "y": 0, "curve": "stepped" },
					{ "time": 1.3333, "x": 0, "y": 0 }
				]
			},
			"20": {
				"rotate": [
					{ "time": 0, "angle": 0, "curve": "stepped" },
					{ "time": 1.3333, "angle": 0 }
				],
				"translate": [
					{
						"time": 0,
						"x": 0,
						"y": 0,
						"curve": [ 0.199, 0.2, 0.592, 0.62 ]
					},
					{
						"time": 0.6667,
						"x": 0,
						"y": -8.83,
						"curve": [ 0.373, 0.54, 0.761, 1 ]
					},
					{ "time": 1.3333, "x": 0, "y": 0 }
				],
				"scale": [
					{
						"time": 0,
						"x": 1,
						"y": 1,
						"curve": [ 0.25, 0, 0.625, 0.5 ]
					},
					{
						"time": 0.6667,
						"x": 1.068,
						"y": 1.068,
						"curve": [ 0.375, 0.5, 0.75, 1 ]
					},
					{ "time": 1.3333, "x": 1, "y": 1 }
				],
				"shear": [
					{ "time": 0, "x": 0, "y": 0, "curve": "stepped" },
					{ "time": 1.3333, "x": 0, "y": 0 }
				]
			},
			"21": {
				"rotate": [
					{ "time": 0, "angle": 0, "curve": "stepped" },
					{ "time": 1.3333, "angle": 0 }
				],
				"translate": [
					{
						"time": 0,
						"x": 0,
						"y": 0,
						"curve": [ 0.25, 0, 0.625, 0.5 ]
					},
					{
						"time": 0.6667,
						"x": 0,
						"y": 7.47,
						"curve": [ 0.375, 0.5, 0.75, 1 ]
					},
					{ "time": 1.3333, "x": 0, "y": 0 }
				],
				"scale": [
					{
						"time": 0,
						"x": 1,
						"y": 1,
						"curve": [ 0.25, 0, 0.625, 0.5 ]
					},
					{
						"time": 0.6667,
						"x": 0.871,
						"y": 0.871,
						"curve": [ 0.375, 0.5, 0.75, 1 ]
					},
					{ "time": 1.3333, "x": 1, "y": 1 }
				],
				"shear": [
					{ "time": 0, "x": 0, "y": 0, "curve": "stepped" },
					{ "time": 1.3333, "x": 0, "y": 0 }
				]
			},
			"huo/10001": {
				"rotate": [
					{ "time": 0.5, "angle": 107.47 }
				],
				"translate": [
					{ "time": 0, "x": -240.87, "y": 247.86 },
					{ "time": 0.5, "x": -203.48, "y": 249.57 }
				],
				"scale": [
					{ "time": 0.5, "x": 0.682, "y": 1.301 }
				]
			},
			"guang": {
				"rotate": [
					{ "time": 0.5, "angle": 0 }
				],
				"translate": [
					{ "time": 0.5, "x": 0, "y": 0 },
					{ "time": 0.8333, "x": 0.47, "y": -5.13 }
				],
				"scale": [
					{
						"time": 0,
						"x": 0.535,
						"y": 0.535,
						"curve": [ 0.25, 0, 0.75, 1 ]
					},
					{
						"time": 0.5,
						"x": 0.842,
						"y": 0.842,
						"curve": [ 0.25, 0, 0.842, 0.76 ]
					},
					{ "time": 0.8333, "x": 0.698, "y": 0.698 }
				]
			},
			"22": {
				"rotate": [
					{
						"time": 0,
						"angle": 0,
						"curve": [ 0.25, 0, 0.75, 1 ]
					},
					{
						"time": 0.6667,
						"angle": 28.83,
						"curve": [ 0.25, 0, 0.75, 1 ]
					},
					{ "time": 1.3333, "angle": 0 }
				],
				"translate": [
					{ "time": 0, "x": 0, "y": 0, "curve": "stepped" },
					{ "time": 1.3333, "x": 0, "y": 0 }
				],
				"scale": [
					{ "time": 0, "x": 1, "y": 1, "curve": "stepped" },
					{ "time": 1.3333, "x": 1, "y": 1 }
				],
				"shear": [
					{ "time": 0, "x": 0, "y": 0, "curve": "stepped" },
					{ "time": 1.3333, "x": 0, "y": 0 }
				]
			},
			"24": {
				"rotate": [
					{
						"time": 0,
						"angle": 0,
						"curve": [ 0.167, 0.24, 0.75, 1 ]
					},
					{
						"time": 0.3333,
						"angle": -17.9,
						"curve": [ 0.25, 0, 0.75, 1 ]
					},
					{
						"time": 1,
						"angle": 10.55,
						"curve": [ 0.25, 0, 0.833, 0.78 ]
					},
					{ "time": 1.3333, "angle": 0 }
				],
				"translate": [
					{ "time": 0, "x": 0, "y": 0, "curve": "stepped" },
					{ "time": 1.3333, "x": 0, "y": 0 }
				],
				"scale": [
					{ "time": 0, "x": 1, "y": 1, "curve": "stepped" },
					{ "time": 1.3333, "x": 1, "y": 1 }
				],
				"shear": [
					{ "time": 0, "x": 0, "y": 0, "curve": "stepped" },
					{ "time": 1.3333, "x": 0, "y": 0 }
				]
			},
			"25": {
				"rotate": [
					{
						"time": 0,
						"angle": 16.29,
						"curve": [ 0.25, 0, 0.75, 1 ]
					},
					{
						"time": 0.6667,
						"angle": -21.91,
						"curve": [ 0.25, 0, 0.75, 1 ]
					},
					{ "time": 1.3333, "angle": 16.29 }
				],
				"translate": [
					{ "time": 0, "x": 0, "y": 0, "curve": "stepped" },
					{ "time": 1.3333, "x": 0, "y": 0 }
				],
				"scale": [
					{ "time": 0, "x": 1, "y": 1, "curve": "stepped" },
					{ "time": 1.3333, "x": 1, "y": 1 }
				],
				"shear": [
					{ "time": 0, "x": 0, "y": 0, "curve": "stepped" },
					{ "time": 1.3333, "x": 0, "y": 0 }
				]
			},
			"26": {
				"rotate": [
					{
						"time": 0,
						"angle": 29.97,
						"curve": [ 0.195, 0.23, 0.75, 1 ]
					},
					{
						"time": 0.3333,
						"angle": 20.53,
						"curve": [ 0.25, 0, 0.75, 1 ]
					},
					{
						"time": 1,
						"angle": 51.59,
						"curve": [ 0.25, 0, 0.837, 0.79 ]
					},
					{ "time": 1.3333, "angle": 29.97 }
				],
				"translate": [
					{ "time": 0, "x": 0, "y": 0, "curve": "stepped" },
					{ "time": 1.3333, "x": 0, "y": 0 }
				],
				"scale": [
					{ "time": 0, "x": 1, "y": 1, "curve": "stepped" },
					{ "time": 1.3333, "x": 1, "y": 1 }
				],
				"shear": [
					{ "time": 0, "x": 0, "y": 0, "curve": "stepped" },
					{ "time": 1.3333, "x": 0, "y": 0 }
				]
			},
			"23": {
				"rotate": [
					{
						"time": 0,
						"angle": 0,
						"curve": [ 0.25, 0, 0.75, 1 ]
					},
					{
						"time": 0.6667,
						"angle": -6.6,
						"curve": [ 0.25, 0, 0.75, 1 ]
					},
					{ "time": 1.3333, "angle": 0 }
				],
				"translate": [
					{ "time": 0, "x": 0, "y": 0, "curve": "stepped" },
					{ "time": 1.3333, "x": 0, "y": 0 }
				],
				"scale": [
					{ "time": 0, "x": 1, "y": 1, "curve": "stepped" },
					{ "time": 1.3333, "x": 1, "y": 1 }
				],
				"shear": [
					{ "time": 0, "x": 0, "y": 0, "curve": "stepped" },
					{ "time": 1.3333, "x": 0, "y": 0 }
				]
			},
			"27": {
				"rotate": [
					{
						"time": 0,
						"angle": 0,
						"curve": [ 0.172, 0.21, 0.75, 1 ]
					},
					{
						"time": 0.3333,
						"angle": 4.51,
						"curve": [ 0.25, 0, 0.75, 1 ]
					},
					{
						"time": 1,
						"angle": -10.91,
						"curve": [ 0.25, 0, 0.814, 0.77 ]
					},
					{ "time": 1.3333, "angle": 0 }
				],
				"translate": [
					{ "time": 0, "x": 0, "y": 0, "curve": "stepped" },
					{ "time": 1.3333, "x": 0, "y": 0 }
				],
				"scale": [
					{ "time": 0, "x": 1, "y": 1, "curve": "stepped" },
					{ "time": 1.3333, "x": 1, "y": 1 }
				],
				"shear": [
					{ "time": 0, "x": 0, "y": 0, "curve": "stepped" },
					{ "time": 1.3333, "x": 0, "y": 0 }
				]
			},
			"28": {
				"rotate": [
					{
						"time": 0,
						"angle": 0,
						"curve": [ 0.25, 0, 0.75, 1 ]
					},
					{
						"time": 0.6667,
						"angle": 20.03,
						"curve": [ 0.25, 0, 0.75, 1 ]
					},
					{ "time": 1.3333, "angle": 0 }
				],
				"translate": [
					{ "time": 0, "x": 0, "y": 0, "curve": "stepped" },
					{ "time": 1.3333, "x": 0, "y": 0 }
				],
				"scale": [
					{ "time": 0, "x": 1, "y": 1, "curve": "stepped" },
					{ "time": 1.3333, "x": 1, "y": 1 }
				],
				"shear": [
					{ "time": 0, "x": 0, "y": 0, "curve": "stepped" },
					{ "time": 1.3333, "x": 0, "y": 0 }
				]
			},
			"29": {
				"rotate": [
					{
						"time": 0,
						"angle": -90.82,
						"curve": [ 0.172, 0.21, 0.75, 1 ]
					},
					{
						"time": 0.3333,
						"angle": -76.49,
						"curve": [ 0.25, 0, 0.75, 1 ]
					},
					{
						"time": 1,
						"angle": -15.95,
						"curve": [ 0.25, 0, 0.814, 0.77 ]
					},
					{ "time": 1.3333, "angle": -90.82 }
				],
				"translate": [
					{ "time": 0, "x": 0, "y": 0, "curve": "stepped" },
					{ "time": 1.3333, "x": 0, "y": 0 }
				],
				"scale": [
					{ "time": 0, "x": 1, "y": 1, "curve": "stepped" },
					{ "time": 1.3333, "x": 1, "y": 1 }
				],
				"shear": [
					{ "time": 0, "x": 0, "y": 0, "curve": "stepped" },
					{ "time": 1.3333, "x": 0, "y": 0 }
				]
			}
		},
		"drawOrder": [
			{
				"time": 0.5,
				"offsets": [
					{ "slot": "huo/10001", "offset": -4 }
				]
			}
		]
	},
	"shouge": {
		"bones": {
			"root": {
				"rotate": [
					{ "time": 0, "angle": 0 }
				],
				"translate": [
					{ "time": 0, "x": 0, "y": 0 }
				],
				"scale": [
					{ "time": 0, "x": 1, "y": 1 }
				],
				"shear": [
					{ "time": 0, "x": 0, "y": 0 }
				]
			},
			"bone": {
				"rotate": [
					{ "time": 0, "angle": 0 }
				],
				"translate": [
					{ "time": 0, "x": 0, "y": 0, "curve": "stepped" },
					{
						"time": 0.2,
						"x": 0,
						"y": 0,
						"curve": [ 0.25, 0, 0.741, 0.44 ]
					},
					{ "time": 0.4667, "x": 0, "y": -59.7 }
				],
				"scale": [
					{ "time": 0, "x": 1, "y": 1, "curve": "stepped" },
					{
						"time": 0.2,
						"x": 1,
						"y": 1,
						"curve": [ 0.25, 0, 0.741, 0.44 ]
					},
					{ "time": 0.4667, "x": 0.061, "y": 0.061 }
				],
				"shear": [
					{ "time": 0, "x": 0, "y": 0 }
				]
			},
			"6": {
				"rotate": [
					{ "time": 0, "angle": 0 }
				],
				"translate": [
					{
						"time": 0,
						"x": 0,
						"y": 0,
						"curve": [ 0.195, 0.61, 0.75, 1 ]
					},
					{
						"time": 0.2,
						"x": 0,
						"y": 71.16,
						"curve": [ 0.25, 0, 0.828, 0.56 ]
					},
					{ "time": 0.4667, "x": 0, "y": -13.08 }
				],
				"scale": [
					{
						"time": 0,
						"x": 1,
						"y": 1,
						"curve": [ 0.284, 0, 0.625, 0.38 ]
					},
					{
						"time": 0.2,
						"x": 1.093,
						"y": 1.155,
						"curve": [ 0.32, 0.29, 0.757, 1 ]
					},
					{ "time": 0.4667, "x": 1, "y": 1 }
				],
				"shear": [
					{ "time": 0, "x": 0, "y": 0 }
				]
			},
			"7": {
				"rotate": [
					{
						"time": 0,
						"angle": 0,
						"curve": [ 0.25, 0, 0.75, 1 ]
					},
					{
						"time": 0.2,
						"angle": -9.48,
						"curve": [ 0.25, 0, 0.625, 0.5 ]
					},
					{ "time": 0.4667, "angle": 6.7 }
				],
				"translate": [
					{ "time": 0, "x": 0, "y": 0 }
				],
				"scale": [
					{ "time": 0, "x": 1, "y": 1 }
				],
				"shear": [
					{ "time": 0, "x": 0, "y": 0 }
				]
			},
			"8": {
				"rotate": [
					{
						"time": 0,
						"angle": 0,
						"curve": [ 0.232, 0.28, 0.75, 1 ]
					},
					{
						"time": 0.1,
						"angle": 8.5,
						"curve": [ 0.25, 0, 0.75, 1 ]
					},
					{ "time": 0.4667, "angle": 4.11 }
				],
				"translate": [
					{ "time": 0, "x": 0, "y": 0 }
				],
				"scale": [
					{ "time": 0, "x": 1, "y": 1 }
				],
				"shear": [
					{ "time": 0, "x": 0, "y": 0 }
				]
			},
			"9": {
				"rotate": [
					{
						"time": 0,
						"angle": 0,
						"curve": [ 0.25, 0, 0.75, 1 ]
					},
					{ "time": 0.2, "angle": 10.45 }
				],
				"translate": [
					{ "time": 0, "x": 0, "y": 0 }
				],
				"scale": [
					{ "time": 0, "x": 1, "y": 1 }
				],
				"shear": [
					{ "time": 0, "x": 0, "y": 0 }
				]
			},
			"10": {
				"rotate": [
					{
						"time": 0,
						"angle": 0,
						"curve": [ 0.232, 0.28, 0.75, 1 ]
					},
					{
						"time": 0.1,
						"angle": -4.42,
						"curve": [ 0.25, 0, 0.75, 1 ]
					},
					{ "time": 0.4667, "angle": -3.32 }
				],
				"translate": [
					{ "time": 0, "x": 0, "y": 0 }
				],
				"scale": [
					{ "time": 0, "x": 1, "y": 1 }
				],
				"shear": [
					{ "time": 0, "x": 0, "y": 0 }
				]
			},
			"11": {
				"rotate": [
					{
						"time": 0,
						"angle": 0,
						"curve": [ 0.25, 0, 0.75, 1 ]
					},
					{ "time": 0.2, "angle": 13.21 }
				],
				"translate": [
					{ "time": 0, "x": 0, "y": 0 }
				],
				"scale": [
					{ "time": 0, "x": 1, "y": 1 }
				],
				"shear": [
					{ "time": 0, "x": 0, "y": 0 }
				]
			},
			"12": {
				"rotate": [
					{
						"time": 0,
						"angle": 0,
						"curve": [ 0.232, 0.28, 0.75, 1 ]
					},
					{
						"time": 0.1,
						"angle": -11.23,
						"curve": [ 0.25, 0, 0.75, 1 ]
					},
					{ "time": 0.4667, "angle": 26.24 }
				],
				"translate": [
					{ "time": 0, "x": 0, "y": 0 }
				],
				"scale": [
					{ "time": 0, "x": 1, "y": 1 }
				],
				"shear": [
					{ "time": 0, "x": 0, "y": 0 }
				]
			},
			"13": {
				"rotate": [
					{
						"time": 0,
						"angle": 0,
						"curve": [ 0.25, 0, 0.75, 1 ]
					},
					{ "time": 0.2, "angle": 17.27 }
				],
				"translate": [
					{ "time": 0, "x": 0, "y": 0 }
				],
				"scale": [
					{ "time": 0, "x": 1, "y": 1 }
				],
				"shear": [
					{ "time": 0, "x": 0, "y": 0 }
				]
			},
			"14": {
				"rotate": [
					{
						"time": 0,
						"angle": 0,
						"curve": [ 0.276, 0, 0.621, 0.4 ]
					},
					{
						"time": 0.1,
						"angle": -5.99,
						"curve": [ 0.25, 0, 0.75, 1 ]
					},
					{ "time": 0.4667, "angle": 9.9 }
				],
				"translate": [
					{ "time": 0, "x": 0, "y": 0 }
				],
				"scale": [
					{ "time": 0, "x": 1, "y": 1 }
				],
				"shear": [
					{ "time": 0, "x": 0, "y": 0 }
				]
			},
			"4": {
				"rotate": [
					{
						"time": 0,
						"angle": 0,
						"curve": [ 0.186, 0.23, 0.75, 1 ]
					},
					{
						"time": 0.1,
						"angle": 6.81,
						"curve": [ 0.242, 0, 0.667, 0.67 ]
					},
					{ "time": 0.4667, "angle": -18.63 }
				],
				"translate": [
					{ "time": 0, "x": 0, "y": 0 }
				],
				"scale": [
					{ "time": 0, "x": 1, "y": 1 }
				],
				"shear": [
					{ "time": 0, "x": 0, "y": 0 }
				]
			},
			"5": {
				"rotate": [
					{
						"time": 0,
						"angle": 0,
						"curve": [ 0.284, 0, 0.625, 0.38 ]
					},
					{ "time": 0.2, "angle": 17.01 }
				],
				"translate": [
					{ "time": 0, "x": 0, "y": 0 }
				],
				"scale": [
					{ "time": 0, "x": 1, "y": 1 }
				],
				"shear": [
					{ "time": 0, "x": 0, "y": 0 }
				]
			},
			"3": {
				"rotate": [
					{ "time": 0, "angle": 0 }
				],
				"translate": [
					{ "time": 0, "x": 0, "y": 0 }
				],
				"scale": [
					{ "time": 0, "x": 1, "y": 1 }
				],
				"shear": [
					{ "time": 0, "x": 0, "y": 0 }
				]
			},
			"1": {
				"rotate": [
					{
						"time": 0,
						"angle": 0,
						"curve": [ 0.25, 0, 0.75, 1 ]
					},
					{ "time": 0.2, "angle": -12.09 }
				],
				"translate": [
					{ "time": 0, "x": 0, "y": 0 }
				],
				"scale": [
					{ "time": 0, "x": 1, "y": 1 }
				],
				"shear": [
					{ "time": 0, "x": 0, "y": 0 }
				]
			},
			"2": {
				"rotate": [
					{
						"time": 0,
						"angle": 0,
						"curve": [ 0.19, 0.23, 0.75, 1 ]
					},
					{
						"time": 0.1,
						"angle": 11.96,
						"curve": [ 0.25, 0, 0.75, 1 ]
					},
					{ "time": 0.4667, "angle": -10.32 }
				],
				"translate": [
					{ "time": 0, "x": 0, "y": 0 }
				],
				"scale": [
					{ "time": 0, "x": 1, "y": 1 }
				],
				"shear": [
					{ "time": 0, "x": 0, "y": 0 }
				]
			},
			"15": {
				"rotate": [
					{
						"time": 0,
						"angle": 0,
						"curve": [ 0.284, 0, 0.625, 0.38 ]
					},
					{
						"time": 0.2,
						"angle": 13.48,
						"curve": [ 0.303, 0.24, 0.661, 0.65 ]
					},
					{ "time": 0.4667, "angle": 28.46 }
				],
				"translate": [
					{ "time": 0, "x": 0, "y": 0 }
				],
				"scale": [
					{ "time": 0, "x": 1, "y": 1 }
				],
				"shear": [
					{ "time": 0, "x": 0, "y": 0 }
				]
			},
			"16": {
				"rotate": [
					{
						"time": 0,
						"angle": 0,
						"curve": [ 0.25, 0, 0.625, 0.5 ]
					},
					{
						"time": 0.2,
						"angle": -4.12,
						"curve": [ 0.343, 0.36, 0.686, 0.73 ]
					},
					{ "time": 0.4667, "angle": 26.68 }
				],
				"translate": [
					{ "time": 0, "x": 0, "y": 0 }
				],
				"scale": [
					{ "time": 0, "x": 1, "y": 1 }
				],
				"shear": [
					{ "time": 0, "x": 0, "y": 0 }
				]
			},
			"17": {
				"rotate": [
					{
						"time": 0,
						"angle": 0,
						"curve": [ 0.284, 0, 0.625, 0.38 ]
					},
					{
						"time": 0.2,
						"angle": 32.4,
						"curve": [ 0.303, 0.24, 0.661, 0.65 ]
					},
					{ "time": 0.4667, "angle": -14.13 }
				],
				"translate": [
					{
						"time": 0,
						"x": 0,
						"y": 0,
						"curve": [ 0.284, 0, 0.625, 0.38 ]
					},
					{ "time": 0.2, "x": -2.26, "y": -4.32 }
				],
				"scale": [
					{ "time": 0, "x": 1, "y": 1 }
				],
				"shear": [
					{ "time": 0, "x": 0, "y": 0 }
				]
			},
			"18": {
				"rotate": [
					{
						"time": 0,
						"angle": 0,
						"curve": [ 0.25, 0, 0.75, 1 ]
					},
					{ "time": 0.2, "angle": 2.23 }
				],
				"translate": [
					{ "time": 0, "x": 0, "y": 0 }
				],
				"scale": [
					{ "time": 0, "x": 1, "y": 1 }
				],
				"shear": [
					{ "time": 0, "x": 0, "y": 0 }
				]
			},
			"19": {
				"rotate": [
					{
						"time": 0,
						"angle": 0,
						"curve": [ 0.181, 0.23, 0.75, 1 ]
					},
					{
						"time": 0.1,
						"angle": -14.81,
						"curve": [ 0.25, 0, 0.75, 1 ]
					},
					{ "time": 0.4667, "angle": 13.46 }
				],
				"translate": [
					{ "time": 0, "x": 0, "y": 0 }
				],
				"scale": [
					{ "time": 0, "x": 1, "y": 1 }
				],
				"shear": [
					{ "time": 0, "x": 0, "y": 0 }
				]
			},
			"20": {
				"rotate": [
					{ "time": 0, "angle": 0, "curve": "stepped" },
					{ "time": 0.4667, "angle": 0 }
				],
				"translate": [
					{
						"time": 0,
						"x": 0,
						"y": 0,
						"curve": [ 0.25, 0, 0.75, 1 ]
					},
					{
						"time": 0.2,
						"x": 0,
						"y": 24.51,
						"curve": [ 0.25, 0, 0.823, 0.54 ]
					},
					{ "time": 0.4667, "x": 0, "y": -11.92 }
				],
				"scale": [
					{
						"time": 0,
						"x": 1,
						"y": 1,
						"curve": [ 0.25, 0, 0.75, 1 ]
					},
					{
						"time": 0.2,
						"x": 1.155,
						"y": 1.155,
						"curve": [ 0.25, 0, 0.823, 0.54 ]
					},
					{ "time": 0.4667, "x": 1, "y": 1 }
				],
				"shear": [
					{ "time": 0, "x": 0, "y": 0, "curve": "stepped" },
					{ "time": 0.4667, "x": 0, "y": 0 }
				]
			},
			"21": {
				"rotate": [
					{ "time": 0, "angle": 0 }
				],
				"translate": [
					{
						"time": 0,
						"x": 0,
						"y": 0,
						"curve": [ 0.25, 0, 0.75, 1 ]
					},
					{
						"time": 0.2,
						"x": 0,
						"y": 34.94,
						"curve": [ 0.25, 0, 0.86, 0.55 ]
					},
					{ "time": 0.4667, "x": 0, "y": -6.08 }
				],
				"scale": [
					{ "time": 0, "x": 1, "y": 1 }
				],
				"shear": [
					{ "time": 0, "x": 0, "y": 0 }
				]
			},
			"27": {
				"rotate": [
					{ "time": 0, "angle": 0 }
				],
				"translate": [
					{ "time": 0, "x": 0, "y": 0 }
				],
				"scale": [
					{ "time": 0, "x": 1, "y": 1 }
				],
				"shear": [
					{ "time": 0, "x": 0, "y": 0 }
				]
			},
			"29": {
				"rotate": [
					{ "time": 0, "angle": 0 }
				],
				"translate": [
					{ "time": 0, "x": 0, "y": 0 }
				],
				"scale": [
					{ "time": 0, "x": 1, "y": 1 }
				],
				"shear": [
					{ "time": 0, "x": 0, "y": 0 }
				]
			},
			"28": {
				"rotate": [
					{ "time": 0, "angle": 0 }
				],
				"translate": [
					{ "time": 0, "x": 0, "y": 0 }
				],
				"scale": [
					{ "time": 0, "x": 1, "y": 1 }
				],
				"shear": [
					{ "time": 0, "x": 0, "y": 0 }
				]
			},
			"24": {
				"rotate": [
					{ "time": 0, "angle": 0 }
				],
				"translate": [
					{ "time": 0, "x": 0, "y": 0 }
				],
				"scale": [
					{ "time": 0, "x": 1, "y": 1 }
				],
				"shear": [
					{ "time": 0, "x": 0, "y": 0 }
				]
			},
			"25": {
				"rotate": [
					{ "time": 0, "angle": 0 }
				],
				"translate": [
					{ "time": 0, "x": 0, "y": 0 }
				],
				"scale": [
					{ "time": 0, "x": 1, "y": 1 }
				],
				"shear": [
					{ "time": 0, "x": 0, "y": 0 }
				]
			},
			"23": {
				"rotate": [
					{ "time": 0, "angle": 0 }
				],
				"translate": [
					{ "time": 0, "x": 0, "y": 0 }
				],
				"scale": [
					{ "time": 0, "x": 1, "y": 1 }
				],
				"shear": [
					{ "time": 0, "x": 0, "y": 0 }
				]
			},
			"26": {
				"rotate": [
					{ "time": 0, "angle": 0 }
				],
				"translate": [
					{ "time": 0, "x": 0, "y": 0 }
				],
				"scale": [
					{ "time": 0, "x": 1, "y": 1 }
				],
				"shear": [
					{ "time": 0, "x": 0, "y": 0 }
				]
			},
			"22": {
				"rotate": [
					{ "time": 0, "angle": 0 }
				],
				"translate": [
					{ "time": 0, "x": 0, "y": 0 }
				],
				"scale": [
					{ "time": 0, "x": 1, "y": 1 }
				],
				"shear": [
					{ "time": 0, "x": 0, "y": 0 }
				]
			}
		}
	},
	"shouji": {
		"bones": {
			"root": {
				"rotate": [
					{ "time": 0, "angle": 0, "curve": "stepped" },
					{ "time": 0.6667, "angle": 0 }
				],
				"translate": [
					{ "time": 0, "x": 0, "y": 0, "curve": "stepped" },
					{ "time": 0.6667, "x": 0, "y": 0 }
				],
				"scale": [
					{ "time": 0, "x": 1, "y": 1, "curve": "stepped" },
					{ "time": 0.6667, "x": 1, "y": 1 }
				],
				"shear": [
					{ "time": 0, "x": 0, "y": 0, "curve": "stepped" },
					{ "time": 0.6667, "x": 0, "y": 0 }
				]
			},
			"bone": {
				"rotate": [
					{ "time": 0, "angle": 0, "curve": "stepped" },
					{ "time": 0.6667, "angle": 0 }
				],
				"translate": [
					{ "time": 0, "x": 0, "y": 0, "curve": "stepped" },
					{ "time": 0.6667, "x": 0, "y": 0 }
				],
				"scale": [
					{ "time": 0, "x": 1, "y": 1, "curve": "stepped" },
					{ "time": 0.6667, "x": 1, "y": 1 }
				],
				"shear": [
					{ "time": 0, "x": 0, "y": 0, "curve": "stepped" },
					{ "time": 0.6667, "x": 0, "y": 0 }
				]
			},
			"6": {
				"rotate": [
					{ "time": 0, "angle": 0, "curve": "stepped" },
					{ "time": 0.6667, "angle": 0 }
				],
				"translate": [
					{
						"time": 0,
						"x": 0,
						"y": 0,
						"curve": [ 0.195, 0.61, 0.75, 1 ]
					},
					{
						"time": 0.1333,
						"x": 0,
						"y": 71.16,
						"curve": [ 0.25, 0, 0.828, 0.56 ]
					},
					{
						"time": 0.4,
						"x": 0,
						"y": -13.08,
						"curve": [ 0.177, 0.24, 0.75, 1 ]
					},
					{ "time": 0.6667, "x": 0, "y": 0 }
				],
				"scale": [
					{
						"time": 0,
						"x": 1,
						"y": 1,
						"curve": [ 0.284, 0, 0.625, 0.38 ]
					},
					{
						"time": 0.1333,
						"x": 1.093,
						"y": 1.155,
						"curve": [ 0.32, 0.29, 0.757, 1 ]
					},
					{ "time": 0.4, "x": 1, "y": 1, "curve": "stepped" },
					{ "time": 0.6667, "x": 1, "y": 1 }
				],
				"shear": [
					{ "time": 0, "x": 0, "y": 0, "curve": "stepped" },
					{ "time": 0.6667, "x": 0, "y": 0 }
				]
			},
			"7": {
				"rotate": [
					{
						"time": 0,
						"angle": 0,
						"curve": [ 0.25, 0, 0.75, 1 ]
					},
					{
						"time": 0.1333,
						"angle": -9.48,
						"curve": [ 0.25, 0, 0.625, 0.5 ]
					},
					{
						"time": 0.4,
						"angle": 6.7,
						"curve": [ 0.375, 0.5, 0.75, 1 ]
					},
					{ "time": 0.6667, "angle": 0 }
				],
				"translate": [
					{ "time": 0, "x": 0, "y": 0, "curve": "stepped" },
					{ "time": 0.6667, "x": 0, "y": 0 }
				],
				"scale": [
					{ "time": 0, "x": 1, "y": 1, "curve": "stepped" },
					{ "time": 0.6667, "x": 1, "y": 1 }
				],
				"shear": [
					{ "time": 0, "x": 0, "y": 0, "curve": "stepped" },
					{ "time": 0.6667, "x": 0, "y": 0 }
				]
			},
			"8": {
				"rotate": [
					{
						"time": 0,
						"angle": 0,
						"curve": [ 0.232, 0.28, 0.75, 1 ]
					},
					{
						"time": 0.0667,
						"angle": 8.5,
						"curve": [ 0.25, 0, 0.75, 1 ]
					},
					{
						"time": 0.4,
						"angle": 4.11,
						"curve": [ 0.25, 0, 0.828, 0.78 ]
					},
					{ "time": 0.6667, "angle": 0 }
				],
				"translate": [
					{ "time": 0, "x": 0, "y": 0, "curve": "stepped" },
					{ "time": 0.6667, "x": 0, "y": 0 }
				],
				"scale": [
					{ "time": 0, "x": 1, "y": 1, "curve": "stepped" },
					{ "time": 0.6667, "x": 1, "y": 1 }
				],
				"shear": [
					{ "time": 0, "x": 0, "y": 0, "curve": "stepped" },
					{ "time": 0.6667, "x": 0, "y": 0 }
				]
			},
			"9": {
				"rotate": [
					{
						"time": 0,
						"angle": 0,
						"curve": [ 0.25, 0, 0.75, 1 ]
					},
					{
						"time": 0.1333,
						"angle": 10.45,
						"curve": [ 0.25, 0, 0.75, 1 ]
					},
					{ "time": 0.6667, "angle": 0 }
				],
				"translate": [
					{ "time": 0, "x": 0, "y": 0, "curve": "stepped" },
					{ "time": 0.6667, "x": 0, "y": 0 }
				],
				"scale": [
					{ "time": 0, "x": 1, "y": 1, "curve": "stepped" },
					{ "time": 0.6667, "x": 1, "y": 1 }
				],
				"shear": [
					{ "time": 0, "x": 0, "y": 0, "curve": "stepped" },
					{ "time": 0.6667, "x": 0, "y": 0 }
				]
			},
			"10": {
				"rotate": [
					{
						"time": 0,
						"angle": 0,
						"curve": [ 0.232, 0.28, 0.75, 1 ]
					},
					{
						"time": 0.0667,
						"angle": -4.42,
						"curve": [ 0.25, 0, 0.75, 1 ]
					},
					{
						"time": 0.4,
						"angle": -3.32,
						"curve": [ 0.25, 0, 0.828, 0.78 ]
					},
					{ "time": 0.6667, "angle": 0 }
				],
				"translate": [
					{ "time": 0, "x": 0, "y": 0, "curve": "stepped" },
					{ "time": 0.6667, "x": 0, "y": 0 }
				],
				"scale": [
					{ "time": 0, "x": 1, "y": 1, "curve": "stepped" },
					{ "time": 0.6667, "x": 1, "y": 1 }
				],
				"shear": [
					{ "time": 0, "x": 0, "y": 0, "curve": "stepped" },
					{ "time": 0.6667, "x": 0, "y": 0 }
				]
			},
			"11": {
				"rotate": [
					{
						"time": 0,
						"angle": 0,
						"curve": [ 0.25, 0, 0.75, 1 ]
					},
					{
						"time": 0.1333,
						"angle": 13.21,
						"curve": [ 0.25, 0, 0.75, 1 ]
					},
					{ "time": 0.6667, "angle": 0 }
				],
				"translate": [
					{ "time": 0, "x": 0, "y": 0, "curve": "stepped" },
					{ "time": 0.6667, "x": 0, "y": 0 }
				],
				"scale": [
					{ "time": 0, "x": 1, "y": 1, "curve": "stepped" },
					{ "time": 0.6667, "x": 1, "y": 1 }
				],
				"shear": [
					{ "time": 0, "x": 0, "y": 0, "curve": "stepped" },
					{ "time": 0.6667, "x": 0, "y": 0 }
				]
			},
			"12": {
				"rotate": [
					{
						"time": 0,
						"angle": 0,
						"curve": [ 0.232, 0.28, 0.75, 1 ]
					},
					{
						"time": 0.0667,
						"angle": -11.23,
						"curve": [ 0.25, 0, 0.75, 1 ]
					},
					{
						"time": 0.4,
						"angle": 26.24,
						"curve": [ 0.25, 0, 0.828, 0.78 ]
					},
					{ "time": 0.6667, "angle": 0 }
				],
				"translate": [
					{ "time": 0, "x": 0, "y": 0, "curve": "stepped" },
					{ "time": 0.6667, "x": 0, "y": 0 }
				],
				"scale": [
					{ "time": 0, "x": 1, "y": 1, "curve": "stepped" },
					{ "time": 0.6667, "x": 1, "y": 1 }
				],
				"shear": [
					{ "time": 0, "x": 0, "y": 0, "curve": "stepped" },
					{ "time": 0.6667, "x": 0, "y": 0 }
				]
			},
			"13": {
				"rotate": [
					{
						"time": 0,
						"angle": 0,
						"curve": [ 0.25, 0, 0.75, 1 ]
					},
					{
						"time": 0.1333,
						"angle": 17.27,
						"curve": [ 0.25, 0, 0.75, 1 ]
					},
					{ "time": 0.6667, "angle": 0 }
				],
				"translate": [
					{ "time": 0, "x": 0, "y": 0, "curve": "stepped" },
					{ "time": 0.6667, "x": 0, "y": 0 }
				],
				"scale": [
					{ "time": 0, "x": 1, "y": 1, "curve": "stepped" },
					{ "time": 0.6667, "x": 1, "y": 1 }
				],
				"shear": [
					{ "time": 0, "x": 0, "y": 0, "curve": "stepped" },
					{ "time": 0.6667, "x": 0, "y": 0 }
				]
			},
			"14": {
				"rotate": [
					{
						"time": 0,
						"angle": 0,
						"curve": [ 0.276, 0, 0.621, 0.4 ]
					},
					{
						"time": 0.0667,
						"angle": -5.99,
						"curve": [ 0.25, 0, 0.75, 1 ]
					},
					{
						"time": 0.4,
						"angle": 9.9,
						"curve": [ 0.379, 0.6, 0.724, 1 ]
					},
					{ "time": 0.6667, "angle": 0 }
				],
				"translate": [
					{ "time": 0, "x": 0, "y": 0, "curve": "stepped" },
					{ "time": 0.6667, "x": 0, "y": 0 }
				],
				"scale": [
					{ "time": 0, "x": 1, "y": 1, "curve": "stepped" },
					{ "time": 0.6667, "x": 1, "y": 1 }
				],
				"shear": [
					{ "time": 0, "x": 0, "y": 0, "curve": "stepped" },
					{ "time": 0.6667, "x": 0, "y": 0 }
				]
			},
			"4": {
				"rotate": [
					{
						"time": 0,
						"angle": 0,
						"curve": [ 0.186, 0.23, 0.75, 1 ]
					},
					{
						"time": 0.0667,
						"angle": 6.81,
						"curve": [ 0.242, 0, 0.667, 0.67 ]
					},
					{
						"time": 0.4,
						"angle": -18.63,
						"curve": [ 0.379, 0.6, 0.724, 1 ]
					},
					{ "time": 0.6667, "angle": 0 }
				],
				"translate": [
					{ "time": 0, "x": 0, "y": 0, "curve": "stepped" },
					{ "time": 0.6667, "x": 0, "y": 0 }
				],
				"scale": [
					{ "time": 0, "x": 1, "y": 1, "curve": "stepped" },
					{ "time": 0.6667, "x": 1, "y": 1 }
				],
				"shear": [
					{ "time": 0, "x": 0, "y": 0, "curve": "stepped" },
					{ "time": 0.6667, "x": 0, "y": 0 }
				]
			},
			"5": {
				"rotate": [
					{
						"time": 0,
						"angle": 0,
						"curve": [ 0.284, 0, 0.625, 0.38 ]
					},
					{
						"time": 0.1333,
						"angle": 17.01,
						"curve": [ 0.311, 0.26, 0.651, 0.61 ]
					},
					{ "time": 0.6667, "angle": 0 }
				],
				"translate": [
					{ "time": 0, "x": 0, "y": 0, "curve": "stepped" },
					{ "time": 0.6667, "x": 0, "y": 0 }
				],
				"scale": [
					{ "time": 0, "x": 1, "y": 1, "curve": "stepped" },
					{ "time": 0.6667, "x": 1, "y": 1 }
				],
				"shear": [
					{ "time": 0, "x": 0, "y": 0, "curve": "stepped" },
					{ "time": 0.6667, "x": 0, "y": 0 }
				]
			},
			"3": {
				"rotate": [
					{ "time": 0, "angle": 0, "curve": "stepped" },
					{ "time": 0.6667, "angle": 0 }
				],
				"translate": [
					{ "time": 0, "x": 0, "y": 0, "curve": "stepped" },
					{ "time": 0.6667, "x": 0, "y": 0 }
				],
				"scale": [
					{ "time": 0, "x": 1, "y": 1, "curve": "stepped" },
					{ "time": 0.6667, "x": 1, "y": 1 }
				],
				"shear": [
					{ "time": 0, "x": 0, "y": 0, "curve": "stepped" },
					{ "time": 0.6667, "x": 0, "y": 0 }
				]
			},
			"1": {
				"rotate": [
					{
						"time": 0,
						"angle": 0,
						"curve": [ 0.25, 0, 0.75, 1 ]
					},
					{
						"time": 0.1333,
						"angle": -12.09,
						"curve": [ 0.25, 0, 0.75, 1 ]
					},
					{ "time": 0.6667, "angle": 0 }
				],
				"translate": [
					{ "time": 0, "x": 0, "y": 0, "curve": "stepped" },
					{ "time": 0.6667, "x": 0, "y": 0 }
				],
				"scale": [
					{ "time": 0, "x": 1, "y": 1, "curve": "stepped" },
					{ "time": 0.6667, "x": 1, "y": 1 }
				],
				"shear": [
					{ "time": 0, "x": 0, "y": 0, "curve": "stepped" },
					{ "time": 0.6667, "x": 0, "y": 0 }
				]
			},
			"2": {
				"rotate": [
					{
						"time": 0,
						"angle": 0,
						"curve": [ 0.19, 0.23, 0.75, 1 ]
					},
					{
						"time": 0.0667,
						"angle": 11.96,
						"curve": [ 0.25, 0, 0.75, 1 ]
					},
					{
						"time": 0.4,
						"angle": -10.32,
						"curve": [ 0.25, 0, 0.81, 0.75 ]
					},
					{ "time": 0.6667, "angle": 0 }
				],
				"translate": [
					{ "time": 0, "x": 0, "y": 0, "curve": "stepped" },
					{ "time": 0.6667, "x": 0, "y": 0 }
				],
				"scale": [
					{ "time": 0, "x": 1, "y": 1, "curve": "stepped" },
					{ "time": 0.6667, "x": 1, "y": 1 }
				],
				"shear": [
					{ "time": 0, "x": 0, "y": 0, "curve": "stepped" },
					{ "time": 0.6667, "x": 0, "y": 0 }
				]
			},
			"15": {
				"rotate": [
					{
						"time": 0,
						"angle": 0,
						"curve": [ 0.284, 0, 0.625, 0.38 ]
					},
					{
						"time": 0.1333,
						"angle": 13.48,
						"curve": [ 0.303, 0.24, 0.661, 0.65 ]
					},
					{
						"time": 0.4,
						"angle": 28.46,
						"curve": [ 0.381, 0.55, 0.742, 1 ]
					},
					{ "time": 0.6667, "angle": 0 }
				],
				"translate": [
					{ "time": 0, "x": 0, "y": 0, "curve": "stepped" },
					{ "time": 0.6667, "x": 0, "y": 0 }
				],
				"scale": [
					{ "time": 0, "x": 1, "y": 1, "curve": "stepped" },
					{ "time": 0.6667, "x": 1, "y": 1 }
				],
				"shear": [
					{ "time": 0, "x": 0, "y": 0, "curve": "stepped" },
					{ "time": 0.6667, "x": 0, "y": 0 }
				]
			},
			"16": {
				"rotate": [
					{
						"time": 0,
						"angle": 0,
						"curve": [ 0.25, 0, 0.625, 0.5 ]
					},
					{
						"time": 0.1333,
						"angle": -4.12,
						"curve": [ 0.343, 0.36, 0.686, 0.73 ]
					},
					{
						"time": 0.4,
						"angle": 26.68,
						"curve": [ 0.379, 0.6, 0.724, 1 ]
					},
					{ "time": 0.6667, "angle": 0 }
				],
				"translate": [
					{ "time": 0, "x": 0, "y": 0, "curve": "stepped" },
					{ "time": 0.6667, "x": 0, "y": 0 }
				],
				"scale": [
					{ "time": 0, "x": 1, "y": 1, "curve": "stepped" },
					{ "time": 0.6667, "x": 1, "y": 1 }
				],
				"shear": [
					{ "time": 0, "x": 0, "y": 0, "curve": "stepped" },
					{ "time": 0.6667, "x": 0, "y": 0 }
				]
			},
			"17": {
				"rotate": [
					{
						"time": 0,
						"angle": 0,
						"curve": [ 0.284, 0, 0.625, 0.38 ]
					},
					{
						"time": 0.1333,
						"angle": 32.4,
						"curve": [ 0.303, 0.24, 0.661, 0.65 ]
					},
					{
						"time": 0.4,
						"angle": -14.13,
						"curve": [ 0.381, 0.55, 0.742, 1 ]
					},
					{ "time": 0.6667, "angle": 0 }
				],
				"translate": [
					{
						"time": 0,
						"x": 0,
						"y": 0,
						"curve": [ 0.284, 0, 0.625, 0.38 ]
					},
					{
						"time": 0.1333,
						"x": -2.26,
						"y": -4.32,
						"curve": [ 0.32, 0.29, 0.757, 1 ]
					},
					{ "time": 0.6667, "x": 0, "y": 0 }
				],
				"scale": [
					{ "time": 0, "x": 1, "y": 1, "curve": "stepped" },
					{ "time": 0.6667, "x": 1, "y": 1 }
				],
				"shear": [
					{ "time": 0, "x": 0, "y": 0, "curve": "stepped" },
					{ "time": 0.6667, "x": 0, "y": 0 }
				]
			},
			"18": {
				"rotate": [
					{
						"time": 0,
						"angle": 0,
						"curve": [ 0.25, 0, 0.75, 1 ]
					},
					{
						"time": 0.1333,
						"angle": 2.23,
						"curve": [ 0.25, 0, 0.75, 1 ]
					},
					{ "time": 0.6667, "angle": 0 }
				],
				"translate": [
					{ "time": 0, "x": 0, "y": 0, "curve": "stepped" },
					{ "time": 0.6667, "x": 0, "y": 0 }
				],
				"scale": [
					{ "time": 0, "x": 1, "y": 1, "curve": "stepped" },
					{ "time": 0.6667, "x": 1, "y": 1 }
				],
				"shear": [
					{ "time": 0, "x": 0, "y": 0, "curve": "stepped" },
					{ "time": 0.6667, "x": 0, "y": 0 }
				]
			},
			"19": {
				"rotate": [
					{
						"time": 0,
						"angle": 0,
						"curve": [ 0.181, 0.23, 0.75, 1 ]
					},
					{
						"time": 0.0667,
						"angle": -14.81,
						"curve": [ 0.25, 0, 0.75, 1 ]
					},
					{
						"time": 0.4,
						"angle": 13.46,
						"curve": [ 0.25, 0, 0.823, 0.76 ]
					},
					{ "time": 0.6667, "angle": 0 }
				],
				"translate": [
					{ "time": 0, "x": 0, "y": 0, "curve": "stepped" },
					{ "time": 0.6667, "x": 0, "y": 0 }
				],
				"scale": [
					{ "time": 0, "x": 1, "y": 1, "curve": "stepped" },
					{ "time": 0.6667, "x": 1, "y": 1 }
				],
				"shear": [
					{ "time": 0, "x": 0, "y": 0, "curve": "stepped" },
					{ "time": 0.6667, "x": 0, "y": 0 }
				]
			},
			"20": {
				"rotate": [
					{ "time": 0, "angle": 0, "curve": "stepped" },
					{ "time": 0.4, "angle": 0, "curve": "stepped" },
					{ "time": 0.6667, "angle": 0 }
				],
				"translate": [
					{
						"time": 0,
						"x": 0,
						"y": 0,
						"curve": [ 0.25, 0, 0.75, 1 ]
					},
					{
						"time": 0.1333,
						"x": 0,
						"y": 24.51,
						"curve": [ 0.25, 0, 0.823, 0.54 ]
					},
					{ "time": 0.4, "x": 0, "y": -11.92 },
					{ "time": 0.6667, "x": 0, "y": 0 }
				],
				"scale": [
					{
						"time": 0,
						"x": 1,
						"y": 1,
						"curve": [ 0.25, 0, 0.75, 1 ]
					},
					{
						"time": 0.1333,
						"x": 1.155,
						"y": 1.155,
						"curve": [ 0.25, 0, 0.823, 0.54 ]
					},
					{ "time": 0.4, "x": 1, "y": 1, "curve": "stepped" },
					{ "time": 0.6667, "x": 1, "y": 1 }
				],
				"shear": [
					{ "time": 0, "x": 0, "y": 0, "curve": "stepped" },
					{ "time": 0.4, "x": 0, "y": 0, "curve": "stepped" },
					{ "time": 0.6667, "x": 0, "y": 0 }
				]
			},
			"21": {
				"rotate": [
					{ "time": 0, "angle": 0, "curve": "stepped" },
					{ "time": 0.6667, "angle": 0 }
				],
				"translate": [
					{
						"time": 0,
						"x": 0,
						"y": 0,
						"curve": [ 0.25, 0, 0.75, 1 ]
					},
					{
						"time": 0.1333,
						"x": 0,
						"y": 34.94,
						"curve": [ 0.25, 0, 0.86, 0.55 ]
					},
					{ "time": 0.4333, "x": 0, "y": -6.08 },
					{ "time": 0.6667, "x": 0, "y": 0 }
				],
				"scale": [
					{ "time": 0, "x": 1, "y": 1, "curve": "stepped" },
					{ "time": 0.6667, "x": 1, "y": 1 }
				],
				"shear": [
					{ "time": 0, "x": 0, "y": 0, "curve": "stepped" },
					{ "time": 0.6667, "x": 0, "y": 0 }
				]
			},
			"yinying": {
				"scale": [
					{ "time": 0, "x": 1, "y": 1 },
					{ "time": 0.1333, "x": 0.865, "y": 0.865 },
					{ "time": 0.4, "x": 1, "y": 1 }
				]
			},
			"27": {
				"rotate": [
					{ "time": 0, "angle": 0 },
					{ "time": 0.1333, "angle": -48.76 },
					{ "time": 0.4, "angle": -14.67 },
					{ "time": 0.6667, "angle": 0 }
				],
				"translate": [
					{ "time": 0, "x": 0, "y": 0, "curve": "stepped" },
					{ "time": 0.6667, "x": 0, "y": 0 }
				],
				"scale": [
					{ "time": 0, "x": 1, "y": 1, "curve": "stepped" },
					{ "time": 0.6667, "x": 1, "y": 1 }
				],
				"shear": [
					{ "time": 0, "x": 0, "y": 0, "curve": "stepped" },
					{ "time": 0.6667, "x": 0, "y": 0 }
				]
			},
			"29": {
				"rotate": [
					{ "time": 0, "angle": 0, "curve": "stepped" },
					{ "time": 0.6667, "angle": 0 }
				],
				"translate": [
					{ "time": 0, "x": 0, "y": 0, "curve": "stepped" },
					{ "time": 0.6667, "x": 0, "y": 0 }
				],
				"scale": [
					{ "time": 0, "x": 1, "y": 1, "curve": "stepped" },
					{ "time": 0.6667, "x": 1, "y": 1 }
				],
				"shear": [
					{ "time": 0, "x": 0, "y": 0, "curve": "stepped" },
					{ "time": 0.6667, "x": 0, "y": 0 }
				]
			},
			"28": {
				"rotate": [
					{ "time": 0, "angle": 0 },
					{ "time": 0.1333, "angle": -32.66 },
					{ "time": 0.4, "angle": 22.77 },
					{ "time": 0.6667, "angle": 0 }
				],
				"translate": [
					{ "time": 0, "x": 0, "y": 0, "curve": "stepped" },
					{ "time": 0.6667, "x": 0, "y": 0 }
				],
				"scale": [
					{ "time": 0, "x": 1, "y": 1, "curve": "stepped" },
					{ "time": 0.6667, "x": 1, "y": 1 }
				],
				"shear": [
					{ "time": 0, "x": 0, "y": 0, "curve": "stepped" },
					{ "time": 0.6667, "x": 0, "y": 0 }
				]
			},
			"24": {
				"rotate": [
					{ "time": 0, "angle": 0 },
					{ "time": 0.1333, "angle": -27.58 },
					{ "time": 0.4, "angle": 3.53 },
					{ "time": 0.6667, "angle": 0 }
				],
				"translate": [
					{ "time": 0, "x": 0, "y": 0, "curve": "stepped" },
					{ "time": 0.6667, "x": 0, "y": 0 }
				],
				"scale": [
					{ "time": 0, "x": 1, "y": 1, "curve": "stepped" },
					{ "time": 0.6667, "x": 1, "y": 1 }
				],
				"shear": [
					{ "time": 0, "x": 0, "y": 0, "curve": "stepped" },
					{ "time": 0.6667, "x": 0, "y": 0 }
				]
			},
			"25": {
				"rotate": [
					{ "time": 0, "angle": 0 },
					{ "time": 0.1333, "angle": -18.21 },
					{ "time": 0.4, "angle": -2.54 },
					{ "time": 0.6667, "angle": 0 }
				],
				"translate": [
					{ "time": 0, "x": 0, "y": 0, "curve": "stepped" },
					{ "time": 0.6667, "x": 0, "y": 0 }
				],
				"scale": [
					{ "time": 0, "x": 1, "y": 1, "curve": "stepped" },
					{ "time": 0.6667, "x": 1, "y": 1 }
				],
				"shear": [
					{ "time": 0, "x": 0, "y": 0, "curve": "stepped" },
					{ "time": 0.6667, "x": 0, "y": 0 }
				]
			},
			"23": {
				"rotate": [
					{ "time": 0, "angle": 0, "curve": "stepped" },
					{ "time": 0.6667, "angle": 0 }
				],
				"translate": [
					{ "time": 0, "x": 0, "y": 0, "curve": "stepped" },
					{ "time": 0.6667, "x": 0, "y": 0 }
				],
				"scale": [
					{ "time": 0, "x": 1, "y": 1, "curve": "stepped" },
					{ "time": 0.6667, "x": 1, "y": 1 }
				],
				"shear": [
					{ "time": 0, "x": 0, "y": 0, "curve": "stepped" },
					{ "time": 0.6667, "x": 0, "y": 0 }
				]
			},
			"26": {
				"rotate": [
					{ "time": 0, "angle": 0, "curve": "stepped" },
					{ "time": 0.6667, "angle": 0 }
				],
				"translate": [
					{ "time": 0, "x": 0, "y": 0, "curve": "stepped" },
					{ "time": 0.6667, "x": 0, "y": 0 }
				],
				"scale": [
					{ "time": 0, "x": 1, "y": 1, "curve": "stepped" },
					{ "time": 0.6667, "x": 1, "y": 1 }
				],
				"shear": [
					{ "time": 0, "x": 0, "y": 0, "curve": "stepped" },
					{ "time": 0.6667, "x": 0, "y": 0 }
				]
			},
			"22": {
				"rotate": [
					{ "time": 0, "angle": 0 },
					{ "time": 0.1333, "angle": -5.11 },
					{ "time": 0.4, "angle": 19.7 },
					{ "time": 0.6667, "angle": 0 }
				],
				"translate": [
					{ "time": 0, "x": 0, "y": 0, "curve": "stepped" },
					{ "time": 0.6667, "x": 0, "y": 0 }
				],
				"scale": [
					{ "time": 0, "x": 1, "y": 1, "curve": "stepped" },
					{ "time": 0.6667, "x": 1, "y": 1 }
				],
				"shear": [
					{ "time": 0, "x": 0, "y": 0, "curve": "stepped" },
					{ "time": 0.6667, "x": 0, "y": 0 }
				]
			}
		}
	},
	"ruchang": {
		"bones": {
			"root": {
				"rotate": [
					{ "time": 0, "angle": 0, "curve": "stepped" },
					{ "time": 0.7333, "angle": 0 }
				],
				"translate": [
					{ "time": 0, "x": 0, "y": 0, "curve": "stepped" },
					{ "time": 0.7333, "x": 0, "y": 0 }
				],
				"scale": [
					{ "time": 0, "x": 1, "y": 1, "curve": "stepped" },
					{ "time": 0.7333, "x": 1, "y": 1 }
				],
				"shear": [
					{ "time": 0, "x": 0, "y": 0, "curve": "stepped" },
					{ "time": 0.7333, "x": 0, "y": 0 }
				]
			},
			"bone": {
				"rotate": [
					{ "time": 0, "angle": 0, "curve": "stepped" },
					{ "time": 0.7333, "angle": 0 }
				],
				"translate": [
					{
						"time": 0,
						"x": 0,
						"y": -54.92,
						"curve": [ 0.172, 0.39, 0.75, 1 ]
					},
					{ "time": 0.2, "x": 0, "y": 0, "curve": "stepped" },
					{ "time": 0.7333, "x": 0, "y": 0 }
				],
				"scale": [
					{
						"time": 0,
						"x": 0.098,
						"y": 0.098,
						"curve": [ 0.172, 0.39, 0.75, 1 ]
					},
					{ "time": 0.2, "x": 1, "y": 1, "curve": "stepped" },
					{ "time": 0.7333, "x": 1, "y": 1 }
				],
				"shear": [
					{ "time": 0, "x": 0, "y": 0, "curve": "stepped" },
					{ "time": 0.7333, "x": 0, "y": 0 }
				]
			},
			"6": {
				"rotate": [
					{ "time": 0, "angle": 0, "curve": "stepped" },
					{ "time": 0.7333, "angle": 0 }
				],
				"translate": [
					{
						"time": 0,
						"x": 0,
						"y": 0,
						"curve": [ 0.195, 0.61, 0.75, 1 ]
					},
					{
						"time": 0.2,
						"x": 0,
						"y": 71.16,
						"curve": [ 0.25, 0, 0.828, 0.56 ]
					},
					{
						"time": 0.4667,
						"x": 0,
						"y": -13.08,
						"curve": [ 0.177, 0.24, 0.75, 1 ]
					},
					{ "time": 0.7333, "x": 0, "y": 0 }
				],
				"scale": [
					{
						"time": 0,
						"x": 1,
						"y": 1,
						"curve": [ 0.284, 0, 0.625, 0.38 ]
					},
					{
						"time": 0.2,
						"x": 1.093,
						"y": 1.155,
						"curve": [ 0.32, 0.29, 0.757, 1 ]
					},
					{ "time": 0.4667, "x": 1, "y": 1, "curve": "stepped" },
					{ "time": 0.7333, "x": 1, "y": 1 }
				],
				"shear": [
					{ "time": 0, "x": 0, "y": 0, "curve": "stepped" },
					{ "time": 0.7333, "x": 0, "y": 0 }
				]
			},
			"7": {
				"rotate": [
					{
						"time": 0,
						"angle": 0,
						"curve": [ 0.25, 0, 0.75, 1 ]
					},
					{
						"time": 0.2,
						"angle": -9.48,
						"curve": [ 0.25, 0, 0.625, 0.5 ]
					},
					{
						"time": 0.4667,
						"angle": 6.7,
						"curve": [ 0.375, 0.5, 0.75, 1 ]
					},
					{ "time": 0.7333, "angle": 0 }
				],
				"translate": [
					{ "time": 0, "x": 0, "y": 0, "curve": "stepped" },
					{ "time": 0.7333, "x": 0, "y": 0 }
				],
				"scale": [
					{ "time": 0, "x": 1, "y": 1, "curve": "stepped" },
					{ "time": 0.7333, "x": 1, "y": 1 }
				],
				"shear": [
					{ "time": 0, "x": 0, "y": 0, "curve": "stepped" },
					{ "time": 0.7333, "x": 0, "y": 0 }
				]
			},
			"8": {
				"rotate": [
					{
						"time": 0,
						"angle": 0,
						"curve": [ 0.232, 0.28, 0.75, 1 ]
					},
					{
						"time": 0.1,
						"angle": 8.5,
						"curve": [ 0.25, 0, 0.75, 1 ]
					},
					{
						"time": 0.4667,
						"angle": 4.11,
						"curve": [ 0.25, 0, 0.828, 0.78 ]
					},
					{ "time": 0.7333, "angle": 0 }
				],
				"translate": [
					{ "time": 0, "x": 0, "y": 0, "curve": "stepped" },
					{ "time": 0.7333, "x": 0, "y": 0 }
				],
				"scale": [
					{ "time": 0, "x": 1, "y": 1, "curve": "stepped" },
					{ "time": 0.7333, "x": 1, "y": 1 }
				],
				"shear": [
					{ "time": 0, "x": 0, "y": 0, "curve": "stepped" },
					{ "time": 0.7333, "x": 0, "y": 0 }
				]
			},
			"9": {
				"rotate": [
					{
						"time": 0,
						"angle": 0,
						"curve": [ 0.25, 0, 0.75, 1 ]
					},
					{
						"time": 0.2,
						"angle": 10.45,
						"curve": [ 0.25, 0, 0.75, 1 ]
					},
					{ "time": 0.7333, "angle": 0 }
				],
				"translate": [
					{ "time": 0, "x": 0, "y": 0, "curve": "stepped" },
					{ "time": 0.7333, "x": 0, "y": 0 }
				],
				"scale": [
					{ "time": 0, "x": 1, "y": 1, "curve": "stepped" },
					{ "time": 0.7333, "x": 1, "y": 1 }
				],
				"shear": [
					{ "time": 0, "x": 0, "y": 0, "curve": "stepped" },
					{ "time": 0.7333, "x": 0, "y": 0 }
				]
			},
			"10": {
				"rotate": [
					{
						"time": 0,
						"angle": 0,
						"curve": [ 0.232, 0.28, 0.75, 1 ]
					},
					{
						"time": 0.1,
						"angle": -4.42,
						"curve": [ 0.25, 0, 0.75, 1 ]
					},
					{
						"time": 0.4667,
						"angle": -3.32,
						"curve": [ 0.25, 0, 0.828, 0.78 ]
					},
					{ "time": 0.7333, "angle": 0 }
				],
				"translate": [
					{ "time": 0, "x": 0, "y": 0, "curve": "stepped" },
					{ "time": 0.7333, "x": 0, "y": 0 }
				],
				"scale": [
					{ "time": 0, "x": 1, "y": 1, "curve": "stepped" },
					{ "time": 0.7333, "x": 1, "y": 1 }
				],
				"shear": [
					{ "time": 0, "x": 0, "y": 0, "curve": "stepped" },
					{ "time": 0.7333, "x": 0, "y": 0 }
				]
			},
			"11": {
				"rotate": [
					{
						"time": 0,
						"angle": 0,
						"curve": [ 0.25, 0, 0.75, 1 ]
					},
					{
						"time": 0.2,
						"angle": 13.21,
						"curve": [ 0.25, 0, 0.75, 1 ]
					},
					{ "time": 0.7333, "angle": 0 }
				],
				"translate": [
					{ "time": 0, "x": 0, "y": 0, "curve": "stepped" },
					{ "time": 0.7333, "x": 0, "y": 0 }
				],
				"scale": [
					{ "time": 0, "x": 1, "y": 1, "curve": "stepped" },
					{ "time": 0.7333, "x": 1, "y": 1 }
				],
				"shear": [
					{ "time": 0, "x": 0, "y": 0, "curve": "stepped" },
					{ "time": 0.7333, "x": 0, "y": 0 }
				]
			},
			"12": {
				"rotate": [
					{
						"time": 0,
						"angle": 0,
						"curve": [ 0.232, 0.28, 0.75, 1 ]
					},
					{
						"time": 0.1,
						"angle": -11.23,
						"curve": [ 0.25, 0, 0.75, 1 ]
					},
					{
						"time": 0.4667,
						"angle": 26.24,
						"curve": [ 0.25, 0, 0.828, 0.78 ]
					},
					{ "time": 0.7333, "angle": 0 }
				],
				"translate": [
					{ "time": 0, "x": 0, "y": 0, "curve": "stepped" },
					{ "time": 0.7333, "x": 0, "y": 0 }
				],
				"scale": [
					{ "time": 0, "x": 1, "y": 1, "curve": "stepped" },
					{ "time": 0.7333, "x": 1, "y": 1 }
				],
				"shear": [
					{ "time": 0, "x": 0, "y": 0, "curve": "stepped" },
					{ "time": 0.7333, "x": 0, "y": 0 }
				]
			},
			"13": {
				"rotate": [
					{
						"time": 0,
						"angle": 0,
						"curve": [ 0.25, 0, 0.75, 1 ]
					},
					{
						"time": 0.2,
						"angle": 17.27,
						"curve": [ 0.25, 0, 0.75, 1 ]
					},
					{ "time": 0.7333, "angle": 0 }
				],
				"translate": [
					{ "time": 0, "x": 0, "y": 0, "curve": "stepped" },
					{ "time": 0.7333, "x": 0, "y": 0 }
				],
				"scale": [
					{ "time": 0, "x": 1, "y": 1, "curve": "stepped" },
					{ "time": 0.7333, "x": 1, "y": 1 }
				],
				"shear": [
					{ "time": 0, "x": 0, "y": 0, "curve": "stepped" },
					{ "time": 0.7333, "x": 0, "y": 0 }
				]
			},
			"14": {
				"rotate": [
					{
						"time": 0,
						"angle": 0,
						"curve": [ 0.276, 0, 0.621, 0.4 ]
					},
					{
						"time": 0.1,
						"angle": -5.99,
						"curve": [ 0.25, 0, 0.75, 1 ]
					},
					{
						"time": 0.4667,
						"angle": 9.9,
						"curve": [ 0.379, 0.6, 0.724, 1 ]
					},
					{ "time": 0.7333, "angle": 0 }
				],
				"translate": [
					{ "time": 0, "x": 0, "y": 0, "curve": "stepped" },
					{ "time": 0.7333, "x": 0, "y": 0 }
				],
				"scale": [
					{ "time": 0, "x": 1, "y": 1, "curve": "stepped" },
					{ "time": 0.7333, "x": 1, "y": 1 }
				],
				"shear": [
					{ "time": 0, "x": 0, "y": 0, "curve": "stepped" },
					{ "time": 0.7333, "x": 0, "y": 0 }
				]
			},
			"4": {
				"rotate": [
					{
						"time": 0,
						"angle": 0,
						"curve": [ 0.186, 0.23, 0.75, 1 ]
					},
					{
						"time": 0.1,
						"angle": 6.81,
						"curve": [ 0.242, 0, 0.667, 0.67 ]
					},
					{
						"time": 0.4667,
						"angle": -18.63,
						"curve": [ 0.379, 0.6, 0.724, 1 ]
					},
					{ "time": 0.7333, "angle": 0 }
				],
				"translate": [
					{ "time": 0, "x": 0, "y": 0, "curve": "stepped" },
					{ "time": 0.7333, "x": 0, "y": 0 }
				],
				"scale": [
					{ "time": 0, "x": 1, "y": 1, "curve": "stepped" },
					{ "time": 0.7333, "x": 1, "y": 1 }
				],
				"shear": [
					{ "time": 0, "x": 0, "y": 0, "curve": "stepped" },
					{ "time": 0.7333, "x": 0, "y": 0 }
				]
			},
			"5": {
				"rotate": [
					{
						"time": 0,
						"angle": 0,
						"curve": [ 0.284, 0, 0.625, 0.38 ]
					},
					{
						"time": 0.2,
						"angle": 17.01,
						"curve": [ 0.311, 0.26, 0.651, 0.61 ]
					},
					{ "time": 0.7333, "angle": 0 }
				],
				"translate": [
					{ "time": 0, "x": 0, "y": 0, "curve": "stepped" },
					{ "time": 0.7333, "x": 0, "y": 0 }
				],
				"scale": [
					{ "time": 0, "x": 1, "y": 1, "curve": "stepped" },
					{ "time": 0.7333, "x": 1, "y": 1 }
				],
				"shear": [
					{ "time": 0, "x": 0, "y": 0, "curve": "stepped" },
					{ "time": 0.7333, "x": 0, "y": 0 }
				]
			},
			"3": {
				"rotate": [
					{ "time": 0, "angle": 0, "curve": "stepped" },
					{ "time": 0.7333, "angle": 0 }
				],
				"translate": [
					{ "time": 0, "x": 0, "y": 0, "curve": "stepped" },
					{ "time": 0.7333, "x": 0, "y": 0 }
				],
				"scale": [
					{ "time": 0, "x": 1, "y": 1, "curve": "stepped" },
					{ "time": 0.7333, "x": 1, "y": 1 }
				],
				"shear": [
					{ "time": 0, "x": 0, "y": 0, "curve": "stepped" },
					{ "time": 0.7333, "x": 0, "y": 0 }
				]
			},
			"1": {
				"rotate": [
					{
						"time": 0,
						"angle": 0,
						"curve": [ 0.25, 0, 0.75, 1 ]
					},
					{
						"time": 0.2,
						"angle": -12.09,
						"curve": [ 0.25, 0, 0.75, 1 ]
					},
					{ "time": 0.7333, "angle": 0 }
				],
				"translate": [
					{ "time": 0, "x": 0, "y": 0, "curve": "stepped" },
					{ "time": 0.7333, "x": 0, "y": 0 }
				],
				"scale": [
					{ "time": 0, "x": 1, "y": 1, "curve": "stepped" },
					{ "time": 0.7333, "x": 1, "y": 1 }
				],
				"shear": [
					{ "time": 0, "x": 0, "y": 0, "curve": "stepped" },
					{ "time": 0.7333, "x": 0, "y": 0 }
				]
			},
			"2": {
				"rotate": [
					{
						"time": 0,
						"angle": 0,
						"curve": [ 0.19, 0.23, 0.75, 1 ]
					},
					{
						"time": 0.1,
						"angle": 11.96,
						"curve": [ 0.25, 0, 0.75, 1 ]
					},
					{
						"time": 0.4667,
						"angle": -10.32,
						"curve": [ 0.25, 0, 0.81, 0.75 ]
					},
					{ "time": 0.7333, "angle": 0 }
				],
				"translate": [
					{ "time": 0, "x": 0, "y": 0, "curve": "stepped" },
					{ "time": 0.7333, "x": 0, "y": 0 }
				],
				"scale": [
					{ "time": 0, "x": 1, "y": 1, "curve": "stepped" },
					{ "time": 0.7333, "x": 1, "y": 1 }
				],
				"shear": [
					{ "time": 0, "x": 0, "y": 0, "curve": "stepped" },
					{ "time": 0.7333, "x": 0, "y": 0 }
				]
			},
			"15": {
				"rotate": [
					{
						"time": 0,
						"angle": 0,
						"curve": [ 0.284, 0, 0.625, 0.38 ]
					},
					{
						"time": 0.2,
						"angle": 13.48,
						"curve": [ 0.303, 0.24, 0.661, 0.65 ]
					},
					{
						"time": 0.4667,
						"angle": 28.46,
						"curve": [ 0.381, 0.55, 0.742, 1 ]
					},
					{ "time": 0.7333, "angle": 0 }
				],
				"translate": [
					{ "time": 0, "x": 0, "y": 0, "curve": "stepped" },
					{ "time": 0.7333, "x": 0, "y": 0 }
				],
				"scale": [
					{ "time": 0, "x": 1, "y": 1, "curve": "stepped" },
					{ "time": 0.7333, "x": 1, "y": 1 }
				],
				"shear": [
					{ "time": 0, "x": 0, "y": 0, "curve": "stepped" },
					{ "time": 0.7333, "x": 0, "y": 0 }
				]
			},
			"16": {
				"rotate": [
					{
						"time": 0,
						"angle": 0,
						"curve": [ 0.25, 0, 0.625, 0.5 ]
					},
					{
						"time": 0.2,
						"angle": -4.12,
						"curve": [ 0.343, 0.36, 0.686, 0.73 ]
					},
					{
						"time": 0.4667,
						"angle": 26.68,
						"curve": [ 0.379, 0.6, 0.724, 1 ]
					},
					{ "time": 0.7333, "angle": 0 }
				],
				"translate": [
					{ "time": 0, "x": 0, "y": 0, "curve": "stepped" },
					{ "time": 0.7333, "x": 0, "y": 0 }
				],
				"scale": [
					{ "time": 0, "x": 1, "y": 1, "curve": "stepped" },
					{ "time": 0.7333, "x": 1, "y": 1 }
				],
				"shear": [
					{ "time": 0, "x": 0, "y": 0, "curve": "stepped" },
					{ "time": 0.7333, "x": 0, "y": 0 }
				]
			},
			"17": {
				"rotate": [
					{
						"time": 0,
						"angle": 0,
						"curve": [ 0.284, 0, 0.625, 0.38 ]
					},
					{
						"time": 0.2,
						"angle": 32.4,
						"curve": [ 0.303, 0.24, 0.661, 0.65 ]
					},
					{
						"time": 0.4667,
						"angle": -14.13,
						"curve": [ 0.381, 0.55, 0.742, 1 ]
					},
					{ "time": 0.7333, "angle": 0 }
				],
				"translate": [
					{
						"time": 0,
						"x": 0,
						"y": 0,
						"curve": [ 0.284, 0, 0.625, 0.38 ]
					},
					{
						"time": 0.2,
						"x": -2.26,
						"y": -4.32,
						"curve": [ 0.32, 0.29, 0.757, 1 ]
					},
					{ "time": 0.7333, "x": 0, "y": 0 }
				],
				"scale": [
					{ "time": 0, "x": 1, "y": 1, "curve": "stepped" },
					{ "time": 0.7333, "x": 1, "y": 1 }
				],
				"shear": [
					{ "time": 0, "x": 0, "y": 0, "curve": "stepped" },
					{ "time": 0.7333, "x": 0, "y": 0 }
				]
			},
			"18": {
				"rotate": [
					{
						"time": 0,
						"angle": 0,
						"curve": [ 0.25, 0, 0.75, 1 ]
					},
					{
						"time": 0.2,
						"angle": 2.23,
						"curve": [ 0.25, 0, 0.75, 1 ]
					},
					{ "time": 0.7333, "angle": 0 }
				],
				"translate": [
					{ "time": 0, "x": 0, "y": 0, "curve": "stepped" },
					{ "time": 0.7333, "x": 0, "y": 0 }
				],
				"scale": [
					{ "time": 0, "x": 1, "y": 1, "curve": "stepped" },
					{ "time": 0.7333, "x": 1, "y": 1 }
				],
				"shear": [
					{ "time": 0, "x": 0, "y": 0, "curve": "stepped" },
					{ "time": 0.7333, "x": 0, "y": 0 }
				]
			},
			"19": {
				"rotate": [
					{
						"time": 0,
						"angle": 0,
						"curve": [ 0.181, 0.23, 0.75, 1 ]
					},
					{
						"time": 0.1,
						"angle": -14.81,
						"curve": [ 0.25, 0, 0.75, 1 ]
					},
					{
						"time": 0.4667,
						"angle": 13.46,
						"curve": [ 0.25, 0, 0.823, 0.76 ]
					},
					{ "time": 0.7333, "angle": 0 }
				],
				"translate": [
					{ "time": 0, "x": 0, "y": 0, "curve": "stepped" },
					{ "time": 0.7333, "x": 0, "y": 0 }
				],
				"scale": [
					{ "time": 0, "x": 1, "y": 1, "curve": "stepped" },
					{ "time": 0.7333, "x": 1, "y": 1 }
				],
				"shear": [
					{ "time": 0, "x": 0, "y": 0, "curve": "stepped" },
					{ "time": 0.7333, "x": 0, "y": 0 }
				]
			},
			"20": {
				"rotate": [
					{ "time": 0, "angle": 0, "curve": "stepped" },
					{ "time": 0.4667, "angle": 0, "curve": "stepped" },
					{ "time": 0.7333, "angle": 0 }
				],
				"translate": [
					{
						"time": 0,
						"x": 0,
						"y": 0,
						"curve": [ 0.25, 0, 0.75, 1 ]
					},
					{
						"time": 0.2,
						"x": 0,
						"y": 24.51,
						"curve": [ 0.25, 0, 0.823, 0.54 ]
					},
					{ "time": 0.4667, "x": 0, "y": -11.92 },
					{ "time": 0.7333, "x": 0, "y": 0 }
				],
				"scale": [
					{
						"time": 0,
						"x": 1,
						"y": 1,
						"curve": [ 0.25, 0, 0.75, 1 ]
					},
					{
						"time": 0.2,
						"x": 1.155,
						"y": 1.155,
						"curve": [ 0.25, 0, 0.823, 0.54 ]
					},
					{ "time": 0.4667, "x": 1, "y": 1, "curve": "stepped" },
					{ "time": 0.7333, "x": 1, "y": 1 }
				],
				"shear": [
					{ "time": 0, "x": 0, "y": 0, "curve": "stepped" },
					{ "time": 0.4667, "x": 0, "y": 0, "curve": "stepped" },
					{ "time": 0.7333, "x": 0, "y": 0 }
				]
			},
			"21": {
				"rotate": [
					{ "time": 0, "angle": 0, "curve": "stepped" },
					{ "time": 0.7333, "angle": 0 }
				],
				"translate": [
					{
						"time": 0,
						"x": 0,
						"y": 0,
						"curve": [ 0.25, 0, 0.75, 1 ]
					},
					{
						"time": 0.2,
						"x": 0,
						"y": 34.94,
						"curve": [ 0.25, 0, 0.86, 0.55 ]
					},
					{ "time": 0.5, "x": 0, "y": -6.08 },
					{ "time": 0.7333, "x": 0, "y": 0 }
				],
				"scale": [
					{ "time": 0, "x": 1, "y": 1, "curve": "stepped" },
					{ "time": 0.7333, "x": 1, "y": 1 }
				],
				"shear": [
					{ "time": 0, "x": 0, "y": 0, "curve": "stepped" },
					{ "time": 0.7333, "x": 0, "y": 0 }
				]
			},
			"27": {
				"rotate": [
					{ "time": 0, "angle": 0 },
					{ "time": 0.2, "angle": -51.78 },
					{ "time": 0.5, "angle": 1.37 },
					{ "time": 0.7333, "angle": 0 }
				],
				"translate": [
					{ "time": 0, "x": 0, "y": 0, "curve": "stepped" },
					{ "time": 0.7333, "x": 0, "y": 0 }
				],
				"scale": [
					{ "time": 0, "x": 1, "y": 1, "curve": "stepped" },
					{ "time": 0.7333, "x": 1, "y": 1 }
				],
				"shear": [
					{ "time": 0, "x": 0, "y": 0, "curve": "stepped" },
					{ "time": 0.7333, "x": 0, "y": 0 }
				]
			},
			"29": {
				"rotate": [
					{ "time": 0, "angle": 0, "curve": "stepped" },
					{ "time": 0.7333, "angle": 0 }
				],
				"translate": [
					{ "time": 0, "x": 0, "y": 0, "curve": "stepped" },
					{ "time": 0.7333, "x": 0, "y": 0 }
				],
				"scale": [
					{ "time": 0, "x": 1, "y": 1, "curve": "stepped" },
					{ "time": 0.7333, "x": 1, "y": 1 }
				],
				"shear": [
					{ "time": 0, "x": 0, "y": 0, "curve": "stepped" },
					{ "time": 0.7333, "x": 0, "y": 0 }
				]
			},
			"28": {
				"rotate": [
					{ "time": 0, "angle": 0 },
					{ "time": 0.2, "angle": -40.85 },
					{ "time": 0.5, "angle": 8.85 },
					{ "time": 0.7333, "angle": 0 }
				],
				"translate": [
					{ "time": 0, "x": 0, "y": 0, "curve": "stepped" },
					{ "time": 0.7333, "x": 0, "y": 0 }
				],
				"scale": [
					{ "time": 0, "x": 1, "y": 1, "curve": "stepped" },
					{ "time": 0.7333, "x": 1, "y": 1 }
				],
				"shear": [
					{ "time": 0, "x": 0, "y": 0, "curve": "stepped" },
					{ "time": 0.7333, "x": 0, "y": 0 }
				]
			},
			"24": {
				"rotate": [
					{ "time": 0, "angle": 0 },
					{ "time": 0.2, "angle": -21.25 },
					{ "time": 0.5, "angle": 9.42 },
					{ "time": 0.7333, "angle": 0 }
				],
				"translate": [
					{ "time": 0, "x": 0, "y": 0, "curve": "stepped" },
					{ "time": 0.7333, "x": 0, "y": 0 }
				],
				"scale": [
					{ "time": 0, "x": 1, "y": 1, "curve": "stepped" },
					{ "time": 0.7333, "x": 1, "y": 1 }
				],
				"shear": [
					{ "time": 0, "x": 0, "y": 0, "curve": "stepped" },
					{ "time": 0.7333, "x": 0, "y": 0 }
				]
			},
			"25": {
				"rotate": [
					{ "time": 0, "angle": 0 },
					{ "time": 0.2, "angle": -32.79 },
					{ "time": 0.7333, "angle": 0 }
				],
				"translate": [
					{ "time": 0, "x": 0, "y": 0, "curve": "stepped" },
					{ "time": 0.7333, "x": 0, "y": 0 }
				],
				"scale": [
					{ "time": 0, "x": 1, "y": 1, "curve": "stepped" },
					{ "time": 0.7333, "x": 1, "y": 1 }
				],
				"shear": [
					{ "time": 0, "x": 0, "y": 0, "curve": "stepped" },
					{ "time": 0.7333, "x": 0, "y": 0 }
				]
			},
			"23": {
				"rotate": [
					{ "time": 0, "angle": 0, "curve": "stepped" },
					{ "time": 0.7333, "angle": 0 }
				],
				"translate": [
					{ "time": 0, "x": 0, "y": 0, "curve": "stepped" },
					{ "time": 0.7333, "x": 0, "y": 0 }
				],
				"scale": [
					{ "time": 0, "x": 1, "y": 1, "curve": "stepped" },
					{ "time": 0.7333, "x": 1, "y": 1 }
				],
				"shear": [
					{ "time": 0, "x": 0, "y": 0, "curve": "stepped" },
					{ "time": 0.7333, "x": 0, "y": 0 }
				]
			},
			"26": {
				"rotate": [
					{ "time": 0, "angle": 0, "curve": "stepped" },
					{ "time": 0.7333, "angle": 0 }
				],
				"translate": [
					{ "time": 0, "x": 0, "y": 0, "curve": "stepped" },
					{ "time": 0.7333, "x": 0, "y": 0 }
				],
				"scale": [
					{ "time": 0, "x": 1, "y": 1, "curve": "stepped" },
					{ "time": 0.7333, "x": 1, "y": 1 }
				],
				"shear": [
					{ "time": 0, "x": 0, "y": 0, "curve": "stepped" },
					{ "time": 0.7333, "x": 0, "y": 0 }
				]
			},
			"22": {
				"rotate": [
					{ "time": 0, "angle": 0 },
					{ "time": 0.2, "angle": -6.37 },
					{ "time": 0.5, "angle": 20.13 },
					{ "time": 0.7333, "angle": 0 }
				],
				"translate": [
					{ "time": 0, "x": 0, "y": 0, "curve": "stepped" },
					{ "time": 0.7333, "x": 0, "y": 0 }
				],
				"scale": [
					{ "time": 0, "x": 1, "y": 1, "curve": "stepped" },
					{ "time": 0.7333, "x": 1, "y": 1 }
				],
				"shear": [
					{ "time": 0, "x": 0, "y": 0, "curve": "stepped" },
					{ "time": 0.7333, "x": 0, "y": 0 }
				]
			}
		}
	}
}
}